24/09/2026 18:18:46.941 Log started.
24/09/2026 18:18:46.941 Unprotecting memory region '.text': 0x00001000 (size: 0x00456000)
24/09/2026 18:18:46.941 Unprotecting memory region '.rdata': 0x00458000 (size: 0x0004C000)
24/09/2026 18:18:46.941 Unprotecting memory region '.text': 0x008B1000 (size: 0x0064A000)
24/09/2026 18:18:46.941 Parsing FXT file AllMissions - English.fxt
24/09/2026 18:18:46.944 Added FXT[RCFC]
24/09/2026 18:18:46.944 Added FXT[TRBC]
24/09/2026 18:18:46.944 Added FXT[LV]
24/09/2026 18:18:46.944 Added FXT[BLA]
24/09/2026 18:18:46.944 Added FXT[CJ]
24/09/2026 18:18:46.944 Added FXT[JB]
24/09/2026 18:18:46.944 Added FXT[MT]
24/09/2026 18:18:46.944 Added FXT[FDC]
24/09/2026 18:18:46.944 Added FXT[CR]
24/09/2026 18:18:46.944 Added FXT[MD]
24/09/2026 18:18:46.944 Added FXT[MS]
24/09/2026 18:18:46.944 Added FXT[MIS01]
24/09/2026 18:18:46.944 Added FXT[MIS02]
24/09/2026 18:18:46.944 Added FXT[MIS03]
24/09/2026 18:18:46.944 Added FXT[MIS04]
24/09/2026 18:18:46.944 Added FXT[MIS05]
24/09/2026 18:18:46.944 Added FXT[MIS06]
24/09/2026 18:18:46.944 Added FXT[MIS07]
24/09/2026 18:18:46.944 Added FXT[MIS08]
24/09/2026 18:18:46.944 Added FXT[MIS09]
24/09/2026 18:18:46.944 Added FXT[MIS10]
24/09/2026 18:18:46.944 Added FXT[MIS11]
24/09/2026 18:18:46.944 Added FXT[MIS12]
24/09/2026 18:18:46.944 Added FXT[MIS13]
24/09/2026 18:18:46.944 Added FXT[MIS14]
24/09/2026 18:18:46.944 Added FXT[MIS15]
24/09/2026 18:18:46.944 Added FXT[MIS16]
24/09/2026 18:18:46.945 Added FXT[MIS17]
24/09/2026 18:18:46.945 Added FXT[MIS18]
24/09/2026 18:18:46.945 Added FXT[MIS19]
24/09/2026 18:18:46.945 Added FXT[MIS20]
24/09/2026 18:18:46.945 Added FXT[MIS21]
24/09/2026 18:18:46.945 Added FXT[MIS22]
24/09/2026 18:18:46.945 Added FXT[MIS23]
24/09/2026 18:18:46.945 Added FXT[MIS24]
24/09/2026 18:18:46.945 Added FXT[MIS25]
24/09/2026 18:18:46.945 Added FXT[MIS26]
24/09/2026 18:18:46.945 Added FXT[MIS27]
24/09/2026 18:18:46.945 Added FXT[MIS28]
24/09/2026 18:18:46.945 Added FXT[MIS29]
24/09/2026 18:18:46.945 Added FXT[MIS30]
24/09/2026 18:18:46.945 Added FXT[MIS31]
24/09/2026 18:18:46.945 Added FXT[MIS32]
24/09/2026 18:18:46.945 Added FXT[MIS33]
24/09/2026 18:18:46.945 Added FXT[MIS34]
24/09/2026 18:18:46.945 Added FXT[MIS35]
24/09/2026 18:18:46.945 Added FXT[MIS36]
24/09/2026 18:18:46.945 Added FXT[MIS37]
24/09/2026 18:18:46.945 Added FXT[MIS38]
24/09/2026 18:18:46.945 Added FXT[MIS39]
24/09/2026 18:18:46.945 Added FXT[MIS40]
24/09/2026 18:18:46.945 Added FXT[MIS41]
24/09/2026 18:18:46.945 Added FXT[MIS42]
24/09/2026 18:18:46.945 Added FXT[MIS43]
24/09/2026 18:18:46.945 Added FXT[MIS44]
24/09/2026 18:18:46.945 Added FXT[MIS45]
24/09/2026 18:18:46.945 Added FXT[MIS46]
24/09/2026 18:18:46.945 Added FXT[MIS47]
24/09/2026 18:18:46.945 Added FXT[MIS48]
24/09/2026 18:18:46.945 Added FXT[MIS49]
24/09/2026 18:18:46.945 Added FXT[MIS50]
24/09/2026 18:18:46.945 Added FXT[MIS51]
24/09/2026 18:18:46.946 Added FXT[MIS52]
24/09/2026 18:18:46.946 Added FXT[MIS53]
24/09/2026 18:18:46.946 Added FXT[MIS54]
24/09/2026 18:18:46.946 Added FXT[MIS55]
24/09/2026 18:18:46.946 Added FXT[MIS56]
24/09/2026 18:18:46.946 Added FXT[MIS57]
24/09/2026 18:18:46.946 Added FXT[MIS58]
24/09/2026 18:18:46.946 Added FXT[MIS59]
24/09/2026 18:18:46.946 Added FXT[MIS60]
24/09/2026 18:18:46.946 Added FXT[MIS61]
24/09/2026 18:18:46.946 Added FXT[MIS62]
24/09/2026 18:18:46.946 Added FXT[MIS63]
24/09/2026 18:18:46.946 Added FXT[MIS64]
24/09/2026 18:18:46.946 Added FXT[MIS65]
24/09/2026 18:18:46.946 Added FXT[MIS66]
24/09/2026 18:18:46.946 Added FXT[MIS67]
24/09/2026 18:18:46.946 Added FXT[MIS68]
24/09/2026 18:18:46.946 Added FXT[MIS69]
24/09/2026 18:18:46.946 Added FXT[MIS70]
24/09/2026 18:18:46.946 Added FXT[MIS71]
24/09/2026 18:18:46.946 Added FXT[MIS72]
24/09/2026 18:18:46.946 Added FXT[MIS73]
24/09/2026 18:18:46.946 Added FXT[MIS74]
24/09/2026 18:18:46.946 Added FXT[MIS75]
24/09/2026 18:18:46.946 Added FXT[MIS76]
24/09/2026 18:18:46.946 Added FXT[MIS77]
24/09/2026 18:18:46.946 Added FXT[MIS78]
24/09/2026 18:18:46.946 Added FXT[MIS79]
24/09/2026 18:18:46.946 Added FXT[MIS80]
24/09/2026 18:18:46.946 Added FXT[MIS81]
24/09/2026 18:18:46.946 Added FXT[MIS82]
24/09/2026 18:18:46.946 Added FXT[MIS83]
24/09/2026 18:18:46.946 Added FXT[MIS84]
24/09/2026 18:18:46.947 Added FXT[MIS85]
24/09/2026 18:18:46.947 Added FXT[MIS86]
24/09/2026 18:18:46.947 Added FXT[MIS87]
24/09/2026 18:18:46.947 Added FXT[MIS88]
24/09/2026 18:18:46.947 Added FXT[MIS89]
24/09/2026 18:18:46.947 Added FXT[MIS90]
24/09/2026 18:18:46.947 Added FXT[MIS91]
24/09/2026 18:18:46.947 Added FXT[MIS92]
24/09/2026 18:18:46.947 Added FXT[MIS93]
24/09/2026 18:18:46.947 Added FXT[MIS94]
24/09/2026 18:18:46.947 Added FXT[MIS95]
24/09/2026 18:18:46.947 Added FXT[MIS96]
24/09/2026 18:18:46.947 Added FXT[MIS97]
24/09/2026 18:18:46.947 Added FXT[MIS98]
24/09/2026 18:18:46.947 Added FXT[MIS99]
24/09/2026 18:18:46.947 Added FXT[MIS100]
24/09/2026 18:18:46.947 Added FXT[MIS101]
24/09/2026 18:18:46.947 Added FXT[MIS102]
24/09/2026 18:18:46.948 Added FXT[ABORT]
24/09/2026 18:18:46.948 Added FXT[TELE]
24/09/2026 18:18:46.948 Added FXT[TELENO]
24/09/2026 18:18:46.948 Added FXT[RIOT]
24/09/2026 18:18:46.948 Added FXT[EN]
24/09/2026 18:18:46.948 Added FXT[DIS]
24/09/2026 18:18:46.948 Added FXT[GAME]
24/09/2026 18:18:46.948 Added FXT[TCFU]
24/09/2026 18:18:46.948 Added FXT[DLT]
24/09/2026 18:18:46.948 Added FXT[GGSM]
24/09/2026 18:18:46.948 Added FXT[LGRTB]
24/09/2026 18:18:46.948 Added FXT[ITB]
24/09/2026 18:18:46.948 Added FXT[BACK]
24/09/2026 18:18:46.948 Added FXT[CLOSE]
24/09/2026 18:18:46.948 Added FXT[COPY]
24/09/2026 18:18:46.948 Parsing FXT file AllMissions - German.fxt
24/09/2026 18:18:46.950 Attempting to add FXT 'RCFC' - FAILED (GXT conflict)
24/09/2026 18:18:46.950 Attempting to add FXT 'TRBC' - FAILED (GXT conflict)
24/09/2026 18:18:46.950 Attempting to add FXT 'LV' - FAILED (GXT conflict)
24/09/2026 18:18:46.950 Attempting to add FXT 'BLA' - FAILED (GXT conflict)
24/09/2026 18:18:46.951 Attempting to add FXT 'CJ' - FAILED (GXT conflict)
24/09/2026 18:18:46.951 Attempting to add FXT 'JB' - FAILED (GXT conflict)
24/09/2026 18:18:46.951 Attempting to add FXT 'MT' - FAILED (GXT conflict)
24/09/2026 18:18:46.951 Attempting to add FXT 'FDC' - FAILED (GXT conflict)
24/09/2026 18:18:46.951 Attempting to add FXT 'CR' - FAILED (GXT conflict)
24/09/2026 18:18:46.951 Attempting to add FXT 'MD' - FAILED (GXT conflict)
24/09/2026 18:18:46.951 Attempting to add FXT 'MS' - FAILED (GXT conflict)
24/09/2026 18:18:46.951 Attempting to add FXT 'MIS01' - FAILED (GXT conflict)
24/09/2026 18:18:46.951 Attempting to add FXT 'MIS02' - FAILED (GXT conflict)
24/09/2026 18:18:46.951 Attempting to add FXT 'MIS03' - FAILED (GXT conflict)
24/09/2026 18:18:46.951 Attempting to add FXT 'MIS04' - FAILED (GXT conflict)
24/09/2026 18:18:46.951 Attempting to add FXT 'MIS05' - FAILED (GXT conflict)
24/09/2026 18:18:46.951 Attempting to add FXT 'MIS06' - FAILED (GXT conflict)
24/09/2026 18:18:46.951 Attempting to add FXT 'MIS07' - FAILED (GXT conflict)
24/09/2026 18:18:46.951 Attempting to add FXT 'MIS08' - FAILED (GXT conflict)
24/09/2026 18:18:46.951 Attempting to add FXT 'MIS09' - FAILED (GXT conflict)
24/09/2026 18:18:46.951 Attempting to add FXT 'MIS10' - FAILED (GXT conflict)
24/09/2026 18:18:46.951 Attempting to add FXT 'MIS11' - FAILED (GXT conflict)
24/09/2026 18:18:46.951 Attempting to add FXT 'MIS12' - FAILED (GXT conflict)
24/09/2026 18:18:46.951 Attempting to add FXT 'MIS13' - FAILED (GXT conflict)
24/09/2026 18:18:46.951 Attempting to add FXT 'MIS14' - FAILED (GXT conflict)
24/09/2026 18:18:46.951 Attempting to add FXT 'MIS15' - FAILED (GXT conflict)
24/09/2026 18:18:46.951 Attempting to add FXT 'MIS16' - FAILED (GXT conflict)
24/09/2026 18:18:46.951 Attempting to add FXT 'MIS17' - FAILED (GXT conflict)
24/09/2026 18:18:46.951 Attempting to add FXT 'MIS18' - FAILED (GXT conflict)
24/09/2026 18:18:46.951 Attempting to add FXT 'MIS19' - FAILED (GXT conflict)
24/09/2026 18:18:46.951 Attempting to add FXT 'MIS20' - FAILED (GXT conflict)
24/09/2026 18:18:46.951 Attempting to add FXT 'MIS21' - FAILED (GXT conflict)
24/09/2026 18:18:46.951 Attempting to add FXT 'MIS22' - FAILED (GXT conflict)
24/09/2026 18:18:46.951 Attempting to add FXT 'MIS23' - FAILED (GXT conflict)
24/09/2026 18:18:46.951 Attempting to add FXT 'MIS24' - FAILED (GXT conflict)
24/09/2026 18:18:46.951 Attempting to add FXT 'MIS25' - FAILED (GXT conflict)
24/09/2026 18:18:46.951 Attempting to add FXT 'MIS26' - FAILED (GXT conflict)
24/09/2026 18:18:46.951 Attempting to add FXT 'MIS27' - FAILED (GXT conflict)
24/09/2026 18:18:46.951 Attempting to add FXT 'MIS28' - FAILED (GXT conflict)
24/09/2026 18:18:46.952 Attempting to add FXT 'MIS29' - FAILED (GXT conflict)
24/09/2026 18:18:46.952 Attempting to add FXT 'MIS30' - FAILED (GXT conflict)
24/09/2026 18:18:46.952 Attempting to add FXT 'MIS31' - FAILED (GXT conflict)
24/09/2026 18:18:46.952 Attempting to add FXT 'MIS32' - FAILED (GXT conflict)
24/09/2026 18:18:46.952 Attempting to add FXT 'MIS33' - FAILED (GXT conflict)
24/09/2026 18:18:46.952 Attempting to add FXT 'MIS34' - FAILED (GXT conflict)
24/09/2026 18:18:46.952 Attempting to add FXT 'MIS35' - FAILED (GXT conflict)
24/09/2026 18:18:46.952 Attempting to add FXT 'MIS36' - FAILED (GXT conflict)
24/09/2026 18:18:46.952 Attempting to add FXT 'MIS37' - FAILED (GXT conflict)
24/09/2026 18:18:46.952 Attempting to add FXT 'MIS38' - FAILED (GXT conflict)
24/09/2026 18:18:46.952 Attempting to add FXT 'MIS39' - FAILED (GXT conflict)
24/09/2026 18:18:46.952 Attempting to add FXT 'MIS40' - FAILED (GXT conflict)
24/09/2026 18:18:46.952 Attempting to add FXT 'MIS41' - FAILED (GXT conflict)
24/09/2026 18:18:46.952 Attempting to add FXT 'MIS42' - FAILED (GXT conflict)
24/09/2026 18:18:46.952 Attempting to add FXT 'MIS43' - FAILED (GXT conflict)
24/09/2026 18:18:46.952 Attempting to add FXT 'MIS44' - FAILED (GXT conflict)
24/09/2026 18:18:46.952 Attempting to add FXT 'MIS45' - FAILED (GXT conflict)
24/09/2026 18:18:46.952 Attempting to add FXT 'MIS46' - FAILED (GXT conflict)
24/09/2026 18:18:46.952 Attempting to add FXT 'MIS47' - FAILED (GXT conflict)
24/09/2026 18:18:46.952 Attempting to add FXT 'MIS48' - FAILED (GXT conflict)
24/09/2026 18:18:46.952 Attempting to add FXT 'MIS49' - FAILED (GXT conflict)
24/09/2026 18:18:46.952 Attempting to add FXT 'MIS50' - FAILED (GXT conflict)
24/09/2026 18:18:46.952 Attempting to add FXT 'MIS51' - FAILED (GXT conflict)
24/09/2026 18:18:46.952 Attempting to add FXT 'MIS52' - FAILED (GXT conflict)
24/09/2026 18:18:46.952 Attempting to add FXT 'MIS53' - FAILED (GXT conflict)
24/09/2026 18:18:46.952 Attempting to add FXT 'MIS54' - FAILED (GXT conflict)
24/09/2026 18:18:46.952 Attempting to add FXT 'MIS55' - FAILED (GXT conflict)
24/09/2026 18:18:46.952 Attempting to add FXT 'MIS56' - FAILED (GXT conflict)
24/09/2026 18:18:46.952 Attempting to add FXT 'MIS57' - FAILED (GXT conflict)
24/09/2026 18:18:46.952 Attempting to add FXT 'MIS58' - FAILED (GXT conflict)
24/09/2026 18:18:46.952 Attempting to add FXT 'MIS59' - FAILED (GXT conflict)
24/09/2026 18:18:46.953 Attempting to add FXT 'MIS60' - FAILED (GXT conflict)
24/09/2026 18:18:46.953 Attempting to add FXT 'MIS61' - FAILED (GXT conflict)
24/09/2026 18:18:46.953 Attempting to add FXT 'MIS62' - FAILED (GXT conflict)
24/09/2026 18:18:46.953 Attempting to add FXT 'MIS63' - FAILED (GXT conflict)
24/09/2026 18:18:46.953 Attempting to add FXT 'MIS64' - FAILED (GXT conflict)
24/09/2026 18:18:46.953 Attempting to add FXT 'MIS65' - FAILED (GXT conflict)
24/09/2026 18:18:46.953 Attempting to add FXT 'MIS66' - FAILED (GXT conflict)
24/09/2026 18:18:46.953 Attempting to add FXT 'MIS67' - FAILED (GXT conflict)
24/09/2026 18:18:46.953 Attempting to add FXT 'MIS68' - FAILED (GXT conflict)
24/09/2026 18:18:46.953 Attempting to add FXT 'MIS69' - FAILED (GXT conflict)
24/09/2026 18:18:46.953 Attempting to add FXT 'MIS70' - FAILED (GXT conflict)
24/09/2026 18:18:46.953 Attempting to add FXT 'MIS71' - FAILED (GXT conflict)
24/09/2026 18:18:46.953 Attempting to add FXT 'MIS72' - FAILED (GXT conflict)
24/09/2026 18:18:46.953 Attempting to add FXT 'MIS73' - FAILED (GXT conflict)
24/09/2026 18:18:46.953 Attempting to add FXT 'MIS74' - FAILED (GXT conflict)
24/09/2026 18:18:46.953 Attempting to add FXT 'MIS75' - FAILED (GXT conflict)
24/09/2026 18:18:46.953 Attempting to add FXT 'MIS76' - FAILED (GXT conflict)
24/09/2026 18:18:46.953 Attempting to add FXT 'MIS77' - FAILED (GXT conflict)
24/09/2026 18:18:46.953 Attempting to add FXT 'MIS78' - FAILED (GXT conflict)
24/09/2026 18:18:46.953 Attempting to add FXT 'MIS79' - FAILED (GXT conflict)
24/09/2026 18:18:46.953 Attempting to add FXT 'MIS80' - FAILED (GXT conflict)
24/09/2026 18:18:46.953 Attempting to add FXT 'MIS81' - FAILED (GXT conflict)
24/09/2026 18:18:46.953 Attempting to add FXT 'MIS82' - FAILED (GXT conflict)
24/09/2026 18:18:46.953 Attempting to add FXT 'MIS83' - FAILED (GXT conflict)
24/09/2026 18:18:46.953 Attempting to add FXT 'MIS84' - FAILED (GXT conflict)
24/09/2026 18:18:46.953 Attempting to add FXT 'MIS85' - FAILED (GXT conflict)
24/09/2026 18:18:46.953 Attempting to add FXT 'MIS86' - FAILED (GXT conflict)
24/09/2026 18:18:46.953 Attempting to add FXT 'MIS87' - FAILED (GXT conflict)
24/09/2026 18:18:46.953 Attempting to add FXT 'MIS88' - FAILED (GXT conflict)
24/09/2026 18:18:46.953 Attempting to add FXT 'MIS89' - FAILED (GXT conflict)
24/09/2026 18:18:46.953 Attempting to add FXT 'MIS90' - FAILED (GXT conflict)
24/09/2026 18:18:46.953 Attempting to add FXT 'MIS91' - FAILED (GXT conflict)
24/09/2026 18:18:46.953 Attempting to add FXT 'MIS92' - FAILED (GXT conflict)
24/09/2026 18:18:46.953 Attempting to add FXT 'MIS93' - FAILED (GXT conflict)
24/09/2026 18:18:46.953 Attempting to add FXT 'MIS94' - FAILED (GXT conflict)
24/09/2026 18:18:46.953 Attempting to add FXT 'MIS95' - FAILED (GXT conflict)
24/09/2026 18:18:46.954 Attempting to add FXT 'MIS96' - FAILED (GXT conflict)
24/09/2026 18:18:46.954 Attempting to add FXT 'MIS97' - FAILED (GXT conflict)
24/09/2026 18:18:46.954 Attempting to add FXT 'MIS98' - FAILED (GXT conflict)
24/09/2026 18:18:46.954 Attempting to add FXT 'MIS99' - FAILED (GXT conflict)
24/09/2026 18:18:46.954 Attempting to add FXT 'MIS100' - FAILED (GXT conflict)
24/09/2026 18:18:46.954 Attempting to add FXT 'MIS101' - FAILED (GXT conflict)
24/09/2026 18:18:46.954 Attempting to add FXT 'MIS102' - FAILED (GXT conflict)
24/09/2026 18:18:46.954 Attempting to add FXT 'ABORT' - FAILED (GXT conflict)
24/09/2026 18:18:46.954 Attempting to add FXT 'TELE' - FAILED (GXT conflict)
24/09/2026 18:18:46.954 Attempting to add FXT 'TELENO' - FAILED (GXT conflict)
24/09/2026 18:18:46.954 Attempting to add FXT 'RIOT' - FAILED (GXT conflict)
24/09/2026 18:18:46.954 Attempting to add FXT 'EN' - FAILED (GXT conflict)
24/09/2026 18:18:46.954 Attempting to add FXT 'DIS' - FAILED (GXT conflict)
24/09/2026 18:18:46.954 Attempting to add FXT 'GAME' - FAILED (GXT conflict)
24/09/2026 18:18:46.954 Attempting to add FXT 'TCFU' - FAILED (GXT conflict)
24/09/2026 18:18:46.954 Attempting to add FXT 'DLT' - FAILED (GXT conflict)
24/09/2026 18:18:46.954 Attempting to add FXT 'GGSM' - FAILED (GXT conflict)
24/09/2026 18:18:46.954 Attempting to add FXT 'LGRTB' - FAILED (GXT conflict)
24/09/2026 18:18:46.954 Attempting to add FXT 'ITB' - FAILED (GXT conflict)
24/09/2026 18:18:46.954 Attempting to add FXT 'BACK' - FAILED (GXT conflict)
24/09/2026 18:18:46.954 Attempting to add FXT 'CLOSE' - FAILED (GXT conflict)
24/09/2026 18:18:46.954 Attempting to add FXT 'COPY' - FAILED (GXT conflict)
24/09/2026 18:18:46.954 Parsing FXT file AllMissions.fxt
24/09/2026 18:18:46.956 Attempting to add FXT 'MS' - FAILED (GXT conflict)
24/09/2026 18:18:46.956 Added FXT[LS1]
24/09/2026 18:18:46.956 Attempting to add FXT 'RCFC' - FAILED (GXT conflict)
24/09/2026 18:18:46.956 Added FXT[SF]
24/09/2026 18:18:46.956 Attempting to add FXT 'TRBC' - FAILED (GXT conflict)
24/09/2026 18:18:46.956 Attempting to add FXT 'LV' - FAILED (GXT conflict)
24/09/2026 18:18:46.957 Added FXT[LS2]
24/09/2026 18:18:46.957 Attempting to add FXT 'CJ' - FAILED (GXT conflict)
24/09/2026 18:18:46.957 Added FXT[LW]
24/09/2026 18:18:46.957 Added FXT[SJ]
24/09/2026 18:18:46.957 Added FXT[MH]
24/09/2026 18:18:46.957 Added FXT[JC]
24/09/2026 18:18:46.957 Added FXT[CEV]
24/09/2026 18:18:46.957 Added FXT[FT]
24/09/2026 18:18:46.957 Added FXT[CAT]
24/09/2026 18:18:46.957 Added FXT[TT]
24/09/2026 18:18:46.957 Added FXT[Z]
24/09/2026 18:18:46.957 Added FXT[T]
24/09/2026 18:18:46.957 Attempting to add FXT 'JB' - FAILED (GXT conflict)
24/09/2026 18:18:46.957 Added FXT[WZM]
24/09/2026 18:18:46.957 Attempting to add FXT 'MT' - FAILED (GXT conflict)
24/09/2026 18:18:46.957 Attempting to add FXT 'FDC' - FAILED (GXT conflict)
24/09/2026 18:18:46.957 Attempting to add FXT 'CR' - FAILED (GXT conflict)
24/09/2026 18:18:46.957 Added FXT[CC]
24/09/2026 18:18:46.957 Attempting to add FXT 'MD' - FAILED (GXT conflict)
24/09/2026 18:18:46.957 Attempting to add FXT 'MIS01' - FAILED (GXT conflict)
24/09/2026 18:18:46.957 Attempting to add FXT 'MIS02' - FAILED (GXT conflict)
24/09/2026 18:18:46.957 Attempting to add FXT 'MIS03' - FAILED (GXT conflict)
24/09/2026 18:18:46.957 Attempting to add FXT 'MIS04' - FAILED (GXT conflict)
24/09/2026 18:18:46.957 Attempting to add FXT 'MIS05' - FAILED (GXT conflict)
24/09/2026 18:18:46.957 Attempting to add FXT 'MIS06' - FAILED (GXT conflict)
24/09/2026 18:18:46.957 Attempting to add FXT 'MIS07' - FAILED (GXT conflict)
24/09/2026 18:18:46.957 Attempting to add FXT 'MIS08' - FAILED (GXT conflict)
24/09/2026 18:18:46.957 Attempting to add FXT 'MIS09' - FAILED (GXT conflict)
24/09/2026 18:18:46.957 Attempting to add FXT 'MIS10' - FAILED (GXT conflict)
24/09/2026 18:18:46.957 Attempting to add FXT 'MIS11' - FAILED (GXT conflict)
24/09/2026 18:18:46.957 Attempting to add FXT 'MIS12' - FAILED (GXT conflict)
24/09/2026 18:18:46.957 Attempting to add FXT 'MIS13' - FAILED (GXT conflict)
24/09/2026 18:18:46.957 Attempting to add FXT 'MIS14' - FAILED (GXT conflict)
24/09/2026 18:18:46.957 Attempting to add FXT 'MIS15' - FAILED (GXT conflict)
24/09/2026 18:18:46.958 Attempting to add FXT 'MIS16' - FAILED (GXT conflict)
24/09/2026 18:18:46.958 Attempting to add FXT 'MIS17' - FAILED (GXT conflict)
24/09/2026 18:18:46.958 Attempting to add FXT 'MIS18' - FAILED (GXT conflict)
24/09/2026 18:18:46.958 Attempting to add FXT 'MIS19' - FAILED (GXT conflict)
24/09/2026 18:18:46.958 Attempting to add FXT 'MIS20' - FAILED (GXT conflict)
24/09/2026 18:18:46.958 Attempting to add FXT 'MIS21' - FAILED (GXT conflict)
24/09/2026 18:18:46.958 Attempting to add FXT 'MIS22' - FAILED (GXT conflict)
24/09/2026 18:18:46.958 Attempting to add FXT 'MIS23' - FAILED (GXT conflict)
24/09/2026 18:18:46.958 Attempting to add FXT 'MIS24' - FAILED (GXT conflict)
24/09/2026 18:18:46.958 Attempting to add FXT 'MIS25' - FAILED (GXT conflict)
24/09/2026 18:18:46.958 Attempting to add FXT 'MIS26' - FAILED (GXT conflict)
24/09/2026 18:18:46.958 Attempting to add FXT 'MIS27' - FAILED (GXT conflict)
24/09/2026 18:18:46.958 Attempting to add FXT 'MIS28' - FAILED (GXT conflict)
24/09/2026 18:18:46.958 Attempting to add FXT 'MIS29' - FAILED (GXT conflict)
24/09/2026 18:18:46.958 Attempting to add FXT 'MIS30' - FAILED (GXT conflict)
24/09/2026 18:18:46.958 Attempting to add FXT 'MIS31' - FAILED (GXT conflict)
24/09/2026 18:18:46.958 Attempting to add FXT 'MIS32' - FAILED (GXT conflict)
24/09/2026 18:18:46.958 Attempting to add FXT 'MIS33' - FAILED (GXT conflict)
24/09/2026 18:18:46.958 Attempting to add FXT 'MIS34' - FAILED (GXT conflict)
24/09/2026 18:18:46.958 Attempting to add FXT 'MIS35' - FAILED (GXT conflict)
24/09/2026 18:18:46.958 Attempting to add FXT 'MIS36' - FAILED (GXT conflict)
24/09/2026 18:18:46.958 Attempting to add FXT 'MIS37' - FAILED (GXT conflict)
24/09/2026 18:18:46.958 Attempting to add FXT 'MIS38' - FAILED (GXT conflict)
24/09/2026 18:18:46.958 Attempting to add FXT 'MIS39' - FAILED (GXT conflict)
24/09/2026 18:18:46.958 Attempting to add FXT 'MIS40' - FAILED (GXT conflict)
24/09/2026 18:18:46.958 Attempting to add FXT 'MIS41' - FAILED (GXT conflict)
24/09/2026 18:18:46.958 Attempting to add FXT 'MIS42' - FAILED (GXT conflict)
24/09/2026 18:18:46.958 Attempting to add FXT 'MIS43' - FAILED (GXT conflict)
24/09/2026 18:18:46.958 Attempting to add FXT 'MIS44' - FAILED (GXT conflict)
24/09/2026 18:18:46.958 Attempting to add FXT 'MIS45' - FAILED (GXT conflict)
24/09/2026 18:18:46.958 Attempting to add FXT 'MIS46' - FAILED (GXT conflict)
24/09/2026 18:18:46.958 Attempting to add FXT 'MIS47' - FAILED (GXT conflict)
24/09/2026 18:18:46.958 Attempting to add FXT 'MIS48' - FAILED (GXT conflict)
24/09/2026 18:18:46.958 Attempting to add FXT 'MIS49' - FAILED (GXT conflict)
24/09/2026 18:18:46.958 Attempting to add FXT 'MIS50' - FAILED (GXT conflict)
24/09/2026 18:18:46.958 Attempting to add FXT 'MIS51' - FAILED (GXT conflict)
24/09/2026 18:18:46.959 Attempting to add FXT 'MIS52' - FAILED (GXT conflict)
24/09/2026 18:18:46.959 Attempting to add FXT 'MIS53' - FAILED (GXT conflict)
24/09/2026 18:18:46.959 Attempting to add FXT 'MIS54' - FAILED (GXT conflict)
24/09/2026 18:18:46.959 Attempting to add FXT 'MIS55' - FAILED (GXT conflict)
24/09/2026 18:18:46.959 Attempting to add FXT 'MIS56' - FAILED (GXT conflict)
24/09/2026 18:18:46.959 Attempting to add FXT 'MIS57' - FAILED (GXT conflict)
24/09/2026 18:18:46.959 Attempting to add FXT 'MIS58' - FAILED (GXT conflict)
24/09/2026 18:18:46.959 Attempting to add FXT 'MIS59' - FAILED (GXT conflict)
24/09/2026 18:18:46.959 Attempting to add FXT 'MIS60' - FAILED (GXT conflict)
24/09/2026 18:18:46.959 Attempting to add FXT 'MIS61' - FAILED (GXT conflict)
24/09/2026 18:18:46.959 Attempting to add FXT 'MIS62' - FAILED (GXT conflict)
24/09/2026 18:18:46.959 Attempting to add FXT 'MIS63' - FAILED (GXT conflict)
24/09/2026 18:18:46.959 Attempting to add FXT 'MIS64' - FAILED (GXT conflict)
24/09/2026 18:18:46.959 Attempting to add FXT 'MIS65' - FAILED (GXT conflict)
24/09/2026 18:18:46.959 Attempting to add FXT 'MIS66' - FAILED (GXT conflict)
24/09/2026 18:18:46.959 Attempting to add FXT 'MIS67' - FAILED (GXT conflict)
24/09/2026 18:18:46.959 Attempting to add FXT 'MIS68' - FAILED (GXT conflict)
24/09/2026 18:18:46.959 Attempting to add FXT 'MIS69' - FAILED (GXT conflict)
24/09/2026 18:18:46.959 Attempting to add FXT 'MIS70' - FAILED (GXT conflict)
24/09/2026 18:18:46.959 Attempting to add FXT 'MIS71' - FAILED (GXT conflict)
24/09/2026 18:18:46.959 Attempting to add FXT 'MIS72' - FAILED (GXT conflict)
24/09/2026 18:18:46.959 Attempting to add FXT 'MIS73' - FAILED (GXT conflict)
24/09/2026 18:18:46.959 Attempting to add FXT 'MIS74' - FAILED (GXT conflict)
24/09/2026 18:18:46.959 Attempting to add FXT 'MIS75' - FAILED (GXT conflict)
24/09/2026 18:18:46.959 Attempting to add FXT 'MIS76' - FAILED (GXT conflict)
24/09/2026 18:18:46.959 Attempting to add FXT 'MIS77' - FAILED (GXT conflict)
24/09/2026 18:18:46.959 Attempting to add FXT 'MIS78' - FAILED (GXT conflict)
24/09/2026 18:18:46.959 Attempting to add FXT 'MIS79' - FAILED (GXT conflict)
24/09/2026 18:18:46.959 Attempting to add FXT 'MIS80' - FAILED (GXT conflict)
24/09/2026 18:18:46.959 Attempting to add FXT 'MIS81' - FAILED (GXT conflict)
24/09/2026 18:18:46.959 Attempting to add FXT 'MIS82' - FAILED (GXT conflict)
24/09/2026 18:18:46.959 Attempting to add FXT 'MIS83' - FAILED (GXT conflict)
24/09/2026 18:18:46.959 Attempting to add FXT 'MIS84' - FAILED (GXT conflict)
24/09/2026 18:18:46.959 Attempting to add FXT 'MIS85' - FAILED (GXT conflict)
24/09/2026 18:18:46.959 Attempting to add FXT 'MIS86' - FAILED (GXT conflict)
24/09/2026 18:18:46.959 Attempting to add FXT 'MIS87' - FAILED (GXT conflict)
24/09/2026 18:18:46.959 Attempting to add FXT 'MIS88' - FAILED (GXT conflict)
24/09/2026 18:18:46.959 Attempting to add FXT 'MIS89' - FAILED (GXT conflict)
24/09/2026 18:18:46.959 Attempting to add FXT 'MIS90' - FAILED (GXT conflict)
24/09/2026 18:18:46.960 Attempting to add FXT 'MIS91' - FAILED (GXT conflict)
24/09/2026 18:18:46.960 Attempting to add FXT 'MIS92' - FAILED (GXT conflict)
24/09/2026 18:18:46.960 Attempting to add FXT 'MIS93' - FAILED (GXT conflict)
24/09/2026 18:18:46.960 Attempting to add FXT 'MIS94' - FAILED (GXT conflict)
24/09/2026 18:18:46.960 Attempting to add FXT 'MIS95' - FAILED (GXT conflict)
24/09/2026 18:18:46.960 Attempting to add FXT 'MIS96' - FAILED (GXT conflict)
24/09/2026 18:18:46.960 Attempting to add FXT 'MIS97' - FAILED (GXT conflict)
24/09/2026 18:18:46.960 Attempting to add FXT 'MIS98' - FAILED (GXT conflict)
24/09/2026 18:18:46.960 Attempting to add FXT 'MIS99' - FAILED (GXT conflict)
24/09/2026 18:18:46.960 Attempting to add FXT 'MIS100' - FAILED (GXT conflict)
24/09/2026 18:18:46.960 Attempting to add FXT 'MIS101' - FAILED (GXT conflict)
24/09/2026 18:18:46.960 Attempting to add FXT 'MIS102' - FAILED (GXT conflict)
24/09/2026 18:18:46.960 Attempting to add FXT 'ABORT' - FAILED (GXT conflict)
24/09/2026 18:18:46.960 Attempting to add FXT 'TELE' - FAILED (GXT conflict)
24/09/2026 18:18:46.960 Attempting to add FXT 'TELENO' - FAILED (GXT conflict)
24/09/2026 18:18:46.960 Attempting to add FXT 'BACK' - FAILED (GXT conflict)
24/09/2026 18:18:46.960 Attempting to add FXT 'CLOSE' - FAILED (GXT conflict)
24/09/2026 18:18:46.960 Parsing FXT file killcounter.fxt
24/09/2026 18:18:46.963 Added FXT[LVL_TXT]
24/09/2026 18:18:46.963 Added FXT[KIL_TXT]
24/09/2026 18:18:46.963 Parsing FXT file Tuning Mod.fxt
24/09/2026 18:18:46.965 Added FXT[_TM_3]
24/09/2026 18:18:46.965 Added FXT[_TM_4]
24/09/2026 18:18:46.965 Added FXT[_TM_5]
24/09/2026 18:18:46.965 Added FXT[_TM_6]
24/09/2026 18:18:46.965 Added FXT[_TM_8]
24/09/2026 18:18:46.965 Added FXT[_TM_10]
24/09/2026 18:18:46.965 Added FXT[_TM_11]
24/09/2026 18:18:46.965 Added FXT[_TM_12]
24/09/2026 18:18:46.966 Added FXT[_TM_13]
24/09/2026 18:18:46.966 Added FXT[_TM_14]
24/09/2026 18:18:46.966 Added FXT[_TM_15]
24/09/2026 18:18:46.966 Added FXT[_TM_21]
24/09/2026 18:18:46.966 Added FXT[_TM_22]
24/09/2026 18:18:46.966 Added FXT[_TM_23]
24/09/2026 18:18:46.966 Added FXT[_TM_24]
24/09/2026 18:18:46.966 Added FXT[_TM_37]
24/09/2026 18:18:46.966 Added FXT[_TM_38]
24/09/2026 18:18:46.966 Added FXT[_TM_39]
24/09/2026 18:18:46.966 Added FXT[_TM_503]
24/09/2026 18:18:46.966 Added FXT[_TM_504]
24/09/2026 18:18:46.966 Added FXT[_TM_505]
24/09/2026 18:18:46.966 Added FXT[_TM_506]
24/09/2026 18:18:46.966 Added FXT[_TM_507]
24/09/2026 18:18:46.966 Added FXT[_TM_508]
24/09/2026 18:18:46.966 Added FXT[_TM_509]
24/09/2026 18:18:46.966 Added FXT[_TM_510]
24/09/2026 18:18:46.966 Added FXT[_TM_511]
24/09/2026 18:18:46.966 Added FXT[_TM_512]
24/09/2026 18:18:46.966 Added FXT[_TM_513]
24/09/2026 18:18:46.966 Added FXT[_TM_514]
24/09/2026 18:18:46.966 Added FXT[_TM_515]
24/09/2026 18:18:46.966 Added FXT[_TM_31]
24/09/2026 18:18:46.966 Added FXT[_TM_32]
24/09/2026 18:18:46.966 Added FXT[_TM_33]
24/09/2026 18:18:46.966 Added FXT[_TM_34]
24/09/2026 18:18:46.966 Added FXT[_TM_35]
24/09/2026 18:18:46.967 Added FXT[_TM_36]
24/09/2026 18:18:46.967 Added FXT[_TM_41]
24/09/2026 18:18:46.967 Added FXT[_TM_42]
24/09/2026 18:18:46.967 Added FXT[_TM_43]
24/09/2026 18:18:46.967 Added FXT[_TM_44]
24/09/2026 18:18:46.967 Added FXT[_TM_501]
24/09/2026 18:18:46.967 Added FXT[_TM_502]
24/09/2026 18:18:46.967 Added FXT[_TM_25]
24/09/2026 18:18:46.967 Added FXT[_TM_26]
24/09/2026 18:18:46.967 Added FXT[_TM_27]
24/09/2026 18:18:46.967 Added FXT[_TM_28]
24/09/2026 18:18:46.967 Added FXT[_TM_29]
24/09/2026 18:18:46.967 Added FXT[_TM_51]
24/09/2026 18:18:46.967 Added FXT[_TM_52]
24/09/2026 18:18:46.967 Added FXT[_TM_53]
24/09/2026 18:18:46.967 Added FXT[_TM_61]
24/09/2026 18:18:46.967 Added FXT[_TM_62]
24/09/2026 18:18:46.967 Added FXT[_TM_63]
24/09/2026 18:18:46.967 Added FXT[_TM_64]
24/09/2026 18:18:46.967 Added FXT[_TM_71]
24/09/2026 18:18:46.967 Added FXT[_TM_72]
24/09/2026 18:18:46.967 Added FXT[_TM_73]
24/09/2026 18:18:46.967 Added FXT[_TM_74]
24/09/2026 18:18:46.967 Added FXT[_TM_81]
24/09/2026 18:18:46.967 Added FXT[_TM_82]
24/09/2026 18:18:46.967 Added FXT[_TM_83]
24/09/2026 18:18:46.967 Added FXT[_TM_84]
24/09/2026 18:18:46.967 Added FXT[_TM_02]
24/09/2026 18:18:46.967 Added FXT[_TM_03]
24/09/2026 18:18:46.967 Added FXT[_TM_04]
24/09/2026 18:18:46.967 Added FXT[_TM_05]
24/09/2026 18:18:46.967 Added FXT[_TM_06]
24/09/2026 18:18:46.967 Added FXT[_TM_07]
24/09/2026 18:18:46.967 Added FXT[_TM_08]
24/09/2026 18:18:46.968 Added FXT[_TM_09]
24/09/2026 18:18:46.968 Added FXT[_TM_66]
24/09/2026 18:18:46.968 Added FXT[_TM_101]
24/09/2026 18:18:46.968 Added FXT[_TM_102]
24/09/2026 18:18:46.968 Added FXT[_TM_103]
24/09/2026 18:18:46.968 Added FXT[_TM_104]
24/09/2026 18:18:46.968 Added FXT[_TM_106]
24/09/2026 18:18:46.968 Added FXT[_TM_108]
24/09/2026 18:18:46.968 Added FXT[_TM_109]
24/09/2026 18:18:46.968 Added FXT[_TM_110]
24/09/2026 18:18:46.968 Added FXT[_TM_111]
24/09/2026 18:18:46.968 Added FXT[_TM_112]
24/09/2026 18:18:46.968 Added FXT[_TM_113]
24/09/2026 18:18:46.968 Added FXT[_TM_114]
24/09/2026 18:18:46.968 Added FXT[_TM_115]
24/09/2026 18:18:46.968 Added FXT[_TM_116]
24/09/2026 18:18:46.968 Added FXT[_TM_117]
24/09/2026 18:18:46.968 Added FXT[_TM_118]
24/09/2026 18:18:46.968 Added FXT[_TM_119]
24/09/2026 18:18:46.968 Added FXT[_TM_140]
24/09/2026 18:18:46.968 Added FXT[_TM_141]
24/09/2026 18:18:46.968 Added FXT[_TM_142]
24/09/2026 18:18:46.968 Added FXT[_TM_143]
24/09/2026 18:18:46.968 Added FXT[_TM_144]
24/09/2026 18:18:46.968 Added FXT[_TM_145]
24/09/2026 18:18:46.968 Added FXT[_TM_146]
24/09/2026 18:18:46.968 Added FXT[_TM_147]
24/09/2026 18:18:46.968 Added FXT[_TM_148]
24/09/2026 18:18:46.969 Added FXT[_TM_149]
24/09/2026 18:18:46.969 Added FXT[_TM_150]
24/09/2026 18:18:46.969 Added FXT[_TM_151]
24/09/2026 18:18:46.969 Added FXT[_TM_152]
24/09/2026 18:18:46.969 Added FXT[_TM_154]
24/09/2026 18:18:46.969 Added FXT[_TM_155]
24/09/2026 18:18:46.969 Added FXT[_TM_156]
24/09/2026 18:18:46.969 Added FXT[_TM_157]
24/09/2026 18:18:46.969 Added FXT[_TM_158]
24/09/2026 18:18:46.969 Added FXT[_TM_159]
24/09/2026 18:18:46.969 Added FXT[_TM_160]
24/09/2026 18:18:46.969 Added FXT[_TM_161]
24/09/2026 18:18:46.969 Added FXT[_TM_162]
24/09/2026 18:18:46.969 Added FXT[_TM_163]
24/09/2026 18:18:46.969 Added FXT[_TM_164]
24/09/2026 18:18:46.969 Added FXT[_TM_165]
24/09/2026 18:18:46.969 Added FXT[_TM_166]
24/09/2026 18:18:46.969 Added FXT[_TM_167]
24/09/2026 18:18:46.969 Added FXT[_TM_168]
24/09/2026 18:18:46.969 Added FXT[_TM_169]
24/09/2026 18:18:46.969 Added FXT[_TM_170]
24/09/2026 18:18:46.969 Added FXT[_TM_171]
24/09/2026 18:18:46.969 Added FXT[_TM_172]
24/09/2026 18:18:46.969 Added FXT[_TM_173]
24/09/2026 18:18:46.969 Added FXT[_TM_174]
24/09/2026 18:18:46.969 Added FXT[_TM_175]
24/09/2026 18:18:46.969 Added FXT[_TM_176]
24/09/2026 18:18:46.969 Added FXT[_TM_177]
24/09/2026 18:18:46.969 Added FXT[_TM_178]
24/09/2026 18:18:46.969 Added FXT[_TM_179]
24/09/2026 18:18:46.969 Added FXT[_TM_180]
24/09/2026 18:18:46.969 Added FXT[_TM_181]
24/09/2026 18:18:46.969 Added FXT[_TM_182]
24/09/2026 18:18:46.969 Added FXT[_TM_183]
24/09/2026 18:18:46.969 Added FXT[_TM_184]
24/09/2026 18:18:46.970 Added FXT[_TM_185]
24/09/2026 18:18:46.970 Added FXT[_TM_186]
24/09/2026 18:18:46.970 Added FXT[_TM_187]
24/09/2026 18:18:46.970 Added FXT[_TM_188]
24/09/2026 18:18:46.970 Added FXT[_TM_189]
24/09/2026 18:18:46.970 Added FXT[_TM_190]
24/09/2026 18:18:46.970 Added FXT[_TM_191]
24/09/2026 18:18:46.970 Added FXT[_TM_192]
24/09/2026 18:18:46.970 Added FXT[_TM_193]
24/09/2026 18:18:46.970 Added FXT[_TM_194]
24/09/2026 18:18:46.970 Added FXT[_TM_195]
24/09/2026 18:18:46.970 Added FXT[_TM_196]
24/09/2026 18:18:46.970 Added FXT[_TM_197]
24/09/2026 18:18:46.970 Added FXT[_TM_198]
24/09/2026 18:18:46.970 Added FXT[_TM_199]
24/09/2026 18:18:46.970 Added FXT[_TM_601]
24/09/2026 18:18:46.970 Added FXT[_TM_602]
24/09/2026 18:18:46.970 Added FXT[_TM_603]
24/09/2026 18:18:46.970 Added FXT[_TM_604]
24/09/2026 18:18:46.970 Added FXT[_TM_605]
24/09/2026 18:18:46.970 Added FXT[_TM_606]
24/09/2026 18:18:46.970 Added FXT[_TM_607]
24/09/2026 18:18:46.970 Added FXT[_TM_608]
24/09/2026 18:18:46.970 Added FXT[_TM_609]
24/09/2026 18:18:46.970 Added FXT[_TM_610]
24/09/2026 18:18:46.970 Added FXT[_TM_611]
24/09/2026 18:18:46.970 Added FXT[_TM_612]
24/09/2026 18:18:46.970 Added FXT[_TM_613]
24/09/2026 18:18:46.970 Added FXT[_TM_614]
24/09/2026 18:18:46.970 Added FXT[_TM_615]
24/09/2026 18:18:46.970 Added FXT[_TM_616]
24/09/2026 18:18:46.970 Added FXT[_TM_617]
24/09/2026 18:18:46.970 Added FXT[_TM_200]
24/09/2026 18:18:46.970 Added FXT[_TM_201]
24/09/2026 18:18:46.971 Added FXT[_TM_202]
24/09/2026 18:18:46.971 Added FXT[_TM_203]
24/09/2026 18:18:46.971 Added FXT[_TM_204]
24/09/2026 18:18:46.971 Added FXT[_TM_205]
24/09/2026 18:18:46.971 Added FXT[_TM_206]
24/09/2026 18:18:46.971 Added FXT[_TM_207]
24/09/2026 18:18:46.971 Added FXT[_TM_208]
24/09/2026 18:18:46.971 Added FXT[_TM_209]
24/09/2026 18:18:46.971 Added FXT[_TM_210]
24/09/2026 18:18:46.971 Added FXT[_TM_211]
24/09/2026 18:18:46.971 Added FXT[_TM_212]
24/09/2026 18:18:46.971 Added FXT[_TM_213]
24/09/2026 18:18:46.971 Added FXT[_TM_214]
24/09/2026 18:18:46.971 Added FXT[_TM_215]
24/09/2026 18:18:46.971 Added FXT[_TM_216]
24/09/2026 18:18:46.971 Added FXT[_TM_217]
24/09/2026 18:18:46.971 Added FXT[_TM_218]
24/09/2026 18:18:46.971 Added FXT[_TM_219]
24/09/2026 18:18:46.971 Added FXT[_TM_220]
24/09/2026 18:18:46.971 Added FXT[_TM_221]
24/09/2026 18:18:46.971 Added FXT[_TM_222]
24/09/2026 18:18:46.971 Added FXT[_TM_223]
24/09/2026 18:18:46.971 Added FXT[_TM_224]
24/09/2026 18:18:46.971 Added FXT[_TM_225]
24/09/2026 18:18:46.971 Added FXT[_TM_226]
24/09/2026 18:18:46.971 Added FXT[_TM_227]
24/09/2026 18:18:46.971 Added FXT[_TM_228]
24/09/2026 18:18:46.971 Added FXT[_TM_229]
24/09/2026 18:18:46.971 Added FXT[_TM_230]
24/09/2026 18:18:46.971 Added FXT[_TM_231]
24/09/2026 18:18:46.971 Added FXT[_TM_232]
24/09/2026 18:18:46.971 Added FXT[_TM_233]
24/09/2026 18:18:46.971 Added FXT[_TM_234]
24/09/2026 18:18:46.972 Added FXT[_TM_235]
24/09/2026 18:18:46.972 Added FXT[_TM_236]
24/09/2026 18:18:46.972 Added FXT[_TM_237]
24/09/2026 18:18:46.972 Added FXT[_TM_238]
24/09/2026 18:18:46.972 Added FXT[_TM_239]
24/09/2026 18:18:46.972 Added FXT[_TM_240]
24/09/2026 18:18:46.972 Added FXT[_TM_241]
24/09/2026 18:18:46.972 Added FXT[_TM_242]
24/09/2026 18:18:46.972 Added FXT[_TM_243]
24/09/2026 18:18:46.972 Added FXT[_TM_244]
24/09/2026 18:18:46.972 Added FXT[_TM_245]
24/09/2026 18:18:46.972 Added FXT[_TM_246]
24/09/2026 18:18:46.972 Added FXT[_TM_247]
24/09/2026 18:18:46.972 Added FXT[_TM_248]
24/09/2026 18:18:46.972 Added FXT[_TM_249]
24/09/2026 18:18:46.972 Added FXT[_TM_250]
24/09/2026 18:18:46.972 Added FXT[_TM_251]
24/09/2026 18:18:46.972 Added FXT[_TM_252]
24/09/2026 18:18:46.972 Added FXT[_TM_253]
24/09/2026 18:18:46.972 Added FXT[_TM_254]
24/09/2026 18:18:46.972 Added FXT[_TM_255]
24/09/2026 18:18:46.972 Added FXT[_TM_256]
24/09/2026 18:18:46.972 Added FXT[_TM_257]
24/09/2026 18:18:46.972 Added FXT[_TM_258]
24/09/2026 18:18:46.972 Added FXT[_TM_259]
24/09/2026 18:18:46.972 Added FXT[_TM_260]
24/09/2026 18:18:46.972 Added FXT[_TM_261]
24/09/2026 18:18:46.972 Added FXT[_TM_262]
24/09/2026 18:18:46.972 Added FXT[_TM_263]
24/09/2026 18:18:46.972 Added FXT[_TM_264]
24/09/2026 18:18:46.972 Added FXT[_TM_265]
24/09/2026 18:18:46.972 Added FXT[_TM_266]
24/09/2026 18:18:46.972 Added FXT[_TM_267]
24/09/2026 18:18:46.972 Added FXT[_TM_268]
24/09/2026 18:18:46.972 Added FXT[_TM_269]
24/09/2026 18:18:46.972 Added FXT[_TM_270]
24/09/2026 18:18:46.972 Added FXT[_TM_271]
24/09/2026 18:18:46.973 Added FXT[_TM_272]
24/09/2026 18:18:46.973 Added FXT[_TM_273]
24/09/2026 18:18:46.973 Added FXT[_TM_274]
24/09/2026 18:18:46.973 Added FXT[_TM_275]
24/09/2026 18:18:46.973 Added FXT[_TM_276]
24/09/2026 18:18:46.973 Added FXT[_TM_277]
24/09/2026 18:18:46.973 Added FXT[_TM_278]
24/09/2026 18:18:46.973 Added FXT[_TM_279]
24/09/2026 18:18:46.973 Added FXT[_TM_280]
24/09/2026 18:18:46.973 Added FXT[_TM_281]
24/09/2026 18:18:46.973 Added FXT[_TM_282]
24/09/2026 18:18:46.973 Added FXT[_TM_283]
24/09/2026 18:18:46.973 Added FXT[_TM_284]
24/09/2026 18:18:46.973 Added FXT[_TM_285]
24/09/2026 18:18:46.973 Added FXT[_TM_286]
24/09/2026 18:18:46.973 Added FXT[_TM_287]
24/09/2026 18:18:46.973 Added FXT[_TM_288]
24/09/2026 18:18:46.973 Added FXT[_TM_301]
24/09/2026 18:18:46.973 Added FXT[_TM_302]
24/09/2026 18:18:46.973 Added FXT[_TM_303]
24/09/2026 18:18:46.973 Added FXT[_TM_304]
24/09/2026 18:18:46.973 Added FXT[_TM_305]
24/09/2026 18:18:46.973 Added FXT[_TM_306]
24/09/2026 18:18:46.973 Added FXT[_TM_307]
24/09/2026 18:18:46.973 Added FXT[_TM_308]
24/09/2026 18:18:46.973 Added FXT[_TM_309]
24/09/2026 18:18:46.973 Added FXT[_TM_310]
24/09/2026 18:18:46.973 Added FXT[_TM_311]
24/09/2026 18:18:46.973 Added FXT[_TM_312]
24/09/2026 18:18:46.973 Added FXT[_TM_313]
24/09/2026 18:18:46.973 Added FXT[_TM_314]
24/09/2026 18:18:46.973 Added FXT[_TM_315]
24/09/2026 18:18:46.973 Added FXT[_TM_316]
24/09/2026 18:18:46.973 Added FXT[_TM_317]
24/09/2026 18:18:46.973 Added FXT[_TM_318]
24/09/2026 18:18:46.974 Added FXT[_TM_319]
24/09/2026 18:18:46.974 Added FXT[_TM_320]
24/09/2026 18:18:46.974 Added FXT[_TM_321]
24/09/2026 18:18:46.974 Added FXT[_TM_322]
24/09/2026 18:18:46.974 Added FXT[_TM_323]
24/09/2026 18:18:46.974 Added FXT[_TM_324]
24/09/2026 18:18:46.974 Added FXT[_TM_325]
24/09/2026 18:18:46.974 Added FXT[_TM_326]
24/09/2026 18:18:46.974 Added FXT[_TM_327]
24/09/2026 18:18:46.974 Added FXT[_TM_328]
24/09/2026 18:18:46.974 Added FXT[_TM_329]
24/09/2026 18:18:46.974 Added FXT[_TM_330]
24/09/2026 18:18:46.974 Added FXT[_TM_331]
24/09/2026 18:18:46.974 Added FXT[_TM_332]
24/09/2026 18:18:46.974 Added FXT[_TM_333]
24/09/2026 18:18:46.974 Added FXT[_TM_334]
24/09/2026 18:18:46.974 Added FXT[_TM_335]
24/09/2026 18:18:46.974 Added FXT[_TM_336]
24/09/2026 18:18:46.974 Added FXT[_TM_337]
24/09/2026 18:18:46.974 Added FXT[_TM_338]
24/09/2026 18:18:46.974 Added FXT[_TM_339]
24/09/2026 18:18:46.974 Added FXT[_TM_340]
24/09/2026 18:18:46.974 Added FXT[_TM_341]
24/09/2026 18:18:46.974 Added FXT[_TM_342]
24/09/2026 18:18:46.974 Added FXT[_TM_343]
24/09/2026 18:18:46.974 Added FXT[_TM_344]
24/09/2026 18:18:46.974 Added FXT[_TM_345]
24/09/2026 18:18:46.974 Added FXT[_TM_346]
24/09/2026 18:18:46.974 Added FXT[_TM_347]
24/09/2026 18:18:46.974 Added FXT[_TM_348]
24/09/2026 18:18:46.974 Added FXT[_TM_349]
24/09/2026 18:18:46.974 Added FXT[_TM_350]
24/09/2026 18:18:46.974 Added FXT[_TM_351]
24/09/2026 18:18:46.974 Added FXT[_TM_352]
24/09/2026 18:18:46.974 Added FXT[_TM_353]
24/09/2026 18:18:46.975 Added FXT[_TM_354]
24/09/2026 18:18:46.975 Added FXT[_TM_355]
24/09/2026 18:18:46.975 Added FXT[_TM_356]
24/09/2026 18:18:46.975 Added FXT[_TM_357]
24/09/2026 18:18:46.975 Added FXT[_TM_358]
24/09/2026 18:18:46.975 Added FXT[_TM_359]
24/09/2026 18:18:46.975 Added FXT[_TM_360]
24/09/2026 18:18:46.975 Added FXT[_TM_361]
24/09/2026 18:18:46.975 Added FXT[_TM_362]
24/09/2026 18:18:46.975 Added FXT[_TM_363]
24/09/2026 18:18:46.975 Added FXT[_TM_364]
24/09/2026 18:18:46.975 Added FXT[_TM_365]
24/09/2026 18:18:46.975 Added FXT[_TM_366]
24/09/2026 18:18:46.975 Added FXT[_TM_367]
24/09/2026 18:18:46.975 Added FXT[_TM_369]
24/09/2026 18:18:46.975 Added FXT[_TM_370]
24/09/2026 18:18:46.975 Added FXT[_TM_371]
24/09/2026 18:18:46.975 Added FXT[_TM_372]
24/09/2026 18:18:46.975 Added FXT[_TM_373]
24/09/2026 18:18:46.975 Added FXT[_TM_377]
24/09/2026 18:18:46.975 Added FXT[_TM_378]
24/09/2026 18:18:46.975 Added FXT[_TM_379]
24/09/2026 18:18:46.975 Added FXT[_TM_380]
24/09/2026 18:18:46.975 Added FXT[_TM_381]
24/09/2026 18:18:46.975 Added FXT[_TM_382]
24/09/2026 18:18:46.975 Added FXT[_TM_383]
24/09/2026 18:18:46.975 Added FXT[_TM_384]
24/09/2026 18:18:46.975 Added FXT[_TM_385]
24/09/2026 18:18:46.975 Added FXT[_TM_386]
24/09/2026 18:18:46.975 Added FXT[_TM_387]
24/09/2026 18:18:46.975 Added FXT[_TM_388]
24/09/2026 18:18:46.975 Added FXT[_TM_ACC]
24/09/2026 18:18:46.975 Added FXT[_TM_VEL]
24/09/2026 18:18:46.975 Added FXT[_TM_FRE]
24/09/2026 18:18:46.975 Added FXT[_TM_DIR]
24/09/2026 18:18:46.975 Added FXT[_TM_VAL]
24/09/2026 18:18:46.976 Added FXT[_TM_PES]
24/09/2026 18:18:46.976 Added FXT[_TM_DAN]
24/09/2026 18:18:46.976 Added FXT[_TM_MT1]
24/09/2026 18:18:46.976 Added FXT[_TM_MT2]
24/09/2026 18:18:46.976 Added FXT[_TM_MT3]
24/09/2026 18:18:46.976 Added FXT[_TM_PN1]
24/09/2026 18:18:46.976 Added FXT[_TM_PN2]
24/09/2026 18:18:46.976 Added FXT[_TM_PN3]
24/09/2026 18:18:46.976 Added FXT[_TM_PN4]
24/09/2026 18:18:46.976 Added FXT[_TM_TR1]
24/09/2026 18:18:46.976 Added FXT[_TM_TR2]
24/09/2026 18:18:46.976 Added FXT[_TM_TR3]
24/09/2026 18:18:46.976 Added FXT[_TM_AVS]
24/09/2026 18:18:46.976 Added FXT[_TM_401]
24/09/2026 18:18:46.976 Added FXT[_TM_402]
24/09/2026 18:18:46.976 Added FXT[_TM_403]
24/09/2026 18:18:46.976 Added FXT[_TM_404]
24/09/2026 18:18:46.976 Added FXT[_TM_480]
24/09/2026 18:18:46.976 Added FXT[_TM_405]
24/09/2026 18:18:46.976 Added FXT[_TM_406]
24/09/2026 18:18:46.976 Added FXT[_TM_407]
24/09/2026 18:18:46.976 Added FXT[_TM_408]
24/09/2026 18:18:46.976 Added FXT[_TM_409]
24/09/2026 18:18:46.976 Added FXT[_TM_410]
24/09/2026 18:18:46.976 Added FXT[_TM_411]
24/09/2026 18:18:46.976 Added FXT[_TM_412]
24/09/2026 18:18:46.976 Added FXT[_TM_413]
24/09/2026 18:18:46.976 Added FXT[_TM_450]
24/09/2026 18:18:46.976 Added FXT[_TM_451]
24/09/2026 18:18:46.976 Added FXT[_TM_452]
24/09/2026 18:18:46.976 Added FXT[_TM_453]
24/09/2026 18:18:46.976 Added FXT[_TM_454]
24/09/2026 18:18:46.976 Added FXT[_TM_455]
24/09/2026 18:18:46.977 Added FXT[_TM_456]
24/09/2026 18:18:46.977 Added FXT[_TM_457]
24/09/2026 18:18:46.977 Added FXT[_TM_458]
24/09/2026 18:18:46.977 Added FXT[_TM_459]
24/09/2026 18:18:46.977 Added FXT[_TM_460]
24/09/2026 18:18:46.977 Added FXT[_TM_461]
24/09/2026 18:18:46.977 Added FXT[_TM_462]
24/09/2026 18:18:46.977 Added FXT[_TM_463]
24/09/2026 18:18:46.977 Added FXT[_TM_464]
24/09/2026 18:18:46.977 Added FXT[_TM_471]
24/09/2026 18:18:46.977 Added FXT[_TM_472]
24/09/2026 18:18:46.977 Added FXT[_TM_473]
24/09/2026 18:18:46.977 Added FXT[_TM_474]
24/09/2026 18:18:46.977 Added FXT[_TM_475]
24/09/2026 18:18:46.977 Added FXT[_TM_476]
24/09/2026 18:18:46.977 Added FXT[_TM_477]
24/09/2026 18:18:46.977 Added FXT[_TM_478]
24/09/2026 18:18:46.977 Added FXT[_TM_551]
24/09/2026 18:18:46.977 Added FXT[_TM_552]
24/09/2026 18:18:46.977 Added FXT[_TM_553]
24/09/2026 18:18:46.977 Added FXT[_TM_554]
24/09/2026 18:18:46.977 Added FXT[_TM_555]
24/09/2026 18:18:46.977 Added FXT[_TM_556]
24/09/2026 18:18:46.977 Added FXT[_TM_557]
24/09/2026 18:18:46.977 Added FXT[_TM_558]
24/09/2026 18:18:46.977 Added FXT[_TM_559]
24/09/2026 18:18:46.977 Added FXT[_TM_561]
24/09/2026 18:18:46.977 Added FXT[_TM_562]
24/09/2026 18:18:46.977 Added FXT[_TM_563]
24/09/2026 18:18:46.977 Added FXT[_TM_564]
24/09/2026 18:18:46.977 Added FXT[_TM_566]
24/09/2026 18:18:46.978 Added FXT[_TM_567]
24/09/2026 18:18:46.978 Added FXT[_TM_568]
24/09/2026 18:18:46.978 Added FXT[_TM_569]
24/09/2026 18:18:46.978 Added FXT[_TM_521]
24/09/2026 18:18:46.978 Added FXT[_TM_522]
24/09/2026 18:18:46.978 Added FXT[_TM_523]
24/09/2026 18:18:46.978 Added FXT[_TM_524]
24/09/2026 18:18:46.978 Added FXT[_TM_525]
24/09/2026 18:18:46.978 Added FXT[_TM_526]
24/09/2026 18:18:46.978 Added FXT[_TM_527]
24/09/2026 18:18:46.978 Added FXT[_TM_528]
24/09/2026 18:18:46.978 Added FXT[_TM_529]
24/09/2026 18:18:46.978 Added FXT[_TM_531]
24/09/2026 18:18:46.978 Added FXT[_TM_532]
24/09/2026 18:18:46.978 Added FXT[_TM_533]
24/09/2026 18:18:46.978 Added FXT[_TM_534]
24/09/2026 18:18:46.978 Added FXT[_TM_536]
24/09/2026 18:18:46.978 Added FXT[_TM_537]
24/09/2026 18:18:46.978 Added FXT[_TM_538]
24/09/2026 18:18:46.978 Added FXT[_TM_546]
24/09/2026 18:18:46.978 Added FXT[_TM_547]
24/09/2026 18:18:46.978 Added FXT[_TM_548]
24/09/2026 18:18:46.978 Added FXT[_TM_541]
24/09/2026 18:18:46.978 Added FXT[_TM_542]
24/09/2026 18:18:46.978 Added FXT[_TM_543]
24/09/2026 18:18:46.978 Added FXT[_TM_600]
24/09/2026 18:18:46.978 Added FXT[_TM_571]
24/09/2026 18:18:46.978 Added FXT[_TM_572]
24/09/2026 18:18:46.978 Added FXT[_TM_573]
24/09/2026 18:18:46.978 Added FXT[_TM_574]
24/09/2026 18:18:46.978 Added FXT[_TM_575]
24/09/2026 18:18:46.978 Added FXT[_TM_576]
24/09/2026 18:18:46.979 Added FXT[_TM_577]
24/09/2026 18:18:46.979 Added FXT[_TM_578]
24/09/2026 18:18:46.979 Added FXT[_TM_585]
24/09/2026 18:18:46.979 Added FXT[_TM_586]
24/09/2026 18:18:46.979 Added FXT[_TM_587]
24/09/2026 18:18:46.979 Added FXT[_TM_588]
24/09/2026 18:18:46.979 Added FXT[_TM_589]
24/09/2026 18:18:46.979 Added FXT[_TM_580]
24/09/2026 18:18:46.979 Added FXT[_TM_581]
24/09/2026 18:18:46.979 Added FXT[_TM_582]
24/09/2026 18:18:46.979 Added FXT[_TM_583]
24/09/2026 18:18:46.979 Added FXT[_TM_584]
24/09/2026 18:18:46.979 Unloading plugins...
24/09/2026 18:18:46.979 Loading plugin cleo/CLEO+.cleo
24/09/2026 18:18:47.014 Loading plugin cleo/FileSystemOperations.cleo
24/09/2026 18:18:47.043 Loading plugin cleo/IniFiles.cleo
24/09/2026 18:18:47.068 Loading plugin cleo/IntOperations.cleo
24/09/2026 18:18:47.092 Started on game of version: SA 1.0 us
24/09/2026 18:18:47.093 Injecting MenuStatusNotifier...
24/09/2026 18:18:47.093 Replacing call: 0x0057B9FD
24/09/2026 18:18:47.093 Injecting DmaFix...
24/09/2026 18:18:47.093 Replacing call: 0x0053E981
24/09/2026 18:18:47.093 Injecting TextManager...
24/09/2026 18:18:47.093 Injecting function at: 0x006A0050
24/09/2026 18:18:47.093 Injecting SoundSystem...
24/09/2026 18:18:47.093 Replacing call: 0x007487A8
24/09/2026 18:18:47.093 Injecting CustomOpcodeSystem...
24/09/2026 18:18:47.093 Injecting ScriptEngine...
24/09/2026 18:18:47.093 Replacing call: 0x0046A21B
24/09/2026 18:18:47.093 Replacing call: 0x0058D552
24/09/2026 18:18:47.093 Replacing call: 0x0058FCE4
24/09/2026 18:18:47.094 Replacing call: 0x0053BDD7
24/09/2026 18:18:47.094 Replacing call: 0x005BA340
24/09/2026 18:18:47.094 Replacing call: 0x005D4FD7
24/09/2026 18:18:47.094 Replacing call: 0x005D18F0
24/09/2026 18:18:47.094 Replacing call: 0x005D14D5
24/09/2026 18:18:47.094 Injecting function at: 0x004667DB
24/09/2026 18:18:51.014 Creating main window...
24/09/2026 18:18:51.024 Found sound device 0: No sound
24/09/2026 18:18:51.024 Found sound device 1 (default): Alto-falantes (2- Realtek(R) Audio)
24/09/2026 18:18:51.024 Found sound device 2: Alto-falantes (Steam Streaming Speakers)
24/09/2026 18:18:51.024 Found sound device 3: 2 - LG FHD (2- AMD High Definition Audio Device)
24/09/2026 18:18:51.024 Found sound device 4: Alto-falantes (Steam Streaming Microphone)
24/09/2026 18:18:51.024 Found sound device 5: Realtek Digital Output (2- Realtek(R) Audio)
24/09/2026 18:18:51.024 Found sound device 6: FxSound Speakers (FxSound Audio Enhancer)
24/09/2026 18:18:51.024 On system found 7 devices, 7 enabled devices, assuming device to use: 1 (Alto-falantes (2- Realtek(R) Audio))
24/09/2026 18:18:51.071 SoundSystem initialized
24/09/2026 18:18:51.081 Floating-point audio supported!
24/09/2026 18:18:51.086 Audio hardware acceleration disabled (no EAX)
24/09/2026 18:18:57.663 Scripts exclusively initialized
24/09/2026 18:18:57.669 Deleting dynamic fxts...
24/09/2026 18:18:57.669 Cleaning up script data... 0 files, 0 libs, 0 file scans, 0 allocations...
24/09/2026 18:18:57.669 Searching for cleo scripts
24/09/2026 18:18:57.669 Loading custom script Anim Play (Junior_Djjr).cs...
24/09/2026 18:18:57.671 Registering custom script named Anim Pl
24/09/2026 18:18:57.671 Loading custom script cheats.cs...
24/09/2026 18:18:57.673 Registering custom script named cheats.
24/09/2026 18:18:57.673 Loading custom script EXPLODECJCAR.cs...
24/09/2026 18:18:57.675 Registering custom script named EXPLODE
24/09/2026 18:18:57.675 Loading custom script EXPLODECJCARKILLPED.cs...
24/09/2026 18:18:57.677 Registering custom script named EXPLODE
24/09/2026 18:18:57.677 Loading custom script IndieVehHandlings.cs...
24/09/2026 18:18:57.679 Registering custom script named IndieVe
24/09/2026 18:18:57.679 Loading custom script killcount.cs...
24/09/2026 18:18:57.681 Registering custom script named killcou
24/09/2026 18:18:57.681 Loading custom script killcount[0].cs...
24/09/2026 18:18:57.683 Registering custom script named killcou
24/09/2026 18:18:57.683 Loading custom script meteor_gun.cs...
24/09/2026 18:18:57.685 Registering custom script named meteor_
24/09/2026 18:18:57.685 Loading custom script Mix Sets (Junior_Djjr).cs...
24/09/2026 18:18:57.687 Registering custom script named Mix Set
24/09/2026 18:18:57.687 Loading custom script Ped Spawn Creator (Junior_Djjr).cs...
24/09/2026 18:18:57.688 Registering custom script named Ped Spa
24/09/2026 18:18:57.688 Loading custom script ped_damage_key.cs...
24/09/2026 18:18:57.690 Registering custom script named ped_dam
24/09/2026 18:18:57.690 Loading custom script ped_ignite_key.cs...
24/09/2026 18:18:57.692 Registering custom script named ped_ign
24/09/2026 18:18:57.693 Loading custom script ped_sky_launch.cs...
24/09/2026 18:18:57.694 Registering custom script named ped_sky
24/09/2026 18:18:57.694 Loading custom script SAAS.cs...
24/09/2026 18:18:57.696 Registering custom script named SAAS.cs
24/09/2026 18:18:57.696 Loading custom script Tuning Mod (Junior_Djjr).cs...
24/09/2026 18:18:57.698 Registering custom script named Tuning 
24/09/2026 18:18:57.698 Loading custom script Tuning Mod - Icons.cs...
24/09/2026 18:18:57.700 Registering custom script named Tuning 
24/09/2026 18:18:57.700 Loading custom script Tuning Mod - Tire Wear.cs...
24/09/2026 18:18:57.702 Registering custom script named Tuning 
24/09/2026 18:18:57.703 Loading custom script ..\modloader\prioridade 5\car speed dependant fov\cleo\sa.carspeeddependantfov.cs...
24/09/2026 18:18:57.704 Registering custom script named sa.cars
24/09/2026 18:18:57.704 Loading custom script ..\modloader\prioridade 5\nextgen effects\cleo\effects mod - missions fx.cs...
24/09/2026 18:18:57.705 Registering custom script named effects
24/09/2026 18:18:57.706 Loading custom script ..\modloader\essenciais\allweapon\cleo\allweapon_2.0.cs...
24/09/2026 18:18:57.707 Registering custom script named allweap
24/09/2026 18:18:57.707 Loading custom script ..\modloader\essenciais\amazing screenshot\cleo\amazingscreen.cs...
24/09/2026 18:18:57.709 Registering custom script named amazing
24/09/2026 18:18:57.709 Loading custom script ..\modloader\essenciais\builder mod\cleo\buildernovo.cs...
24/09/2026 18:18:57.711 Registering custom script named builder
24/09/2026 18:18:57.711 Loading custom script ..\modloader\essenciais\car spawn\cleo\carspawn.cs...
24/09/2026 18:18:57.712 Registering custom script named carspaw
24/09/2026 18:18:57.712 Loading custom script ..\modloader\essenciais\gravity gun\cleo\ggun.cs...
24/09/2026 18:18:57.714 Registering custom script named ggun.cs
24/09/2026 18:18:57.714 Loading custom script ..\modloader\essenciais\minhas adaptacoes\cleo\1hpcjcar.cs...
24/09/2026 18:18:57.716 Registering custom script named 1hpcjca
24/09/2026 18:18:57.716 Loading custom script ..\modloader\essenciais\minhas adaptacoes\cleo\boom.cs...
24/09/2026 18:18:57.718 Registering custom script named boom.cs
24/09/2026 18:18:57.718 Loading custom script ..\modloader\essenciais\minhas adaptacoes\cleo\cjlife1.cs...
24/09/2026 18:18:57.720 Registering custom script named cjlife1
24/09/2026 18:18:57.720 Loading custom script ..\modloader\essenciais\minhas adaptacoes\cleo\destroycjcar.cs...
24/09/2026 18:18:57.721 Registering custom script named destroy
24/09/2026 18:18:57.721 Loading custom script ..\modloader\essenciais\minhas adaptacoes\cleo\explodecjcar.cs...
24/09/2026 18:18:57.723 Registering custom script named explode
24/09/2026 18:18:57.723 Loading custom script ..\modloader\essenciais\minhas adaptacoes\cleo\explodecjcarkillped.cs...
24/09/2026 18:18:57.726 Registering custom script named explode
24/09/2026 18:18:57.726 Loading custom script ..\modloader\essenciais\minhas adaptacoes\cleo\fogo.cs...
24/09/2026 18:18:57.728 Registering custom script named fogo.cs
24/09/2026 18:18:57.728 Loading custom script ..\modloader\essenciais\minhas adaptacoes\cleo\fogocj[3].cs...
24/09/2026 18:18:57.729 Registering custom script named fogocj[
24/09/2026 18:18:57.730 Loading custom script ..\modloader\essenciais\minhas adaptacoes\cleo\healcj.cs...
24/09/2026 18:18:57.731 Registering custom script named healcj.
24/09/2026 18:18:57.731 Loading custom script ..\modloader\essenciais\minhas adaptacoes\cleo\killcj.cs...
24/09/2026 18:18:57.732 Registering custom script named killcj.
24/09/2026 18:18:57.732 Loading custom script ..\modloader\essenciais\minhas adaptacoes\cleo\repair.cs...
24/09/2026 18:18:57.734 Registering custom script named repair.
24/09/2026 18:18:57.734 Loading custom script ..\modloader\essenciais\minhas adaptacoes\cleo\splatcj.cs...
24/09/2026 18:18:57.736 Registering custom script named splatcj
24/09/2026 18:18:57.736 Loading custom script ..\modloader\essenciais\noclip\cleo\no clip (junior_djjr).cs...
24/09/2026 18:18:57.738 Registering custom script named no clip
24/09/2026 18:18:57.738 Loading custom script ..\modloader\essenciais\save anywhere with f4\cleo\save anywhere.cs...
24/09/2026 18:18:57.739 Registering custom script named save an
24/09/2026 18:18:57.739 Loading custom script ..\modloader\essenciais\super fast teleporter\cleo\sfmark.cs...
24/09/2026 18:18:57.740 Registering custom script named sfmark.
24/09/2026 18:18:57.740 Loading custom script ..\modloader\essenciais\super fast teleporter\cleo\sftel.cs...
24/09/2026 18:18:57.743 Registering custom script named sftel.c
24/09/2026 18:18:57.743 Loading custom script ..\modloader\essenciais\teleport to marker\cleo\teleport_to_marker.cs...
24/09/2026 18:18:57.745 Registering custom script named telepor
24/09/2026 18:18:57.745 Loading custom script ..\modloader\essenciais\unflip\cleo\unflip.cs...
24/09/2026 18:18:57.746 Registering custom script named unflip.
24/09/2026 18:18:57.746 Loading custom script ..\modloader\animmenu1.1\cleo\animmenu.cs...
24/09/2026 18:18:57.748 Registering custom script named animmen
24/09/2026 18:18:57.748 Loading custom script ..\modloader\oribitcam1.2\cleo\orbitcam1.2.cs...
24/09/2026 18:18:57.750 Registering custom script named orbitca
24/09/2026 18:18:57.750 Loading custom script ..\modloader\prioridade 50\enhance particletxd\cleo\enhance particletxd (junior_djjr).cs...
24/09/2026 18:18:57.752 Registering custom script named enhance
24/09/2026 18:18:57.752 Loading custom script ..\modloader\prioridade 50\thebirdsupdate\cleo\birddevtool.cs...
24/09/2026 18:18:57.753 Registering custom script named birddev
24/09/2026 18:18:57.754 Loading custom script ..\modloader\choose gang weapons\cleo\choose gang weapons (junior_djjr).cs...
24/09/2026 18:18:57.755 Registering custom script named choose 
24/09/2026 18:18:57.755 Loading custom script ..\modloader\prioridade 60\fix\bike flip fix\cleo\flip fix (nadalao).cs...
24/09/2026 18:18:57.757 Registering custom script named flip fi
24/09/2026 18:18:57.757 Loading custom script ..\modloader\prioridade 60\fix\food eating fix\cleo\food eating fix (junior_djjr).cs...
24/09/2026 18:18:57.758 Registering custom script named food ea
24/09/2026 18:18:57.758 Loading custom script ..\modloader\prioridade 60\mapas\toyota showroom\cleo\toyotaparkedvehicles.cs...
24/09/2026 18:18:57.760 Registering custom script named toyotap
24/09/2026 18:18:57.760 Loading custom script ..\modloader\prioridade 60\veículos\carros\hotknife\cleo\hotknife.cs...
24/09/2026 18:18:57.763 Registering custom script named hotknif
24/09/2026 18:18:57.763 Loading custom script ..\modloader\prioridade 80\body stats fix\cleo\body stat fix in interiors (cleoude).cs...
24/09/2026 18:18:57.765 Registering custom script named body st
24/09/2026 18:18:57.765 Loading custom script ..\modloader\prioridade 80\breakable vending machines\cleo\breakable vending machines (junior_djjr).cs...
24/09/2026 18:18:57.767 Registering custom script named breakab
24/09/2026 18:18:57.767 Loading custom script ..\modloader\prioridade 80\cj grita em quedas com o carro\cleo\caraireact.cs...
24/09/2026 18:18:57.769 Registering custom script named caraire
24/09/2026 18:18:57.769 Loading custom script ..\modloader\prioridade 80\crazy train\cleo\crazytrain.cs...
24/09/2026 18:18:57.770 Registering custom script named crazytr
24/09/2026 18:18:57.771 Loading custom script ..\modloader\prioridade 80\enterable hidden interiors\cleo\ehi enex tweaks (junior_djjr).cs...
24/09/2026 18:18:57.772 Registering custom script named ehi ene
24/09/2026 18:18:57.772 Loading custom script ..\modloader\prioridade 80\enterable hidden interiors\cleo\ehi.cs...
24/09/2026 18:18:57.774 Registering custom script named ehi.cs
24/09/2026 18:18:57.774 Loading custom script ..\modloader\prioridade 80\mod insetos\cleo\insects (junior_djjr).cs...
24/09/2026 18:18:57.776 Registering custom script named insects
24/09/2026 18:18:57.776 Loading custom script ..\modloader\prioridade 80\new algorithm for trains\cleo\algorithm5.cs...
24/09/2026 18:18:57.778 Registering custom script named algorit
24/09/2026 18:18:57.778 Loading custom script ..\modloader\prioridade 80\new algorithm for trains\cleo\undersized_lights.cs...
24/09/2026 18:18:57.780 Registering custom script named undersi
24/09/2026 18:18:57.780 Loading custom script ..\modloader\prioridade 80\ped fire fix\cleo\ped fire fix (junior_djjr).cs...
24/09/2026 18:18:57.781 Registering custom script named ped fir
24/09/2026 18:18:57.781 Loading custom script ..\modloader\prioridade 80\random car talk\cleo\random car talk (junior_djjr).cs...
24/09/2026 18:18:57.782 Registering custom script named random 
24/09/2026 18:18:57.782 Loading custom script ..\modloader\prioridade 80\show date\cleo\show_date.cs...
24/09/2026 18:18:57.784 Registering custom script named show_da
24/09/2026 18:18:57.784 Loading custom script ..\modloader\prioridade 80\throw rotate fix\cleo\throw rotate fix (junior_djjr).cs...
24/09/2026 18:18:57.785 Registering custom script named throw r
24/09/2026 18:18:57.786 Loading custom script ..\modloader\prioridade 80\tutorial free roam\cleo\tutorial free roam.cs...
24/09/2026 18:18:57.787 Registering custom script named tutoria
24/09/2026 18:18:57.787 Loading custom script ..\modloader\prioridade 80\unpause zone name\cleo\unpause zone name (junior_djjr).cs...
24/09/2026 18:18:57.788 Registering custom script named unpause
24/09/2026 18:18:57.788 Loading custom script ..\modloader\prioridade 80\weather forecast\cleo\weather forecast (junior_djjr).cs...
24/09/2026 18:18:57.790 Registering custom script named weather
24/09/2026 18:18:57.790 Loading custom script ..\modloader\prioridade 90\attach vehicle\cleo\attach vehicle (junior_djjr).cs...
24/09/2026 18:18:57.791 Registering custom script named attach 
24/09/2026 18:18:57.791 Loading custom script ..\modloader\prioridade 90\horn call homies\cleo\horn call homies.cs...
24/09/2026 18:18:57.793 Registering custom script named horn ca
24/09/2026 18:18:57.793 Loading custom script ..\modloader\prioridade 90\improved jetpack control\cleo\improved jetpack control (junior_djjr).cs...
24/09/2026 18:18:57.795 Registering custom script named improve
24/09/2026 18:18:57.795 Loading custom script ..\modloader\prioridade 90\manual driveby remake\cleo\sa.manualdrivebyremake.cs...
24/09/2026 18:18:57.797 Registering custom script named sa.manu
24/09/2026 18:18:57.797 Loading custom script ..\modloader\prioridade 90\parked car maker\cleo\car maker parked ( um geek ).cs...
24/09/2026 18:18:57.799 Registering custom script named car mak
24/09/2026 18:18:57.799 Loading custom script ..\modloader\prioridade 90\parking save garages\cleo\grgx_park.cs...
24/09/2026 18:18:57.800 Registering custom script named grgx_pa
24/09/2026 18:18:57.800 Loading custom script ..\modloader\prioridade 90\recruit any ped\cleo\recruit any ped.cs...
24/09/2026 18:18:57.801 Registering custom script named recruit
24/09/2026 18:18:57.801 Loading custom script ..\modloader\prioridade 90\recruit more members\cleo\recruit more members.cs...
24/09/2026 18:18:57.802 Registering custom script named recruit
24/09/2026 18:18:57.802 Loading custom script ..\modloader\prioridade 100\0x858624\cleo\0x858624.cs...
24/09/2026 18:18:57.804 Registering custom script named 0x85862
24/09/2026 18:18:57.804 Loading custom script ..\modloader\prioridade 100\boxrain\cleo\rain.cs...
24/09/2026 18:18:57.806 Registering custom script named rain.cs
24/09/2026 18:18:57.806 Loading custom script ..\modloader\prioridade 100\carjump\cleo\vehiclejump.cs...
24/09/2026 18:18:57.808 Registering custom script named vehicle
24/09/2026 18:18:57.808 Loading custom script ..\modloader\prioridade 100\change4colors\cleo\change_color.cs...
24/09/2026 18:18:57.810 Registering custom script named change_
24/09/2026 18:18:57.810 Loading custom script ..\modloader\prioridade 100\clipboard cheat\cleo\clipboard cheat.cs...
24/09/2026 18:18:57.811 Registering custom script named clipboa
24/09/2026 18:18:57.811 Loading custom script ..\modloader\prioridade 100\custom vinewood text\cleo\custom vinewood text (junior_djjr).cs...
24/09/2026 18:18:57.812 Registering custom script named custom 
24/09/2026 18:18:57.813 Loading custom script ..\modloader\prioridade 100\dance with f5\cleo\dance.cs...
24/09/2026 18:18:57.814 Registering custom script named dance.c
24/09/2026 18:18:57.814 Loading custom script ..\modloader\prioridade 100\graffiti anywhere\cleo\graffiti anywhere (junior_djjr).cs...
24/09/2026 18:18:57.816 Registering custom script named graffit
24/09/2026 18:18:57.816 Loading custom script ..\modloader\prioridade 100\in-game map editor\cleo\in-game map editor (junior_djjr).cs...
24/09/2026 18:18:57.818 Registering custom script named in-game
24/09/2026 18:18:57.818 Loading custom script ..\modloader\prioridade 100\insanity\cleo\avia.cs...
24/09/2026 18:18:57.819 Registering custom script named avia.cs
24/09/2026 18:18:57.820 Loading custom script ..\modloader\prioridade 100\insanity\cleo\pedcraz.cs...
24/09/2026 18:18:57.821 Registering custom script named pedcraz
24/09/2026 18:18:57.821 Loading custom script ..\modloader\prioridade 100\insanity\cleo\pedfall.cs...
24/09/2026 18:18:57.823 Registering custom script named pedfall
24/09/2026 18:18:57.824 Loading custom script ..\modloader\prioridade 100\insanity\cleo\putcar.cs...
24/09/2026 18:18:57.825 Registering custom script named putcar.
24/09/2026 18:18:57.825 Loading custom script ..\modloader\prioridade 100\insanity\cleo\speedcarp.cs...
24/09/2026 18:18:57.827 Registering custom script named speedca
24/09/2026 18:18:57.827 Loading custom script ..\modloader\prioridade 100\kamehameha\cleo\kamehameha.cs...
24/09/2026 18:18:57.829 Registering custom script named kameham
24/09/2026 18:18:57.829 Loading custom script ..\modloader\prioridade 100\name weapon spawner\cleo\added weapon spawner.cs...
24/09/2026 18:18:57.830 Registering custom script named added w
24/09/2026 18:18:57.831 Loading custom script ..\modloader\prioridade 100\passenger\cleo\passenger.cs...
24/09/2026 18:18:57.832 Registering custom script named passeng
24/09/2026 18:18:57.832 Loading custom script ..\modloader\prioridade 100\pedrain\cleo\spawn de pedestres by igreen.dll alt+1.cs...
24/09/2026 18:18:57.833 Registering custom script named spawn d
24/09/2026 18:18:57.833 Loading custom script ..\modloader\prioridade 100\pedrain\cleo\spawn de pedestres by igreen.dll alt+1[0].cs...
24/09/2026 18:18:57.835 Registering custom script named spawn d
24/09/2026 18:18:57.835 Loading custom script ..\modloader\prioridade 100\portal gun\cleo\portal.cs...
24/09/2026 18:18:57.836 Registering custom script named portal.
24/09/2026 18:18:57.837 Loading custom script ..\modloader\prioridade 100\rzl-trainer\cleo\rzl-trainer.cs...
24/09/2026 18:18:57.849 Registering custom script named rzl-tra
24/09/2026 18:18:57.849 Loading custom script ..\modloader\prioridade 100\selfie mod\cleo\screenshot_bykrash.cs...
24/09/2026 18:18:57.851 Registering custom script named screens
24/09/2026 18:18:57.852 Loading custom script ..\modloader\prioridade 100\selfie mod\cleo\selfphoto_bykrash_v2.cs...
24/09/2026 18:18:57.853 Registering custom script named selfpho
24/09/2026 18:18:57.853 Loading custom script ..\modloader\prioridade 100\selfie mod\fix\selfphoto fix (junior_djjr).cs...
24/09/2026 18:18:57.855 Registering custom script named selfpho
24/09/2026 18:18:57.856 Loading custom script ..\modloader\prioridade 100\shoot stuff\cleo\shoot stuff (junior_djjr).cs...
24/09/2026 18:18:57.857 Registering custom script named shoot s
24/09/2026 18:18:57.857 Loading custom script ..\modloader\prioridade 100\skin selector (n)\cleo\skin_n.cs...
24/09/2026 18:18:57.859 Registering custom script named skin_n.
24/09/2026 18:18:57.859 Loading custom script ..\modloader\prioridade 100\smooth camera\cleo\smoothcamerawork_ver05.cs...
24/09/2026 18:18:57.862 Registering custom script named smoothc
24/09/2026 18:18:57.862 Loading custom script ..\modloader\prioridade 100\spawn cj\cleo\spawnar um cj (junior_djjr).cs...
24/09/2026 18:18:57.863 Registering custom script named spawnar
24/09/2026 18:18:57.863 Loading custom script ..\modloader\prioridade 100\spikes mod\cleo\create_spikes.cs...
24/09/2026 18:18:57.865 Registering custom script named create_
24/09/2026 18:18:57.865 Loading custom script ..\modloader\prioridade 100\spikes mod\cleo\spikes_effect.cs...
24/09/2026 18:18:57.866 Registering custom script named spikes_
24/09/2026 18:18:57.867 Loading custom script ..\modloader\prioridade 100\vomitar\cleo\giventake.cs...
24/09/2026 18:18:57.869 Registering custom script named giventa
24/09/2026 18:18:57.869 Loading custom script ..\modloader\prioridade 100\vomitar\cleo\sitsmkdrkgang.cs...
24/09/2026 18:18:57.871 Registering custom script named sitsmkd
24/09/2026 18:18:57.871 Loading custom script ..\modloader\prioridade 100\vomitar\cleo\sitsmokedrink.cs...
24/09/2026 18:18:57.873 Registering custom script named sitsmok
24/09/2026 18:18:57.873 Loading custom script ..\modloader\prioridade 100\waldrivebyleo\cleo\waldrivebyleo.cs...
24/09/2026 18:18:57.875 Registering custom script named waldriv
24/09/2026 18:18:57.875 Loading custom script ..\modloader\prioridade 100\walkstyle\cleo\walkstyle.cs...
24/09/2026 18:18:57.877 Registering custom script named walksty
24/09/2026 18:18:58.409 Added FXT[RZMM0]
24/09/2026 18:18:58.409 Added FXT[RZMM1]
24/09/2026 18:18:58.409 Added FXT[RZPO0]
24/09/2026 18:18:58.409 Added FXT[RZPO1]
24/09/2026 18:18:58.409 Added FXT[RZCHP0]
24/09/2026 18:18:58.409 Added FXT[RZCHP0X]
24/09/2026 18:18:58.409 Added FXT[RZCHP1]
24/09/2026 18:18:58.409 Added FXT[RZNA0]
24/09/2026 18:18:58.409 Added FXT[RZNA1]
24/09/2026 18:18:58.409 Added FXT[RZNA2]
24/09/2026 18:18:58.409 Added FXT[RZNA3]
24/09/2026 18:18:58.409 Added FXT[RZNA4]
24/09/2026 18:18:58.409 Added FXT[RZNA5]
24/09/2026 18:18:58.409 Added FXT[RZNA6]
24/09/2026 18:18:58.409 Added FXT[RZNA7]
24/09/2026 18:18:58.409 Added FXT[RZNA8]
24/09/2026 18:18:58.409 Added FXT[RZNA9]
24/09/2026 18:18:58.409 Added FXT[RZNA10]
24/09/2026 18:18:58.409 Added FXT[RZNA11]
24/09/2026 18:18:58.409 Added FXT[RZNA12]
24/09/2026 18:18:58.409 Added FXT[RZNA13]
24/09/2026 18:18:58.409 Added FXT[RZNA14]
24/09/2026 18:18:58.409 Added FXT[RZNA15]
24/09/2026 18:18:58.409 Added FXT[RZNA16]
24/09/2026 18:18:58.409 Added FXT[RZNA17]
24/09/2026 18:18:58.409 Added FXT[RZNA18]
24/09/2026 18:18:58.409 Added FXT[RZNA19]
24/09/2026 18:18:58.409 Added FXT[RZNA20]
24/09/2026 18:18:58.409 Added FXT[RZNA21]
24/09/2026 18:18:58.409 Added FXT[RZNA22]
24/09/2026 18:18:58.410 Added FXT[RZNA23]
24/09/2026 18:18:58.410 Added FXT[RZNA24]
24/09/2026 18:18:58.410 Added FXT[RZNA25]
24/09/2026 18:18:58.410 Added FXT[RZNA26]
24/09/2026 18:18:58.410 Added FXT[RZNA27]
24/09/2026 18:18:58.410 Added FXT[RZNA28]
24/09/2026 18:18:58.410 Added FXT[RZNA29]
24/09/2026 18:18:58.410 Added FXT[RZNA30]
24/09/2026 18:18:58.410 Added FXT[RZNA31]
24/09/2026 18:18:58.410 Added FXT[RZNA32]
24/09/2026 18:18:58.410 Added FXT[RZNA33]
24/09/2026 18:18:58.410 Added FXT[RZNA34]
24/09/2026 18:18:58.410 Added FXT[RZNA35]
24/09/2026 18:18:58.410 Added FXT[RZNA36]
24/09/2026 18:18:58.410 Added FXT[RZNA37]
24/09/2026 18:18:58.410 Added FXT[RZNA38]
24/09/2026 18:18:58.410 Added FXT[RZNA39]
24/09/2026 18:18:58.410 Added FXT[RZNA40]
24/09/2026 18:18:58.410 Added FXT[RZNA41]
24/09/2026 18:18:58.410 Added FXT[RZNA42]
24/09/2026 18:18:58.410 Added FXT[RZNA43]
24/09/2026 18:18:58.410 Added FXT[RZNA44]
24/09/2026 18:18:58.410 Added FXT[RZNA45]
24/09/2026 18:18:58.410 Added FXT[RZNA46]
24/09/2026 18:18:58.410 Added FXT[RZNA47]
24/09/2026 18:18:58.410 Added FXT[RZNA48]
24/09/2026 18:18:58.410 Added FXT[RZNA49]
24/09/2026 18:18:58.410 Added FXT[RZNA50]
24/09/2026 18:18:58.410 Added FXT[RZNA51]
24/09/2026 18:18:58.410 Added FXT[RZNA52]
24/09/2026 18:18:58.410 Added FXT[RZNA53]
24/09/2026 18:18:58.410 Added FXT[RZNA54]
24/09/2026 18:18:58.410 Added FXT[RZNA55]
24/09/2026 18:18:58.410 Added FXT[RZNA56]
24/09/2026 18:18:58.410 Added FXT[RZNA57]
24/09/2026 18:18:58.411 Added FXT[RZNA58]
24/09/2026 18:18:58.411 Added FXT[RZNA59]
24/09/2026 18:18:58.411 Added FXT[RZNA60]
24/09/2026 18:18:58.411 Added FXT[RZNA61]
24/09/2026 18:18:58.411 Added FXT[RZNA62]
24/09/2026 18:18:58.411 Added FXT[RZNA63]
24/09/2026 18:18:58.411 Added FXT[RZNA64]
24/09/2026 18:18:58.411 Added FXT[RZNA65]
24/09/2026 18:18:58.411 Added FXT[RZNA66]
24/09/2026 18:18:58.411 Added FXT[RZNA67]
24/09/2026 18:18:58.411 Added FXT[RZNA68]
24/09/2026 18:18:58.411 Added FXT[RZNA69]
24/09/2026 18:18:58.411 Added FXT[RZNA70]
24/09/2026 18:18:58.411 Added FXT[RZNA71]
24/09/2026 18:18:58.411 Added FXT[RZNA72]
24/09/2026 18:18:58.411 Added FXT[RZNA73]
24/09/2026 18:18:58.411 Added FXT[RZNA74]
24/09/2026 18:18:58.411 Added FXT[RZNA75]
24/09/2026 18:18:58.411 Added FXT[RZNA76]
24/09/2026 18:18:58.411 Added FXT[RZNA77]
24/09/2026 18:18:58.411 Added FXT[RZNA78]
24/09/2026 18:18:58.411 Added FXT[RZNA79]
24/09/2026 18:18:58.411 Added FXT[RZNA80]
24/09/2026 18:18:58.411 Added FXT[RZNA81]
24/09/2026 18:18:58.411 Added FXT[RZNA82]
24/09/2026 18:18:58.411 Added FXT[RZNA83]
24/09/2026 18:18:58.411 Added FXT[RZNA84]
24/09/2026 18:18:58.411 Added FXT[RZNA85]
24/09/2026 18:18:58.411 Added FXT[RZNA86]
24/09/2026 18:18:58.411 Added FXT[RZNA87]
24/09/2026 18:18:58.411 Added FXT[RZNA88]
24/09/2026 18:18:58.411 Added FXT[RZNA89]
24/09/2026 18:18:58.411 Added FXT[RZNA90]
24/09/2026 18:18:58.411 Added FXT[RZNA91]
24/09/2026 18:18:58.411 Added FXT[RZNA92]
24/09/2026 18:18:58.411 Added FXT[RZNA93]
24/09/2026 18:18:58.411 Added FXT[RZNA94]
24/09/2026 18:18:58.411 Added FXT[RZNA95]
24/09/2026 18:18:58.411 Added FXT[RZNA96]
24/09/2026 18:18:58.411 Added FXT[RZNA97]
24/09/2026 18:18:58.411 Added FXT[RZNA98]
24/09/2026 18:18:58.411 Added FXT[RZNA99]
24/09/2026 18:18:58.411 Added FXT[RZNA100]
24/09/2026 18:18:58.411 Added FXT[RZNA101]
24/09/2026 18:18:58.411 Added FXT[RZNA102]
24/09/2026 18:18:58.411 Added FXT[RZNA103]
24/09/2026 18:18:58.411 Added FXT[RZNA104]
24/09/2026 18:18:58.411 Added FXT[RZNA105]
24/09/2026 18:18:58.411 Added FXT[RZNA106]
24/09/2026 18:18:58.411 Added FXT[RZNA107]
24/09/2026 18:18:58.411 Added FXT[RZNA108]
24/09/2026 18:18:58.411 Added FXT[RZNA109]
24/09/2026 18:18:58.411 Added FXT[RZNA110]
24/09/2026 18:18:58.411 Added FXT[RZNA111]
24/09/2026 18:18:58.411 Added FXT[RZNA112]
24/09/2026 18:18:58.412 Added FXT[RZNA113]
24/09/2026 18:18:58.412 Added FXT[RZNA114]
24/09/2026 18:18:58.412 Added FXT[RZNA115]
24/09/2026 18:18:58.412 Added FXT[RZNA116]
24/09/2026 18:18:58.412 Added FXT[RZNA117]
24/09/2026 18:18:58.412 Added FXT[RZNA118]
24/09/2026 18:18:58.412 Added FXT[RZNA119]
24/09/2026 18:18:58.412 Added FXT[RZNA120]
24/09/2026 18:18:58.412 Added FXT[RZNA121]
24/09/2026 18:18:58.412 Added FXT[RZNA122]
24/09/2026 18:18:58.412 Added FXT[RZNA123]
24/09/2026 18:18:58.412 Added FXT[RZNA124]
24/09/2026 18:18:58.412 Added FXT[RZNA125]
24/09/2026 18:18:58.412 Added FXT[RZNA126]
24/09/2026 18:18:58.412 Added FXT[RZNA127]
24/09/2026 18:18:58.412 Added FXT[RZNA128]
24/09/2026 18:18:58.412 Added FXT[RZNA129]
24/09/2026 18:18:58.412 Added FXT[RZNA130]
24/09/2026 18:18:58.412 Added FXT[RZNA131]
24/09/2026 18:18:58.412 Added FXT[RZNA132]
24/09/2026 18:18:58.412 Added FXT[RZNA133]
24/09/2026 18:18:58.412 Added FXT[RZNA134]
24/09/2026 18:18:58.412 Added FXT[RZNA135]
24/09/2026 18:18:58.412 Added FXT[RZNA136]
24/09/2026 18:18:58.412 Added FXT[RZNA137]
24/09/2026 18:18:58.412 Added FXT[RZNA138]
24/09/2026 18:18:58.412 Added FXT[RZNA139]
24/09/2026 18:18:58.412 Added FXT[RZNA140]
24/09/2026 18:18:58.412 Added FXT[RZNA141]
24/09/2026 18:18:58.412 Added FXT[RZNA142]
24/09/2026 18:18:58.412 Added FXT[RZNA143]
24/09/2026 18:18:58.412 Added FXT[RZNA144]
24/09/2026 18:18:58.412 Added FXT[RZNA145]
24/09/2026 18:18:58.412 Added FXT[RZNA146]
24/09/2026 18:18:58.412 Added FXT[RZNA147]
24/09/2026 18:18:58.413 Added FXT[RZNA148]
24/09/2026 18:18:58.413 Added FXT[RZNA149]
24/09/2026 18:18:58.413 Added FXT[RZNA150]
24/09/2026 18:18:58.413 Added FXT[RZNA151]
24/09/2026 18:18:58.413 Added FXT[RZNA152]
24/09/2026 18:18:58.413 Added FXT[RZNA153]
24/09/2026 18:18:58.413 Added FXT[RZNA154]
24/09/2026 18:18:58.413 Added FXT[RZNA155]
24/09/2026 18:18:58.413 Added FXT[RZNA156]
24/09/2026 18:18:58.413 Added FXT[RZNA157]
24/09/2026 18:18:58.413 Added FXT[RZNA158]
24/09/2026 18:18:58.413 Added FXT[RZNA159]
24/09/2026 18:18:58.413 Added FXT[RZNA160]
24/09/2026 18:18:58.413 Added FXT[RZNA161]
24/09/2026 18:18:58.413 Added FXT[RZNA162]
24/09/2026 18:18:58.413 Added FXT[RZNA163]
24/09/2026 18:18:58.413 Added FXT[RZNA164]
24/09/2026 18:18:58.413 Added FXT[RZNA165]
24/09/2026 18:18:58.413 Added FXT[RZNA166]
24/09/2026 18:18:58.413 Added FXT[RZNA167]
24/09/2026 18:18:58.413 Added FXT[RZNA168]
24/09/2026 18:18:58.413 Added FXT[RZNA169]
24/09/2026 18:18:58.413 Added FXT[RZNA170]
24/09/2026 18:18:58.413 Added FXT[RZNA171]
24/09/2026 18:18:58.413 Added FXT[RZNA172]
24/09/2026 18:18:58.413 Added FXT[RZNA173]
24/09/2026 18:18:58.413 Added FXT[RZNA174]
24/09/2026 18:18:58.413 Added FXT[RZNA175]
24/09/2026 18:18:58.413 Added FXT[RZNA176]
24/09/2026 18:18:58.413 Added FXT[RZNA177]
24/09/2026 18:18:58.413 Added FXT[RZNA178]
24/09/2026 18:18:58.413 Added FXT[RZNA179]
24/09/2026 18:18:58.413 Added FXT[RZNA180]
24/09/2026 18:18:58.413 Added FXT[RZNA181]
24/09/2026 18:18:58.413 Added FXT[RZNA182]
24/09/2026 18:18:58.414 Added FXT[RZNA183]
24/09/2026 18:18:58.414 Added FXT[RZNA184]
24/09/2026 18:18:58.414 Added FXT[RZNA185]
24/09/2026 18:18:58.414 Added FXT[RZNA186]
24/09/2026 18:18:58.414 Added FXT[RZNA187]
24/09/2026 18:18:58.414 Added FXT[RZNA188]
24/09/2026 18:18:58.414 Added FXT[RZNA189]
24/09/2026 18:18:58.414 Added FXT[RZNA190]
24/09/2026 18:18:58.414 Added FXT[RZNA191]
24/09/2026 18:18:58.414 Added FXT[RZNA192]
24/09/2026 18:18:58.414 Added FXT[RZNA193]
24/09/2026 18:18:58.414 Added FXT[RZNA194]
24/09/2026 18:18:58.414 Added FXT[RZNA195]
24/09/2026 18:18:58.414 Added FXT[RZNA196]
24/09/2026 18:18:58.414 Added FXT[RZNA197]
24/09/2026 18:18:58.414 Added FXT[RZNA198]
24/09/2026 18:18:58.414 Added FXT[RZNA199]
24/09/2026 18:18:58.414 Added FXT[RZNA200]
24/09/2026 18:18:58.414 Added FXT[RZNA201]
24/09/2026 18:18:58.414 Added FXT[RZNA202]
24/09/2026 18:18:58.414 Added FXT[RZNA203]
24/09/2026 18:18:58.414 Added FXT[RZNA204]
24/09/2026 18:18:58.414 Added FXT[RZNA205]
24/09/2026 18:18:58.414 Added FXT[RZNA206]
24/09/2026 18:18:58.414 Added FXT[RZNA207]
24/09/2026 18:18:58.414 Added FXT[RZNA208]
24/09/2026 18:18:58.414 Added FXT[RZNA209]
24/09/2026 18:18:58.414 Added FXT[RZNA210]
24/09/2026 18:18:58.414 Added FXT[RZNA211]
24/09/2026 18:18:58.414 Added FXT[RZNA212]
24/09/2026 18:18:58.414 Added FXT[RZNA213]
24/09/2026 18:18:58.414 Added FXT[RZNA214]
24/09/2026 18:18:58.414 Added FXT[RZNA215]
24/09/2026 18:18:58.414 Added FXT[RZNA216]
24/09/2026 18:18:58.414 Added FXT[RZNA217]
24/09/2026 18:18:58.414 Added FXT[RZNA218]
24/09/2026 18:18:58.415 Added FXT[RZNA219]
24/09/2026 18:18:58.415 Added FXT[RZNA220]
24/09/2026 18:18:58.415 Added FXT[RZNA221]
24/09/2026 18:18:58.415 Added FXT[RZNA222]
24/09/2026 18:18:58.415 Added FXT[RZNA223]
24/09/2026 18:18:58.415 Added FXT[RZNA224]
24/09/2026 18:18:58.415 Added FXT[RZNA225]
24/09/2026 18:18:58.415 Added FXT[RZNA226]
24/09/2026 18:18:58.415 Added FXT[RZNA227]
24/09/2026 18:18:58.415 Added FXT[RZNA228]
24/09/2026 18:18:58.415 Added FXT[RZNA229]
24/09/2026 18:18:58.415 Added FXT[RZNA230]
24/09/2026 18:18:58.415 Added FXT[RZNA231]
24/09/2026 18:18:58.415 Added FXT[RZNA232]
24/09/2026 18:18:58.415 Added FXT[RZNA233]
24/09/2026 18:18:58.415 Added FXT[RZNA234]
24/09/2026 18:18:58.415 Added FXT[RZNA235]
24/09/2026 18:18:58.415 Added FXT[RZNA236]
24/09/2026 18:18:58.415 Added FXT[RZNA237]
24/09/2026 18:18:58.415 Added FXT[RZNA238]
24/09/2026 18:18:58.415 Added FXT[RZNA239]
24/09/2026 18:18:58.415 Added FXT[RZNA240]
24/09/2026 18:18:58.415 Added FXT[RZNA241]
24/09/2026 18:18:58.415 Added FXT[RZNA242]
24/09/2026 18:18:58.415 Added FXT[RZNA243]
24/09/2026 18:18:58.415 Added FXT[RZNA244]
24/09/2026 18:18:58.415 Added FXT[RZNA245]
24/09/2026 18:18:58.415 Added FXT[RZNA246]
24/09/2026 18:18:58.415 Added FXT[RZNA247]
24/09/2026 18:18:58.415 Added FXT[RZNA248]
24/09/2026 18:18:58.415 Added FXT[RZNA249]
24/09/2026 18:18:58.415 Added FXT[RZNA250]
24/09/2026 18:18:58.415 Added FXT[RZNA251]
24/09/2026 18:18:58.415 Added FXT[RZNA252]
24/09/2026 18:18:58.415 Added FXT[RZNA253]
24/09/2026 18:18:58.415 Added FXT[RZNA254]
24/09/2026 18:18:58.416 Added FXT[RZNA255]
24/09/2026 18:18:58.416 Added FXT[RZNA256]
24/09/2026 18:18:58.416 Added FXT[RZNA257]
24/09/2026 18:18:58.416 Added FXT[RZNA258]
24/09/2026 18:18:58.416 Added FXT[RZNA259]
24/09/2026 18:18:58.416 Added FXT[RZNA260]
24/09/2026 18:18:58.416 Added FXT[RZNA261]
24/09/2026 18:18:58.416 Added FXT[RZNA262]
24/09/2026 18:18:58.416 Added FXT[RZNA263]
24/09/2026 18:18:58.416 Added FXT[RZNA264]
24/09/2026 18:18:58.416 Added FXT[RZNA265]
24/09/2026 18:18:58.416 Added FXT[RZNA266]
24/09/2026 18:18:58.416 Added FXT[RZCHP2]
24/09/2026 18:18:58.416 Added FXT[RZSAC0]
24/09/2026 18:18:58.416 Added FXT[RZSAC1]
24/09/2026 18:18:58.416 Added FXT[RZSAC2]
24/09/2026 18:18:58.416 Added FXT[RZSAC3]
24/09/2026 18:18:58.416 Added FXT[RZSAC4]
24/09/2026 18:18:58.416 Added FXT[RZSAC5]
24/09/2026 18:18:58.416 Added FXT[RZSAC6]
24/09/2026 18:18:58.416 Added FXT[RZSAC7]
24/09/2026 18:18:58.416 Added FXT[RZSAC8]
24/09/2026 18:18:58.416 Added FXT[RZSAC9]
24/09/2026 18:18:58.416 Added FXT[RZSAC10]
24/09/2026 18:18:58.416 Added FXT[RZSAC11]
24/09/2026 18:18:58.416 Added FXT[RZSAC12]
24/09/2026 18:18:58.416 Added FXT[RZSAC13]
24/09/2026 18:18:58.416 Added FXT[RZSAC14]
24/09/2026 18:18:58.416 Added FXT[RZSAC15]
24/09/2026 18:18:58.416 Added FXT[RZSAC16]
24/09/2026 18:18:58.416 Added FXT[RZSAC17]
24/09/2026 18:18:58.416 Added FXT[RZSAC18]
24/09/2026 18:18:58.416 Added FXT[RZSAC19]
24/09/2026 18:18:58.416 Added FXT[RZSAC20]
24/09/2026 18:18:58.416 Added FXT[RZSAC21]
24/09/2026 18:18:58.416 Added FXT[RZSAC22]
24/09/2026 18:18:58.417 Added FXT[RZSAC23]
24/09/2026 18:18:58.417 Added FXT[RZSAC24]
24/09/2026 18:18:58.417 Added FXT[RZSAC25]
24/09/2026 18:18:58.417 Added FXT[RZSAC26]
24/09/2026 18:18:58.417 Added FXT[RZSAC27]
24/09/2026 18:18:58.417 Added FXT[RZSAC28]
24/09/2026 18:18:58.417 Added FXT[RZSAC29]
24/09/2026 18:18:58.417 Added FXT[RZSAC30]
24/09/2026 18:18:58.417 Added FXT[RZSAC31]
24/09/2026 18:18:58.417 Added FXT[RZSAC32]
24/09/2026 18:18:58.417 Added FXT[RZSAC33]
24/09/2026 18:18:58.417 Added FXT[RZCHP3]
24/09/2026 18:18:58.417 Added FXT[RZADS0]
24/09/2026 18:18:58.417 Added FXT[RZADSX1]
24/09/2026 18:18:58.417 Added FXT[RZCHP4]
24/09/2026 18:18:58.417 Added FXT[RZCHP5]
24/09/2026 18:18:58.417 Added FXT[RZAP0]
24/09/2026 18:18:58.417 Added FXT[RZAP1]
24/09/2026 18:18:58.417 Added FXT[RZAP1X]
24/09/2026 18:18:58.417 Added FXT[RZAP2]
24/09/2026 18:18:58.417 Added FXT[RZAP2X]
24/09/2026 18:18:58.417 Added FXT[RZAP3]
24/09/2026 18:18:58.417 Added FXT[RZAP3X]
24/09/2026 18:18:58.417 Added FXT[RZAP4]
24/09/2026 18:18:58.417 Added FXT[RZAP4X]
24/09/2026 18:18:58.417 Added FXT[RZAP5]
24/09/2026 18:18:58.417 Added FXT[RZAP5X]
24/09/2026 18:18:58.417 Added FXT[RZAP6]
24/09/2026 18:18:58.417 Added FXT[RZAP6X]
24/09/2026 18:18:58.417 Added FXT[RZAP7]
24/09/2026 18:18:58.417 Added FXT[RZAP7X]
24/09/2026 18:18:58.417 Added FXT[RZAP8]
24/09/2026 18:18:58.417 Added FXT[RZAP8X]
24/09/2026 18:18:58.418 Added FXT[RZAP9]
24/09/2026 18:18:58.418 Added FXT[RZAP9X]
24/09/2026 18:18:58.418 Added FXT[RZAP9Y]
24/09/2026 18:18:58.418 Added FXT[RZAP10]
24/09/2026 18:18:58.418 Added FXT[RZAP10X]
24/09/2026 18:18:58.418 Added FXT[RZAP11]
24/09/2026 18:18:58.418 Added FXT[RZAP11X]
24/09/2026 18:18:58.418 Added FXT[RZAPT1]
24/09/2026 18:18:58.418 Added FXT[RZAPT1X]
24/09/2026 18:18:58.418 Added FXT[RZAPT2]
24/09/2026 18:18:58.418 Added FXT[RZAPT2X]
24/09/2026 18:18:58.418 Added FXT[RZAPT3]
24/09/2026 18:18:58.418 Added FXT[RZAPT3X]
24/09/2026 18:18:58.418 Added FXT[RZAPT4]
24/09/2026 18:18:58.418 Added FXT[RZAPT4X]
24/09/2026 18:18:58.418 Added FXT[RZAPT5]
24/09/2026 18:18:58.418 Added FXT[RZAPT5X]
24/09/2026 18:18:58.418 Added FXT[RZAPT6]
24/09/2026 18:18:58.418 Added FXT[RZAPT6X]
24/09/2026 18:18:58.418 Added FXT[RZAPT7]
24/09/2026 18:18:58.418 Added FXT[RZAPT7X]
24/09/2026 18:18:58.418 Added FXT[RZAPT8]
24/09/2026 18:18:58.418 Added FXT[RZAPT8X]
24/09/2026 18:18:58.418 Added FXT[RZAPT9]
24/09/2026 18:18:58.418 Added FXT[RZAPT9X]
24/09/2026 18:18:58.418 Added FXT[RZAPT10]
24/09/2026 18:18:58.418 Added FXT[RZAPT0X]
24/09/2026 18:18:58.418 Added FXT[RZAPTXX]
24/09/2026 18:18:58.418 Added FXT[RZCHP6]
24/09/2026 18:18:58.418 Added FXT[RZPC0]
24/09/2026 18:18:58.418 Added FXT[RZPCX]
24/09/2026 18:18:58.418 Added FXT[RZPCX0]
24/09/2026 18:18:58.418 Added FXT[RZPCX1]
24/09/2026 18:18:58.419 Added FXT[RZPCX2]
24/09/2026 18:18:58.419 Added FXT[RZPCX3]
24/09/2026 18:18:58.419 Added FXT[RZCHP7]
24/09/2026 18:18:58.419 Added FXT[RZCHP7A]
24/09/2026 18:18:58.419 Added FXT[RZCHP7B]
24/09/2026 18:18:58.419 Added FXT[RZCHP7X]
24/09/2026 18:18:58.419 Added FXT[RZPO2]
24/09/2026 18:18:58.419 Added FXT[RZACP0]
24/09/2026 18:18:58.419 Added FXT[RZACP1]
24/09/2026 18:18:58.419 Added FXT[RZPED0]
24/09/2026 18:18:58.419 Added FXT[RZPED1]
24/09/2026 18:18:58.419 Added FXT[RZPED2]
24/09/2026 18:18:58.419 Added FXT[RZPED3]
24/09/2026 18:18:58.419 Added FXT[RZPED4]
24/09/2026 18:18:58.419 Added FXT[RZPED5]
24/09/2026 18:18:58.419 Added FXT[RZPED6]
24/09/2026 18:18:58.419 Added FXT[RZPED7]
24/09/2026 18:18:58.419 Added FXT[RZPED8]
24/09/2026 18:18:58.419 Added FXT[RZPED9]
24/09/2026 18:18:58.419 Added FXT[RZPED10]
24/09/2026 18:18:58.419 Added FXT[RZPED11]
24/09/2026 18:18:58.419 Added FXT[RZPED12]
24/09/2026 18:18:58.419 Added FXT[RZPED13]
24/09/2026 18:18:58.419 Added FXT[RZPED14]
24/09/2026 18:18:58.419 Added FXT[RZPED15]
24/09/2026 18:18:58.419 Added FXT[RZPED16]
24/09/2026 18:18:58.419 Added FXT[RZPED17]
24/09/2026 18:18:58.419 Added FXT[RZPED18]
24/09/2026 18:18:58.419 Added FXT[RZPED19]
24/09/2026 18:18:58.419 Added FXT[RZPED20]
24/09/2026 18:18:58.419 Added FXT[RZPED21]
24/09/2026 18:18:58.419 Added FXT[RZACP2]
24/09/2026 18:18:58.419 Added FXT[RZGRP0]
24/09/2026 18:18:58.419 Added FXT[RZGRP1]
24/09/2026 18:18:58.419 Added FXT[RZGRP2]
24/09/2026 18:18:58.419 Added FXT[RZGRP3]
24/09/2026 18:18:58.420 Added FXT[RZGRP4]
24/09/2026 18:18:58.420 Added FXT[RZGRP5]
24/09/2026 18:18:58.420 Added FXT[RZGRP6]
24/09/2026 18:18:58.420 Added FXT[RZGRP7]
24/09/2026 18:18:58.420 Added FXT[RZGRP8]
24/09/2026 18:18:58.420 Added FXT[RZGRP9]
24/09/2026 18:18:58.420 Added FXT[RZGRP10]
24/09/2026 18:18:58.420 Added FXT[RZGRP11]
24/09/2026 18:18:58.420 Added FXT[RZGRP12]
24/09/2026 18:18:58.420 Added FXT[RZPO3]
24/09/2026 18:18:58.420 Added FXT[RZBDG0]
24/09/2026 18:18:58.420 Added FXT[RZBDG1]
24/09/2026 18:18:58.420 Added FXT[RZBDGX]
24/09/2026 18:18:58.420 Added FXT[RZBDG2]
24/09/2026 18:18:58.420 Added FXT[RZBDG3]
24/09/2026 18:18:58.420 Added FXT[RZBDG4]
24/09/2026 18:18:58.420 Added FXT[RZBDGW0]
24/09/2026 18:18:58.420 Added FXT[RZBDGW1]
24/09/2026 18:18:58.420 Added FXT[RZBDGW2]
24/09/2026 18:18:58.420 Added FXT[RZPO4]
24/09/2026 18:18:58.420 Added FXT[RZSTT0]
24/09/2026 18:18:58.420 Added FXT[RZSTT1]
24/09/2026 18:18:58.420 Added FXT[RZSTT2]
24/09/2026 18:18:58.420 Added FXT[RZSTT3]
24/09/2026 18:18:58.420 Added FXT[RZSTT4]
24/09/2026 18:18:58.420 Added FXT[RZSTT5]
24/09/2026 18:18:58.420 Added FXT[RZSTT6]
24/09/2026 18:18:58.420 Added FXT[RZSTT7]
24/09/2026 18:18:58.420 Added FXT[RZSTT8]
24/09/2026 18:18:58.420 Added FXT[RZSTT9]
24/09/2026 18:18:58.420 Added FXT[RZSTT10]
24/09/2026 18:18:58.420 Added FXT[RZSTT11]
24/09/2026 18:18:58.420 Added FXT[RZSTT12]
24/09/2026 18:18:58.421 Added FXT[RZSTT13]
24/09/2026 18:18:58.421 Added FXT[RZSTT14]
24/09/2026 18:18:58.421 Added FXT[RZSTT15]
24/09/2026 18:18:58.421 Added FXT[RZSTT16]
24/09/2026 18:18:58.421 Added FXT[RZSTT17]
24/09/2026 18:18:58.421 Added FXT[RZSTT18]
24/09/2026 18:18:58.421 Added FXT[RZSTT19]
24/09/2026 18:18:58.421 Added FXT[RZSTT20]
24/09/2026 18:18:58.421 Added FXT[RZSTT21]
24/09/2026 18:18:58.421 Added FXT[RZSTT22]
24/09/2026 18:18:58.421 Added FXT[RZSTT23]
24/09/2026 18:18:58.421 Added FXT[RZSTT24]
24/09/2026 18:18:58.421 Added FXT[RZSTT25]
24/09/2026 18:18:58.421 Added FXT[RZSTT26]
24/09/2026 18:18:58.421 Added FXT[RZSTT27]
24/09/2026 18:18:58.421 Added FXT[RZSTT28]
24/09/2026 18:18:58.421 Added FXT[RZSTT29]
24/09/2026 18:18:58.421 Added FXT[RZSTT30]
24/09/2026 18:18:58.421 Added FXT[RZSTT31]
24/09/2026 18:18:58.421 Added FXT[RZSTT32]
24/09/2026 18:18:58.421 Added FXT[RZSTT33]
24/09/2026 18:18:58.421 Added FXT[RZSTT34]
24/09/2026 18:18:58.421 Added FXT[RZABR0]
24/09/2026 18:18:58.421 Added FXT[RZABR1]
24/09/2026 18:18:58.421 Added FXT[RZABR2]
24/09/2026 18:18:58.421 Added FXT[RZABR3]
24/09/2026 18:18:58.421 Added FXT[RZABR4]
24/09/2026 18:18:58.421 Added FXT[RZABR5]
24/09/2026 18:18:58.421 Added FXT[RZABR6]
24/09/2026 18:18:58.421 Added FXT[RZABR7]
24/09/2026 18:18:58.421 Added FXT[RZABR8]
24/09/2026 18:18:58.421 Added FXT[RZPO5]
24/09/2026 18:18:58.421 Added FXT[RZMNPX]
24/09/2026 18:18:58.421 Added FXT[RZMNPY]
24/09/2026 18:18:58.421 Added FXT[RZMNPZ]
24/09/2026 18:18:58.421 Added FXT[RZMNP0]
24/09/2026 18:18:58.422 Added FXT[RZMNP1]
24/09/2026 18:18:58.422 Added FXT[RZMNP2]
24/09/2026 18:18:58.422 Added FXT[RZMNP3]
24/09/2026 18:18:58.422 Added FXT[RZMNP4]
24/09/2026 18:18:58.422 Added FXT[RZPO6]
24/09/2026 18:18:58.422 Added FXT[RZPO7]
24/09/2026 18:18:58.422 Added FXT[RZPO8]
24/09/2026 18:18:58.422 Added FXT[RZPO9]
24/09/2026 18:18:58.422 Added FXT[RZPO10]
24/09/2026 18:18:58.422 Added FXT[RZHLAM0]
24/09/2026 18:18:58.422 Added FXT[RZHLAM1]
24/09/2026 18:18:58.422 Added FXT[RZHLAM2]
24/09/2026 18:18:58.422 Added FXT[RZHLAM3]
24/09/2026 18:18:58.422 Added FXT[RZHLAM4]
24/09/2026 18:18:58.422 Added FXT[RZHLAM5]
24/09/2026 18:18:58.422 Added FXT[RZHLAM6]
24/09/2026 18:18:58.422 Added FXT[RZPO11]
24/09/2026 18:18:58.422 Added FXT[RZPO12]
24/09/2026 18:18:58.422 Added FXT[RZPO13]
24/09/2026 18:18:58.423 Added FXT[RZPO14]
24/09/2026 18:18:58.423 Added FXT[RZPO15]
24/09/2026 18:18:58.423 Added FXT[RZPO16]
24/09/2026 18:18:58.423 Added FXT[RZPO17]
24/09/2026 18:18:58.423 Added FXT[RZPO18]
24/09/2026 18:18:58.423 Added FXT[RZPO19]
24/09/2026 18:18:58.423 Added FXT[RZPO20]
24/09/2026 18:18:58.423 Added FXT[RZPO21]
24/09/2026 18:18:58.423 Added FXT[RZPO22]
24/09/2026 18:18:58.423 Added FXT[RZPO23]
24/09/2026 18:18:58.423 Added FXT[RZPO24]
24/09/2026 18:18:58.423 Added FXT[RZOPO1]
24/09/2026 18:18:58.423 Added FXT[RZWLK0]
24/09/2026 18:18:58.423 Added FXT[RZWLK1]
24/09/2026 18:18:58.423 Added FXT[RZWLK2]
24/09/2026 18:18:58.423 Added FXT[RZWLK3]
24/09/2026 18:18:58.423 Added FXT[RZWLK4]
24/09/2026 18:18:58.423 Added FXT[RZWLK5]
24/09/2026 18:18:58.423 Added FXT[RZWLK6]
24/09/2026 18:18:58.423 Added FXT[RZWLK7]
24/09/2026 18:18:58.423 Added FXT[RZWLK8]
24/09/2026 18:18:58.423 Added FXT[RZWLK9]
24/09/2026 18:18:58.423 Added FXT[RZWLK10]
24/09/2026 18:18:58.423 Added FXT[RZWLK11]
24/09/2026 18:18:58.423 Added FXT[RZWLK12]
24/09/2026 18:18:58.423 Added FXT[RZWLK13]
24/09/2026 18:18:58.423 Added FXT[RZWLK14]
24/09/2026 18:18:58.423 Added FXT[RZWLK15]
24/09/2026 18:18:58.423 Added FXT[RZWLK16]
24/09/2026 18:18:58.423 Added FXT[RZWLK17]
24/09/2026 18:18:58.423 Added FXT[RZWLK18]
24/09/2026 18:18:58.423 Added FXT[RZWLK19]
24/09/2026 18:18:58.423 Added FXT[RZWLK20]
24/09/2026 18:18:58.423 Added FXT[RZWLK21]
24/09/2026 18:18:58.424 Added FXT[RZWLK22]
24/09/2026 18:18:58.424 Added FXT[RZWLK23]
24/09/2026 18:18:58.424 Added FXT[RZWLK24]
24/09/2026 18:18:58.424 Added FXT[RZWLK25]
24/09/2026 18:18:58.424 Added FXT[RZWLK26]
24/09/2026 18:18:58.424 Added FXT[RZWLK27]
24/09/2026 18:18:58.424 Added FXT[RZWLK28]
24/09/2026 18:18:58.424 Added FXT[RZWLK29]
24/09/2026 18:18:58.424 Added FXT[RZOPO2]
24/09/2026 18:18:58.424 Added FXT[RZFTS0]
24/09/2026 18:18:58.424 Added FXT[RZFTS1]
24/09/2026 18:18:58.424 Added FXT[RZFTS2]
24/09/2026 18:18:58.424 Added FXT[RZFTS3]
24/09/2026 18:18:58.424 Added FXT[RZFTS4]
24/09/2026 18:18:58.424 Added FXT[RZFTS5]
24/09/2026 18:18:58.424 Added FXT[RZFTS6]
24/09/2026 18:18:58.424 Added FXT[RZFTS7]
24/09/2026 18:18:58.424 Added FXT[RZFTS8]
24/09/2026 18:18:58.424 Added FXT[RZFTS9]
24/09/2026 18:18:58.424 Added FXT[RZFTS10]
24/09/2026 18:18:58.424 Added FXT[RZFTS11]
24/09/2026 18:18:58.424 Added FXT[RZFTS12]
24/09/2026 18:18:58.424 Added FXT[RZFTS13]
24/09/2026 18:18:58.424 Added FXT[RZOPO3]
24/09/2026 18:18:58.424 Added FXT[RZMCFT0]
24/09/2026 18:18:58.424 Added FXT[RZMCFT1]
24/09/2026 18:18:58.424 Added FXT[RZMCFT2]
24/09/2026 18:18:58.424 Added FXT[RZMCFT3]
24/09/2026 18:18:58.424 Added FXT[RZMCFT4]
24/09/2026 18:18:58.424 Added FXT[RZOPO4]
24/09/2026 18:18:58.424 Added FXT[RZMNY0]
24/09/2026 18:18:58.424 Added FXT[RZMNY1P]
24/09/2026 18:18:58.424 Added FXT[RZMNY1M]
24/09/2026 18:18:58.424 Added FXT[RZMNY2]
24/09/2026 18:18:58.424 Added FXT[RZMNY3]
24/09/2026 18:18:58.424 Added FXT[RZMNY4]
24/09/2026 18:18:58.424 Added FXT[RZOPO5]
24/09/2026 18:18:58.425 Added FXT[RZGGWP0]
24/09/2026 18:18:58.425 Added FXT[RZGGWP1]
24/09/2026 18:18:58.425 Added FXT[RZGGWP2]
24/09/2026 18:18:58.425 Added FXT[RZOPO6]
24/09/2026 18:18:58.425 Added FXT[RZPTF0]
24/09/2026 18:18:58.425 Added FXT[RZPTF1]
24/09/2026 18:18:58.425 Added FXT[RZPTF2]
24/09/2026 18:18:58.425 Added FXT[RZPTF3]
24/09/2026 18:18:58.425 Added FXT[RZPTF4]
24/09/2026 18:18:58.425 Added FXT[RZPTF5]
24/09/2026 18:18:58.425 Added FXT[RZPTF6]
24/09/2026 18:18:58.425 Added FXT[RZPTF7]
24/09/2026 18:18:58.425 Added FXT[RZPTF8]
24/09/2026 18:18:58.425 Added FXT[RZPTF9]
24/09/2026 18:18:58.425 Added FXT[RZPTF10]
24/09/2026 18:18:58.425 Added FXT[RZPTF11]
24/09/2026 18:18:58.425 Added FXT[RZPTF12]
24/09/2026 18:18:58.425 Added FXT[RZPTF13]
24/09/2026 18:18:58.425 Added FXT[RZPTF14]
24/09/2026 18:18:58.425 Added FXT[RZPTF15]
24/09/2026 18:18:58.425 Added FXT[RZPTF16]
24/09/2026 18:18:58.425 Added FXT[RZPTF17]
24/09/2026 18:18:58.425 Added FXT[RZPTF18]
24/09/2026 18:18:58.425 Added FXT[RZPTF19]
24/09/2026 18:18:58.425 Added FXT[RZPTF20]
24/09/2026 18:18:58.425 Added FXT[RZPTFX]
24/09/2026 18:18:58.425 Added FXT[RZOPO7]
24/09/2026 18:18:58.425 Added FXT[RZCMRZ0]
24/09/2026 18:18:58.425 Added FXT[RZCMRZ1]
24/09/2026 18:18:58.425 Added FXT[RZCMRZ2]
24/09/2026 18:18:58.425 Added FXT[RZPO25]
24/09/2026 18:18:58.425 Added FXT[RZPO26]
24/09/2026 18:18:58.425 Added FXT[RZPO27]
24/09/2026 18:18:58.425 Added FXT[RZMM2]
24/09/2026 18:18:58.425 Added FXT[RZVO0]
24/09/2026 18:18:58.426 Added FXT[RZVO1]
24/09/2026 18:18:58.426 Added FXT[RZVS0]
24/09/2026 18:18:58.426 Added FXT[RZVS1]
24/09/2026 18:18:58.426 Added FXT[RZBS0]
24/09/2026 18:18:58.426 Added FXT[RZBS1]
24/09/2026 18:18:58.426 Added FXT[RZBS2]
24/09/2026 18:18:58.426 Added FXT[RZVS2]
24/09/2026 18:18:58.426 Added FXT[RZCS0]
24/09/2026 18:18:58.426 Added FXT[RZCSA]
24/09/2026 18:18:58.426 Added FXT[RZCSB]
24/09/2026 18:18:58.426 Added FXT[RZCSC]
24/09/2026 18:18:58.426 Added FXT[RZCSD]
24/09/2026 18:18:58.426 Added FXT[RZCSE]
24/09/2026 18:18:58.426 Added FXT[RZCSF]
24/09/2026 18:18:58.426 Added FXT[RZCSG]
24/09/2026 18:18:58.426 Added FXT[RZCSH]
24/09/2026 18:18:58.426 Added FXT[RZCSI]
24/09/2026 18:18:58.426 Added FXT[RZCSJ]
24/09/2026 18:18:58.426 Added FXT[RZCSK]
24/09/2026 18:18:58.426 Added FXT[RZCSL]
24/09/2026 18:18:58.426 Added FXT[RZCSM]
24/09/2026 18:18:58.426 Added FXT[RZCSN]
24/09/2026 18:18:58.426 Added FXT[RZCSO]
24/09/2026 18:18:58.426 Added FXT[RZCSP]
24/09/2026 18:18:58.426 Added FXT[RZCSQ]
24/09/2026 18:18:58.426 Added FXT[RZCSR]
24/09/2026 18:18:58.426 Added FXT[RZCSS]
24/09/2026 18:18:58.426 Added FXT[RZCST]
24/09/2026 18:18:58.426 Added FXT[RZCSU]
24/09/2026 18:18:58.426 Added FXT[RZCSV]
24/09/2026 18:18:58.426 Added FXT[RZCSW]
24/09/2026 18:18:58.426 Added FXT[RZCSX]
24/09/2026 18:18:58.426 Added FXT[RZCSY]
24/09/2026 18:18:58.426 Added FXT[RZCSZ]
24/09/2026 18:18:58.426 Added FXT[RZVS3]
24/09/2026 18:18:58.426 Added FXT[RZBOA]
24/09/2026 18:18:58.426 Added FXT[RZVS4]
24/09/2026 18:18:58.427 Added FXT[RZPS0]
24/09/2026 18:18:58.427 Added FXT[RZVS5]
24/09/2026 18:18:58.427 Added FXT[RZHS0]
24/09/2026 18:18:58.427 Added FXT[RZVS6]
24/09/2026 18:18:58.427 Added FXT[RZTS0]
24/09/2026 18:18:58.427 Added FXT[RZTS1]
24/09/2026 18:18:58.427 Added FXT[RZTS2]
24/09/2026 18:18:58.427 Added FXT[RZTS3]
24/09/2026 18:18:58.427 Added FXT[RZTS4]
24/09/2026 18:18:58.427 Added FXT[RZTS5]
24/09/2026 18:18:58.427 Added FXT[RZTS6]
24/09/2026 18:18:58.427 Added FXT[RZTS7]
24/09/2026 18:18:58.427 Added FXT[RZTS8]
24/09/2026 18:18:58.427 Added FXT[RZTS9]
24/09/2026 18:18:58.427 Added FXT[RZTS10]
24/09/2026 18:18:58.427 Added FXT[RZTS11]
24/09/2026 18:18:58.427 Added FXT[RZATS1]
24/09/2026 18:18:58.427 Added FXT[RZATS2]
24/09/2026 18:18:58.427 Added FXT[RZATS3]
24/09/2026 18:18:58.427 Added FXT[RZATS4]
24/09/2026 18:18:58.427 Added FXT[RZATS5]
24/09/2026 18:18:58.427 Added FXT[RZATS6]
24/09/2026 18:18:58.427 Added FXT[RZATS7]
24/09/2026 18:18:58.427 Added FXT[RZATS8]
24/09/2026 18:18:58.427 Added FXT[RZATSD]
24/09/2026 18:18:58.427 Added FXT[RZATSTN]
24/09/2026 18:18:58.427 Added FXT[RZVS7]
24/09/2026 18:18:58.427 Added FXT[RZTRS0]
24/09/2026 18:18:58.427 Added FXT[RZTRS1]
24/09/2026 18:18:58.427 Added FXT[RZTRS2]
24/09/2026 18:18:58.427 Added FXT[RZTRS3]
24/09/2026 18:18:58.427 Added FXT[RZTRS4]
24/09/2026 18:18:58.427 Added FXT[RZTRS5]
24/09/2026 18:18:58.427 Added FXT[RZTRS6]
24/09/2026 18:18:58.427 Added FXT[RZTRS7]
24/09/2026 18:18:58.427 Added FXT[RZTRS8]
24/09/2026 18:18:58.428 Added FXT[RZTRS9]
24/09/2026 18:18:58.428 Added FXT[RZVS8]
24/09/2026 18:18:58.428 Added FXT[RZSRC0]
24/09/2026 18:18:58.428 Added FXT[RZSRC1]
24/09/2026 18:18:58.428 Added FXT[RZSRC2]
24/09/2026 18:18:58.428 Added FXT[RZSRC3]
24/09/2026 18:18:58.428 Added FXT[RZSRC4]
24/09/2026 18:18:58.428 Added FXT[RZSRC5]
24/09/2026 18:18:58.428 Added FXT[RZVS9]
24/09/2026 18:18:58.428 Added FXT[RZAV0]
24/09/2026 18:18:58.428 Added FXT[RZAV1]
24/09/2026 18:18:58.428 Added FXT[RZVS10]
24/09/2026 18:18:58.428 Added FXT[RZSCV0]
24/09/2026 18:18:58.428 Added FXT[RZSCVA]
24/09/2026 18:18:58.428 Added FXT[RZSCVX]
24/09/2026 18:18:58.428 Added FXT[RZSCVY]
24/09/2026 18:18:58.428 Added FXT[RZVS11]
24/09/2026 18:18:58.428 Added FXT[RZLSV0]
24/09/2026 18:18:58.428 Added FXT[RZVS12]
24/09/2026 18:18:58.428 Added FXT[RZIVID0]
24/09/2026 18:18:58.428 Added FXT[RZIVID1]
24/09/2026 18:18:58.428 Added FXT[RZIVID2]
24/09/2026 18:18:58.428 Added FXT[RZIVID3]
24/09/2026 18:18:58.428 Added FXT[RZIVID4]
24/09/2026 18:18:58.428 Added FXT[RZVS13]
24/09/2026 18:18:58.428 Added FXT[RZVS14]
24/09/2026 18:18:58.428 Added FXT[RZVS15]
24/09/2026 18:18:58.428 Added FXT[RZVS16]
24/09/2026 18:18:58.428 Added FXT[RZVSM1]
24/09/2026 18:18:58.428 Added FXT[RZVSM2]
24/09/2026 18:18:58.428 Added FXT[RZVSM3]
24/09/2026 18:18:58.428 Added FXT[RZVS17]
24/09/2026 18:18:58.428 Added FXT[RZIVDF0]
24/09/2026 18:18:58.428 Added FXT[RZIVDF1]
24/09/2026 18:18:58.428 Added FXT[RZIVDF2]
24/09/2026 18:18:58.428 Added FXT[RZIVDF3]
24/09/2026 18:18:58.429 Added FXT[RZIVDF4]
24/09/2026 18:18:58.429 Added FXT[RZIVDF5]
24/09/2026 18:18:58.429 Added FXT[RZVO2]
24/09/2026 18:18:58.429 Added FXT[RZMD0]
24/09/2026 18:18:58.429 Added FXT[RZMD1]
24/09/2026 18:18:58.429 Added FXT[RZMDC0]
24/09/2026 18:18:58.429 Added FXT[RZMDC1]
24/09/2026 18:18:58.429 Added FXT[RZMD2]
24/09/2026 18:18:58.429 Added FXT[RZMDP0]
24/09/2026 18:18:58.429 Added FXT[RZMDP1]
24/09/2026 18:18:58.429 Added FXT[RZMD3]
24/09/2026 18:18:58.429 Added FXT[RZMDNN0]
24/09/2026 18:18:58.429 Added FXT[RZMDNN1]
24/09/2026 18:18:58.429 Added FXT[RZNNC0]
24/09/2026 18:18:58.429 Added FXT[RZNNC1]
24/09/2026 18:18:58.429 Added FXT[RZNNC2]
24/09/2026 18:18:58.429 Added FXT[RZMDNN2]
24/09/2026 18:18:58.429 Added FXT[RZNNF0]
24/09/2026 18:18:58.429 Added FXT[RZNNF1]
24/09/2026 18:18:58.429 Added FXT[RZMDNN3]
24/09/2026 18:18:58.429 Added FXT[RZNNW0]
24/09/2026 18:18:58.429 Added FXT[RZNNW1]
24/09/2026 18:18:58.429 Added FXT[RZNNW2]
24/09/2026 18:18:58.429 Added FXT[RZNNW3]
24/09/2026 18:18:58.429 Added FXT[RZMD4]
24/09/2026 18:18:58.429 Added FXT[RZMDW0]
24/09/2026 18:18:58.429 Added FXT[RZMD5]
24/09/2026 18:18:58.429 Added FXT[RZMDN0]
24/09/2026 18:18:58.429 Added FXT[RZMD6]
24/09/2026 18:18:58.429 Added FXT[RZMDS0]
24/09/2026 18:18:58.429 Added FXT[RZMDS9]
24/09/2026 18:18:58.429 Added FXT[RZMDS10]
24/09/2026 18:18:58.429 Added FXT[RZMDS11]
24/09/2026 18:18:58.429 Added FXT[RZMDS12]
24/09/2026 18:18:58.429 Added FXT[RZMDS13]
24/09/2026 18:18:58.429 Added FXT[RZMDS14]
24/09/2026 18:18:58.430 Added FXT[RZMDS15]
24/09/2026 18:18:58.430 Added FXT[RZMDS16]
24/09/2026 18:18:58.430 Added FXT[RZMDS17]
24/09/2026 18:18:58.430 Added FXT[RZMDS18]
24/09/2026 18:18:58.430 Added FXT[RZMDS19]
24/09/2026 18:18:58.430 Added FXT[RZMDS20]
24/09/2026 18:18:58.430 Added FXT[RZMD7]
24/09/2026 18:18:58.430 Added FXT[RZMFB0]
24/09/2026 18:18:58.430 Added FXT[RZMD7A]
24/09/2026 18:18:58.430 Added FXT[RZMFB1]
24/09/2026 18:18:58.430 Added FXT[RZMD8]
24/09/2026 18:18:58.430 Added FXT[RZMRB0]
24/09/2026 18:18:58.430 Added FXT[RZMD8A]
24/09/2026 18:18:58.430 Added FXT[RZMRB1]
24/09/2026 18:18:58.430 Added FXT[RZMD9]
24/09/2026 18:18:58.430 Added FXT[RZMDSK0]
24/09/2026 18:18:58.430 Added FXT[RZMD10]
24/09/2026 18:18:58.430 Added FXT[RZMDH0]
24/09/2026 18:18:58.430 Added FXT[RZMDH1]
24/09/2026 18:18:58.430 Added FXT[RZMD11]
24/09/2026 18:18:58.430 Added FXT[RZMDV0]
24/09/2026 18:18:58.430 Added FXT[RZMD12]
24/09/2026 18:18:58.430 Added FXT[RZMDR0]
24/09/2026 18:18:58.430 Added FXT[RZMD13]
24/09/2026 18:18:58.430 Added FXT[RZMDE0]
24/09/2026 18:18:58.430 Added FXT[RZMD14]
24/09/2026 18:18:58.430 Added FXT[RZMDMC]
24/09/2026 18:18:58.430 Added FXT[RZMD15]
24/09/2026 18:18:58.430 Added FXT[RZMDL0]
24/09/2026 18:18:58.430 Added FXT[RZMD16]
24/09/2026 18:18:58.430 Added FXT[RZMDCS0]
24/09/2026 18:18:58.430 Added FXT[RZMD17]
24/09/2026 18:18:58.430 Added FXT[RZMDHY0]
24/09/2026 18:18:58.430 Added FXT[RZMD18]
24/09/2026 18:18:58.430 Added FXT[RZMDEX0]
24/09/2026 18:18:58.430 Added FXT[RZMDEX1]
24/09/2026 18:18:58.431 Added FXT[RZMDX]
24/09/2026 18:18:58.431 Added FXT[RZMDZ]
24/09/2026 18:18:58.431 Added FXT[RZVO3]
24/09/2026 18:18:58.431 Added FXT[RZNN0]
24/09/2026 18:18:58.431 Added FXT[RZNN1]
24/09/2026 18:18:58.431 Added FXT[RZNN2]
24/09/2026 18:18:58.431 Added FXT[RZNN3]
24/09/2026 18:18:58.431 Added FXT[RZVO4]
24/09/2026 18:18:58.431 Added FXT[RZNT0]
24/09/2026 18:18:58.431 Added FXT[RZNT1]
24/09/2026 18:18:58.431 Added FXT[RZNT2]
24/09/2026 18:18:58.431 Added FXT[RZNT3]
24/09/2026 18:18:58.431 Added FXT[RZNT3Z]
24/09/2026 18:18:58.431 Added FXT[RZNT4]
24/09/2026 18:18:58.431 Added FXT[RZNT4A]
24/09/2026 18:18:58.431 Added FXT[RZNT4B]
24/09/2026 18:18:58.431 Added FXT[RZNT5]
24/09/2026 18:18:58.431 Added FXT[RZNT6]
24/09/2026 18:18:58.431 Added FXT[RZVO5]
24/09/2026 18:18:58.431 Added FXT[RZVO6]
24/09/2026 18:18:58.431 Added FXT[RZVO7]
24/09/2026 18:18:58.431 Added FXT[RZVO8]
24/09/2026 18:18:58.431 Added FXT[RZVO9]
24/09/2026 18:18:58.431 Added FXT[RZVO10]
24/09/2026 18:18:58.431 Added FXT[RZVO11]
24/09/2026 18:18:58.431 Added FXT[RZVO12]
24/09/2026 18:18:58.431 Added FXT[RZVO13]
24/09/2026 18:18:58.431 Added FXT[RZVO14]
24/09/2026 18:18:58.431 Added FXT[RZVO14X]
24/09/2026 18:18:58.431 Added FXT[RZVO15]
24/09/2026 18:18:58.431 Added FXT[RZVO16]
24/09/2026 18:18:58.431 Added FXT[RZSOM0]
24/09/2026 18:18:58.431 Added FXT[RZSOM1]
24/09/2026 18:18:58.431 Added FXT[RZSOM2]
24/09/2026 18:18:58.431 Added FXT[RZVO17]
24/09/2026 18:18:58.431 Added FXT[RZVO18]
24/09/2026 18:18:58.431 Added FXT[RZVO19]
24/09/2026 18:18:58.431 Added FXT[RZVO20]
24/09/2026 18:18:58.431 Added FXT[RZVO21]
24/09/2026 18:18:58.431 Added FXT[RZVO22]
24/09/2026 18:18:58.431 Added FXT[RZVO23]
24/09/2026 18:18:58.431 Added FXT[RZVO23X]
24/09/2026 18:18:58.431 Added FXT[RZVO24]
24/09/2026 18:18:58.431 Added FXT[RZVO25]
24/09/2026 18:18:58.431 Added FXT[RZVO26]
24/09/2026 18:18:58.431 Added FXT[RZVO27]
24/09/2026 18:18:58.431 Added FXT[RZVO28]
24/09/2026 18:18:58.431 Added FXT[RZVO29]
24/09/2026 18:18:58.431 Added FXT[RZVHLT0]
24/09/2026 18:18:58.431 Added FXT[RZVHLT1]
24/09/2026 18:18:58.431 Added FXT[RZVHLT2]
24/09/2026 18:18:58.431 Added FXT[RZVHLT3]
24/09/2026 18:18:58.431 Added FXT[RZVO30]
24/09/2026 18:18:58.431 Added FXT[RZVDOR0]
24/09/2026 18:18:58.432 Added FXT[RZVDOR1]
24/09/2026 18:18:58.432 Added FXT[RZVDOR2]
24/09/2026 18:18:58.432 Added FXT[RZVDOR3]
24/09/2026 18:18:58.432 Added FXT[RZVDOR4]
24/09/2026 18:18:58.432 Added FXT[RZVDOR5]
24/09/2026 18:18:58.432 Added FXT[RZVDOR6]
24/09/2026 18:18:58.432 Added FXT[RZVDOR7]
24/09/2026 18:18:58.432 Added FXT[RZVO31]
24/09/2026 18:18:58.432 Added FXT[RZVOP0]
24/09/2026 18:18:58.432 Added FXT[RZVOP1]
24/09/2026 18:18:58.432 Added FXT[RZVOP2]
24/09/2026 18:18:58.432 Added FXT[RZVOP3]
24/09/2026 18:18:58.432 Added FXT[RZVOP4]
24/09/2026 18:18:58.432 Added FXT[RZVOP5]
24/09/2026 18:18:58.432 Added FXT[RZVOPX]
24/09/2026 18:18:58.432 Added FXT[RZVO32]
24/09/2026 18:18:58.432 Added FXT[RZVO33]
24/09/2026 18:18:58.432 Added FXT[RZVO34]
24/09/2026 18:18:58.432 Added FXT[RZVO35]
24/09/2026 18:18:58.432 Added FXT[RZMM3]
24/09/2026 18:18:58.432 Added FXT[RZWNO0]
24/09/2026 18:18:58.432 Added FXT[RZWNO1]
24/09/2026 18:18:58.432 Added FXT[RZWNO2]
24/09/2026 18:18:58.432 Added FXT[RZWNO3]
24/09/2026 18:18:58.432 Added FXT[RZWNO4]
24/09/2026 18:18:58.432 Added FXT[RZMM4]
24/09/2026 18:18:58.432 Added FXT[RZWPO0]
24/09/2026 18:18:58.432 Added FXT[RZWPO1]
24/09/2026 18:18:58.432 Added FXT[RZWPS0]
24/09/2026 18:18:58.432 Added FXT[RZWPS1]
24/09/2026 18:18:58.432 Added FXT[RZMLE0]
24/09/2026 18:18:58.432 Added FXT[RZMLE1]
24/09/2026 18:18:58.432 Added FXT[RZMLE2]
24/09/2026 18:18:58.432 Added FXT[RZMLE3]
24/09/2026 18:18:58.432 Added FXT[RZMLE4]
24/09/2026 18:18:58.433 Added FXT[RZMLE5]
24/09/2026 18:18:58.433 Added FXT[RZMLE6]
24/09/2026 18:18:58.433 Added FXT[RZMLE7]
24/09/2026 18:18:58.433 Added FXT[RZMLE8]
24/09/2026 18:18:58.433 Added FXT[RZMLE9]
24/09/2026 18:18:58.433 Added FXT[RZWPS2]
24/09/2026 18:18:58.433 Added FXT[RZPTL0]
24/09/2026 18:18:58.433 Added FXT[RZPTL1]
24/09/2026 18:18:58.433 Added FXT[RZPTL2]
24/09/2026 18:18:58.433 Added FXT[RZPTL3]
24/09/2026 18:18:58.433 Added FXT[RZWPS3]
24/09/2026 18:18:58.433 Added FXT[RZSGN0]
24/09/2026 18:18:58.433 Added FXT[RZSGN1]
24/09/2026 18:18:58.433 Added FXT[RZSGN2]
24/09/2026 18:18:58.433 Added FXT[RZSGN3]
24/09/2026 18:18:58.433 Added FXT[RZWPS4]
24/09/2026 18:18:58.433 Added FXT[RZSMG0]
24/09/2026 18:18:58.433 Added FXT[RZSMG1]
24/09/2026 18:18:58.433 Added FXT[RZSMG2]
24/09/2026 18:18:58.433 Added FXT[RZSMG3]
24/09/2026 18:18:58.433 Added FXT[RZWPS5]
24/09/2026 18:18:58.433 Added FXT[RZASL0]
24/09/2026 18:18:58.433 Added FXT[RZASL1]
24/09/2026 18:18:58.433 Added FXT[RZASL2]
24/09/2026 18:18:58.433 Added FXT[RZWPS6]
24/09/2026 18:18:58.433 Added FXT[RZRFL0]
24/09/2026 18:18:58.433 Added FXT[RZRFL1]
24/09/2026 18:18:58.433 Added FXT[RZRFL2]
24/09/2026 18:18:58.433 Added FXT[RZWPS7]
24/09/2026 18:18:58.433 Added FXT[RZHVY0]
24/09/2026 18:18:58.433 Added FXT[RZHVY1]
24/09/2026 18:18:58.433 Added FXT[RZHVY2]
24/09/2026 18:18:58.433 Added FXT[RZHVY3]
24/09/2026 18:18:58.433 Added FXT[RZHVY4]
24/09/2026 18:18:58.433 Added FXT[RZWPS8]
24/09/2026 18:18:58.433 Added FXT[RZTHR0]
24/09/2026 18:18:58.433 Added FXT[RZTHR1]
24/09/2026 18:18:58.434 Added FXT[RZTHR2]
24/09/2026 18:18:58.434 Added FXT[RZTHR3]
24/09/2026 18:18:58.434 Added FXT[RZTHR4]
24/09/2026 18:18:58.434 Added FXT[RZWPS9]
24/09/2026 18:18:58.434 Added FXT[RZOTHW0]
24/09/2026 18:18:58.434 Added FXT[RZOTHW1]
24/09/2026 18:18:58.434 Added FXT[RZOTHW2]
24/09/2026 18:18:58.434 Added FXT[RZOTHW3]
24/09/2026 18:18:58.434 Added FXT[RZOTHW4]
24/09/2026 18:18:58.434 Added FXT[RZOTHW5]
24/09/2026 18:18:58.434 Added FXT[RZOTHW6]
24/09/2026 18:18:58.434 Added FXT[RZWPS10]
24/09/2026 18:18:58.434 Added FXT[RZGFT0]
24/09/2026 18:18:58.434 Added FXT[RZGFT1]
24/09/2026 18:18:58.434 Added FXT[RZGFT2]
24/09/2026 18:18:58.434 Added FXT[RZGFT3]
24/09/2026 18:18:58.434 Added FXT[RZGFT4]
24/09/2026 18:18:58.434 Added FXT[RZGFT5]
24/09/2026 18:18:58.434 Added FXT[RZGFT6]
24/09/2026 18:18:58.434 Added FXT[RZWPS11]
24/09/2026 18:18:58.434 Added FXT[RZAW0]
24/09/2026 18:18:58.434 Added FXT[RZAW1]
24/09/2026 18:18:58.434 Added FXT[RZAW2]
24/09/2026 18:18:58.434 Added FXT[RZAW3]
24/09/2026 18:18:58.434 Added FXT[RZAW4]
24/09/2026 18:18:58.434 Added FXT[RZWPO2]
24/09/2026 18:18:58.434 Added FXT[RZWPH0]
24/09/2026 18:18:58.434 Added FXT[RZWPH1]
24/09/2026 18:18:58.434 Added FXT[RZWPH2]
24/09/2026 18:18:58.434 Added FXT[RZWPH3]
24/09/2026 18:18:58.435 Added FXT[RZWPH4]
24/09/2026 18:18:58.435 Added FXT[RZWPH5]
24/09/2026 18:18:58.435 Added FXT[RZWPH6]
24/09/2026 18:18:58.435 Added FXT[RZWPH7]
24/09/2026 18:18:58.435 Added FXT[RZWPH8]
24/09/2026 18:18:58.435 Added FXT[RZWPH9]
24/09/2026 18:18:58.435 Added FXT[RZWPH10]
24/09/2026 18:18:58.435 Added FXT[RZWPH11]
24/09/2026 18:18:58.435 Added FXT[RZWPH12]
24/09/2026 18:18:58.435 Added FXT[RZWPH13]
24/09/2026 18:18:58.435 Added FXT[RZWPH14]
24/09/2026 18:18:58.435 Added FXT[RZWPX0]
24/09/2026 18:18:58.435 Added FXT[RZWPX1]
24/09/2026 18:18:58.435 Added FXT[RZWPX2]
24/09/2026 18:18:58.435 Added FXT[RZWPX3]
24/09/2026 18:18:58.435 Added FXT[RZWPX4]
24/09/2026 18:18:58.435 Added FXT[RZWPO3]
24/09/2026 18:18:58.435 Added FXT[RZWPSK0]
24/09/2026 18:18:58.435 Added FXT[RZWPSK1]
24/09/2026 18:18:58.435 Added FXT[RZWPSK2]
24/09/2026 18:18:58.435 Added FXT[RZWPSK3]
24/09/2026 18:18:58.435 Added FXT[RZWPO4]
24/09/2026 18:18:58.435 Added FXT[RZWPO5]
24/09/2026 18:18:58.435 Added FXT[RZWPO6]
24/09/2026 18:18:58.435 Added FXT[RZWPO7]
24/09/2026 18:18:58.435 Added FXT[RZWPO7X]
24/09/2026 18:18:58.435 Added FXT[RZWPO9]
24/09/2026 18:18:58.435 Added FXT[RZWPO10]
24/09/2026 18:18:58.435 Added FXT[RZWPO11]
24/09/2026 18:18:58.435 Added FXT[RZWPO12]
24/09/2026 18:18:58.435 Added FXT[RZWPO13]
24/09/2026 18:18:58.435 Added FXT[RZWPO14]
24/09/2026 18:18:58.435 Added FXT[RZWPO15]
24/09/2026 18:18:58.435 Added FXT[RZMM5]
24/09/2026 18:18:58.435 Added FXT[RZTPO0]
24/09/2026 18:18:58.435 Added FXT[RZTPO1]
24/09/2026 18:18:58.436 Added FXT[RZTPO2]
24/09/2026 18:18:58.436 Added FXT[RZTPO3]
24/09/2026 18:18:58.436 Added FXT[RZTPO4]
24/09/2026 18:18:58.436 Added FXT[RZTPO5]
24/09/2026 18:18:58.436 Added FXT[RZTPO6]
24/09/2026 18:18:58.436 Added FXT[RZTPO7]
24/09/2026 18:18:58.436 Added FXT[RZTPO8]
24/09/2026 18:18:58.436 Added FXT[RZTPO9]
24/09/2026 18:18:58.436 Added FXT[RZTPO15]
24/09/2026 18:18:58.436 Added FXT[RZTPO10]
24/09/2026 18:18:58.436 Added FXT[RZTPO11]
24/09/2026 18:18:58.436 Added FXT[RZTAG0]
24/09/2026 18:18:58.436 Added FXT[RZTAG1]
24/09/2026 18:18:58.436 Added FXT[RZTPO12]
24/09/2026 18:18:58.436 Added FXT[RZOYS0]
24/09/2026 18:18:58.436 Added FXT[RZOYS1]
24/09/2026 18:18:58.436 Added FXT[RZTPO13]
24/09/2026 18:18:58.436 Added FXT[RZHORS0]
24/09/2026 18:18:58.436 Added FXT[RZHORS1]
24/09/2026 18:18:58.436 Added FXT[RZTPO14]
24/09/2026 18:18:58.436 Added FXT[RZSNAP0]
24/09/2026 18:18:58.436 Added FXT[RZSNAP1]
24/09/2026 18:18:58.436 Added FXT[RZTPOX]
24/09/2026 18:18:58.436 Added FXT[RZINT0]
24/09/2026 18:18:58.436 Added FXT[RZINT1]
24/09/2026 18:18:58.436 Added FXT[RZINT2]
24/09/2026 18:18:58.436 Added FXT[RZINT3]
24/09/2026 18:18:58.436 Added FXT[RZINT4]
24/09/2026 18:18:58.436 Added FXT[RZINT5]
24/09/2026 18:18:58.436 Added FXT[RZINT6]
24/09/2026 18:18:58.436 Added FXT[RZINT7]
24/09/2026 18:18:58.436 Added FXT[RZINT8]
24/09/2026 18:18:58.436 Added FXT[RZINT9]
24/09/2026 18:18:58.436 Added FXT[RZINT10]
24/09/2026 18:18:58.436 Added FXT[RZINT11]
24/09/2026 18:18:58.437 Added FXT[RZINT12]
24/09/2026 18:18:58.437 Added FXT[RZINT13]
24/09/2026 18:18:58.437 Added FXT[RZINT14]
24/09/2026 18:18:58.437 Added FXT[RZINT15]
24/09/2026 18:18:58.437 Added FXT[RZINT16]
24/09/2026 18:18:58.437 Added FXT[RZINT17]
24/09/2026 18:18:58.437 Added FXT[RZINT18]
24/09/2026 18:18:58.437 Added FXT[RZINT19]
24/09/2026 18:18:58.437 Added FXT[RZINT20]
24/09/2026 18:18:58.437 Added FXT[RZINT21]
24/09/2026 18:18:58.437 Added FXT[RZINT22]
24/09/2026 18:18:58.437 Added FXT[RZINT23]
24/09/2026 18:18:58.437 Added FXT[RZINT24]
24/09/2026 18:18:58.437 Added FXT[RZINT25]
24/09/2026 18:18:58.437 Added FXT[RZINT26]
24/09/2026 18:18:58.437 Added FXT[RZINT27]
24/09/2026 18:18:58.437 Added FXT[RZINT28]
24/09/2026 18:18:58.437 Added FXT[RZINT29]
24/09/2026 18:18:58.437 Added FXT[RZINT30]
24/09/2026 18:18:58.437 Added FXT[RZINT31]
24/09/2026 18:18:58.437 Added FXT[RZINT32]
24/09/2026 18:18:58.437 Added FXT[RZINT33]
24/09/2026 18:18:58.437 Added FXT[RZINT34]
24/09/2026 18:18:58.437 Added FXT[RZINT35]
24/09/2026 18:18:58.437 Added FXT[RZINT36]
24/09/2026 18:18:58.437 Added FXT[RZINT37]
24/09/2026 18:18:58.437 Added FXT[RZINT38]
24/09/2026 18:18:58.437 Added FXT[RZINT39]
24/09/2026 18:18:58.437 Added FXT[RZINT40]
24/09/2026 18:18:58.437 Added FXT[RZINT41]
24/09/2026 18:18:58.437 Added FXT[RZINT42]
24/09/2026 18:18:58.437 Added FXT[RZINT43]
24/09/2026 18:18:58.437 Added FXT[RZINT44]
24/09/2026 18:18:58.437 Added FXT[RZINT45]
24/09/2026 18:18:58.437 Added FXT[RZINT46]
24/09/2026 18:18:58.437 Added FXT[RZINT47]
24/09/2026 18:18:58.438 Added FXT[RZINT48]
24/09/2026 18:18:58.438 Added FXT[RZINT49]
24/09/2026 18:18:58.438 Added FXT[RZINT50]
24/09/2026 18:18:58.438 Added FXT[RZINT51]
24/09/2026 18:18:58.438 Added FXT[RZINT52]
24/09/2026 18:18:58.438 Added FXT[RZINT53]
24/09/2026 18:18:58.438 Added FXT[RZINT54]
24/09/2026 18:18:58.438 Added FXT[RZINT55]
24/09/2026 18:18:58.438 Added FXT[RZINT56]
24/09/2026 18:18:58.438 Added FXT[RZINT57]
24/09/2026 18:18:58.438 Added FXT[RZINT58]
24/09/2026 18:18:58.438 Added FXT[RZINT59]
24/09/2026 18:18:58.438 Added FXT[RZINT60]
24/09/2026 18:18:58.438 Added FXT[RZINT61]
24/09/2026 18:18:58.438 Added FXT[RZINT62]
24/09/2026 18:18:58.438 Added FXT[RZINT63]
24/09/2026 18:18:58.438 Added FXT[RZINT64]
24/09/2026 18:18:58.438 Added FXT[RZINT65]
24/09/2026 18:18:58.438 Added FXT[RZINT66]
24/09/2026 18:18:58.438 Added FXT[RZINT67]
24/09/2026 18:18:58.438 Added FXT[RZINT68]
24/09/2026 18:18:58.438 Added FXT[RZINT69]
24/09/2026 18:18:58.438 Added FXT[RZINT70]
24/09/2026 18:18:58.438 Added FXT[RZINT71]
24/09/2026 18:18:58.438 Added FXT[RZINT72]
24/09/2026 18:18:58.438 Added FXT[RZINT73]
24/09/2026 18:18:58.438 Added FXT[RZINT74]
24/09/2026 18:18:58.438 Added FXT[RZINT75]
24/09/2026 18:18:58.438 Added FXT[RZINT76]
24/09/2026 18:18:58.438 Added FXT[RZINT77]
24/09/2026 18:18:58.438 Added FXT[RZINT78]
24/09/2026 18:18:58.438 Added FXT[RZINT79]
24/09/2026 18:18:58.438 Added FXT[RZINT80]
24/09/2026 18:18:58.438 Added FXT[RZINT81]
24/09/2026 18:18:58.438 Added FXT[RZINT82]
24/09/2026 18:18:58.438 Added FXT[RZINT83]
24/09/2026 18:18:58.439 Added FXT[RZINT84]
24/09/2026 18:18:58.439 Added FXT[RZINT85]
24/09/2026 18:18:58.439 Added FXT[RZINT86]
24/09/2026 18:18:58.439 Added FXT[RZINT87]
24/09/2026 18:18:58.439 Added FXT[RZINT88]
24/09/2026 18:18:58.439 Added FXT[RZINT89]
24/09/2026 18:18:58.439 Added FXT[RZINT90]
24/09/2026 18:18:58.439 Added FXT[RZINT91]
24/09/2026 18:18:58.439 Added FXT[RZINT92]
24/09/2026 18:18:58.439 Added FXT[RZINT93]
24/09/2026 18:18:58.439 Added FXT[RZMM6]
24/09/2026 18:18:58.439 Added FXT[RZMO0]
24/09/2026 18:18:58.439 Added FXT[RZMO1]
24/09/2026 18:18:58.439 Added FXT[RZMS0]
24/09/2026 18:18:58.439 Added FXT[RZMS1]
24/09/2026 18:18:58.439 Added FXT[RZMO2]
24/09/2026 18:18:58.439 Added FXT[RZVG0]
24/09/2026 18:18:58.439 Added FXT[RZVG1]
24/09/2026 18:18:58.439 Added FXT[RZVG2]
24/09/2026 18:18:58.439 Added FXT[RZVG3]
24/09/2026 18:18:58.439 Added FXT[RZVG4]
24/09/2026 18:18:58.439 Added FXT[RZVG5]
24/09/2026 18:18:58.439 Added FXT[RZVGX]
24/09/2026 18:18:58.439 Added FXT[RZMO3]
24/09/2026 18:18:58.439 Added FXT[RZMM7]
24/09/2026 18:18:58.439 Added FXT[RZTO0]
24/09/2026 18:18:58.439 Added FXT[RZTO1]
24/09/2026 18:18:58.439 Added FXT[RZTO2]
24/09/2026 18:18:58.439 Added FXT[RZTO3]
24/09/2026 18:18:58.439 Added FXT[RZTO4]
24/09/2026 18:18:58.439 Added FXT[RZTO5]
24/09/2026 18:18:58.439 Added FXT[RZTO6]
24/09/2026 18:18:58.439 Added FXT[RZTO7]
24/09/2026 18:18:58.439 Added FXT[RZTO7A]
24/09/2026 18:18:58.439 Added FXT[RZTO7B]
24/09/2026 18:18:58.439 Added FXT[RZTO7C]
24/09/2026 18:18:58.440 Added FXT[RZTO7D]
24/09/2026 18:18:58.440 Added FXT[RZTO7E]
24/09/2026 18:18:58.440 Added FXT[RZTO7F]
24/09/2026 18:18:58.440 Added FXT[RZTO7G]
24/09/2026 18:18:58.440 Added FXT[RZTO8]
24/09/2026 18:18:58.440 Added FXT[RZTO9]
24/09/2026 18:18:58.440 Added FXT[RZTO10]
24/09/2026 18:18:58.440 Added FXT[RZTO11]
24/09/2026 18:18:58.440 Added FXT[RZTO12]
24/09/2026 18:18:58.440 Added FXT[RZTOX]
24/09/2026 18:18:58.440 Added FXT[RZMM8]
24/09/2026 18:18:58.440 Added FXT[RZWT0]
24/09/2026 18:18:58.440 Added FXT[RZWT1]
24/09/2026 18:18:58.440 Added FXT[RZWT2]
24/09/2026 18:18:58.440 Added FXT[RZWT3]
24/09/2026 18:18:58.440 Added FXT[RZWT4]
24/09/2026 18:18:58.440 Added FXT[RZWT5]
24/09/2026 18:18:58.440 Added FXT[RZWT6]
24/09/2026 18:18:58.440 Added FXT[RZWT7]
24/09/2026 18:18:58.440 Added FXT[RZWT8]
24/09/2026 18:18:58.440 Added FXT[RZWT9]
24/09/2026 18:18:58.440 Added FXT[RZWT10]
24/09/2026 18:18:58.440 Added FXT[RZWT11]
24/09/2026 18:18:58.440 Added FXT[RZWT12]
24/09/2026 18:18:58.440 Added FXT[RZWT13]
24/09/2026 18:18:58.440 Added FXT[RZWT14]
24/09/2026 18:18:58.440 Added FXT[RZWT15]
24/09/2026 18:18:58.440 Added FXT[RZWT16]
24/09/2026 18:18:58.440 Added FXT[RZWT17]
24/09/2026 18:18:58.440 Added FXT[RZWT18]
24/09/2026 18:18:58.440 Added FXT[RZWT19]
24/09/2026 18:18:58.440 Added FXT[RZWT20]
24/09/2026 18:18:58.440 Added FXT[RZWT21]
24/09/2026 18:18:58.440 Added FXT[RZWT22]
24/09/2026 18:18:58.440 Added FXT[RZWT23]
24/09/2026 18:18:58.441 Added FXT[RZWT24]
24/09/2026 18:18:58.441 Added FXT[RZWT25]
24/09/2026 18:18:58.441 Added FXT[RZWT26]
24/09/2026 18:18:58.441 Added FXT[RZWT27]
24/09/2026 18:18:58.441 Added FXT[RZMM9]
24/09/2026 18:18:58.441 Added FXT[RZOBJO0]
24/09/2026 18:18:58.441 Added FXT[RZOBJO1]
24/09/2026 18:18:58.441 Added FXT[RZOBJS0]
24/09/2026 18:18:58.441 Added FXT[RZOBJS1]
24/09/2026 18:18:58.441 Added FXT[RZOBJS2]
24/09/2026 18:18:58.441 Added FXT[RZOBJS3]
24/09/2026 18:18:58.441 Added FXT[RZOBJS4]
24/09/2026 18:18:58.441 Added FXT[RZOBJS5]
24/09/2026 18:18:58.441 Added FXT[RZOBJS6]
24/09/2026 18:18:58.441 Added FXT[RZOBJS7]
24/09/2026 18:18:58.441 Added FXT[RZOBJS8]
24/09/2026 18:18:58.441 Added FXT[RZOBX0]
24/09/2026 18:18:58.441 Added FXT[RZOBX1]
24/09/2026 18:18:58.441 Added FXT[RZOBX2]
24/09/2026 18:18:58.441 Added FXT[RZOBX3]
24/09/2026 18:18:58.441 Added FXT[RZOBX4]
24/09/2026 18:18:58.441 Added FXT[RZOBX5]
24/09/2026 18:18:58.441 Added FXT[RZOBX6]
24/09/2026 18:18:58.441 Added FXT[RZOBX7]
24/09/2026 18:18:58.441 Added FXT[RZOBX8]
24/09/2026 18:18:58.441 Added FXT[RZOBX9]
24/09/2026 18:18:58.441 Added FXT[RZOBX10]
24/09/2026 18:18:58.441 Added FXT[RZOBX11]
24/09/2026 18:18:58.441 Added FXT[RZOBX12]
24/09/2026 18:18:58.441 Added FXT[RZOBX13]
24/09/2026 18:18:58.441 Added FXT[RZOBX14]
24/09/2026 18:18:58.441 Added FXT[RZOBX15]
24/09/2026 18:18:58.441 Added FXT[RZOBX16]
24/09/2026 18:18:58.441 Added FXT[RZOBX17]
24/09/2026 18:18:58.441 Added FXT[RZOBX18]
24/09/2026 18:18:58.442 Added FXT[RZOBX19]
24/09/2026 18:18:58.442 Added FXT[RZOBX20]
24/09/2026 18:18:58.442 Added FXT[RZOBX21]
24/09/2026 18:18:58.442 Added FXT[RZOBX22]
24/09/2026 18:18:58.442 Added FXT[RZOBX23]
24/09/2026 18:18:58.442 Added FXT[RZOBX24]
24/09/2026 18:18:58.442 Added FXT[RZOBX25]
24/09/2026 18:18:58.442 Added FXT[RZOBX26]
24/09/2026 18:18:58.442 Added FXT[RZOBJO2]
24/09/2026 18:18:58.442 Added FXT[RZMAP0]
24/09/2026 18:18:58.442 Added FXT[RZMAP1]
24/09/2026 18:18:58.442 Added FXT[RZMAP2]
24/09/2026 18:18:58.442 Added FXT[RZNMP0]
24/09/2026 18:18:58.442 Added FXT[RZNMP1]
24/09/2026 18:18:58.442 Added FXT[RZMAP4]
24/09/2026 18:18:58.442 Added FXT[RZMAP5]
24/09/2026 18:18:58.442 Added FXT[RZMAPO1]
24/09/2026 18:18:58.442 Added FXT[RZMAPO2]
24/09/2026 18:18:58.443 Added FXT[RZMAPO3]
24/09/2026 18:18:58.443 Added FXT[RZMAPOA]
24/09/2026 18:18:58.443 Added FXT[RZMAPOB]
24/09/2026 18:18:58.443 Added FXT[RZMAPOC]
24/09/2026 18:18:58.443 Added FXT[RZMAPOD]
24/09/2026 18:18:58.443 Added FXT[RZMAPOE]
24/09/2026 18:18:58.443 Added FXT[RZOBJO3]
24/09/2026 18:18:58.443 Added FXT[RZOBJO4]
24/09/2026 18:18:58.443 Added FXT[RZOBJO5]
24/09/2026 18:18:58.443 Added FXT[RZMM10]
24/09/2026 18:18:58.443 Added FXT[RZMSC0]
24/09/2026 18:18:58.443 Added FXT[RZMSC1]
24/09/2026 18:18:58.443 Added FXT[RZMSC2]
24/09/2026 18:18:58.443 Added FXT[RZMSC2X]
24/09/2026 18:18:58.443 Added FXT[RZMSC3]
24/09/2026 18:18:58.443 Added FXT[RZFPS1]
24/09/2026 18:18:58.443 Added FXT[RZFPS2]
24/09/2026 18:18:58.443 Added FXT[RZFPS3]
24/09/2026 18:18:58.443 Added FXT[RZFPS4]
24/09/2026 18:18:58.443 Added FXT[RZFPS5]
24/09/2026 18:18:58.443 Added FXT[RZMSC4]
24/09/2026 18:18:58.443 Added FXT[RZCRD0]
24/09/2026 18:18:58.443 Added FXT[RZCRD1]
24/09/2026 18:18:58.443 Added FXT[RZCRD2]
24/09/2026 18:18:58.443 Added FXT[RZCRD3]
24/09/2026 18:18:58.443 Added FXT[RZCRD4]
24/09/2026 18:18:58.443 Added FXT[RZCRD5]
24/09/2026 18:18:58.443 Added FXT[RZCRD6]
24/09/2026 18:18:58.443 Added FXT[RZMSC5]
24/09/2026 18:18:58.443 Added FXT[RZGSD0]
24/09/2026 18:18:58.443 Added FXT[RZGSD1]
24/09/2026 18:18:58.443 Added FXT[RZGSD2]
24/09/2026 18:18:58.443 Added FXT[RZGSD3]
24/09/2026 18:18:58.443 Added FXT[RZGSD4]
24/09/2026 18:18:58.444 Added FXT[RZGSD5]
24/09/2026 18:18:58.444 Added FXT[RZGSD5A]
24/09/2026 18:18:58.444 Added FXT[RZGSD5B]
24/09/2026 18:18:58.444 Added FXT[RZGSD5C]
24/09/2026 18:18:58.444 Added FXT[RZGSD5D]
24/09/2026 18:18:58.444 Added FXT[RZGSD6]
24/09/2026 18:18:58.444 Added FXT[RZGSD7]
24/09/2026 18:18:58.444 Added FXT[RZGSD8]
24/09/2026 18:18:58.444 Added FXT[RZGSD9]
24/09/2026 18:18:58.444 Added FXT[RZGSD10]
24/09/2026 18:18:58.444 Added FXT[RZGSDA]
24/09/2026 18:18:58.444 Added FXT[RZGSDB]
24/09/2026 18:18:58.444 Added FXT[RZMSC6]
24/09/2026 18:18:58.444 Added FXT[RZMP0]
24/09/2026 18:18:58.444 Added FXT[RZMP3A]
24/09/2026 18:18:58.444 Added FXT[RZMP3B]
24/09/2026 18:18:58.444 Added FXT[RZMP3B1]
24/09/2026 18:18:58.444 Added FXT[RZMP3C]
24/09/2026 18:18:58.444 Added FXT[RZMP3D]
24/09/2026 18:18:58.444 Added FXT[RZMP3D0]
24/09/2026 18:18:58.444 Added FXT[RZMP3D1]
24/09/2026 18:18:58.444 Added FXT[RZMP3D2]
24/09/2026 18:18:58.444 Added FXT[RZMP3DX]
24/09/2026 18:18:58.444 Added FXT[RZMP3DY]
24/09/2026 18:18:58.444 Added FXT[RZMP3E]
24/09/2026 18:18:58.444 Added FXT[RZMP3F]
24/09/2026 18:18:58.444 Added FXT[RZMP3V]
24/09/2026 18:18:58.444 Added FXT[RZMP3W]
24/09/2026 18:18:58.444 Added FXT[RZMP3X]
24/09/2026 18:18:58.444 Added FXT[RZMP3Y]
24/09/2026 18:18:58.444 Added FXT[RZMP3Z]
24/09/2026 18:18:58.444 Added FXT[RZMSC7]
24/09/2026 18:18:58.444 Added FXT[RZMSC8]
24/09/2026 18:18:58.444 Added FXT[RZWTR0]
24/09/2026 18:18:58.444 Added FXT[RZWTR1]
24/09/2026 18:18:58.444 Added FXT[RZWTR2]
24/09/2026 18:18:58.445 Added FXT[RZWTR3]
24/09/2026 18:18:58.445 Added FXT[RZWTR4]
24/09/2026 18:18:58.445 Added FXT[RZWTR5]
24/09/2026 18:18:58.445 Added FXT[RZMSC9]
24/09/2026 18:18:58.445 Added FXT[RZMSC10]
24/09/2026 18:18:58.445 Added FXT[RZSCH0]
24/09/2026 18:18:58.445 Added FXT[RZSCH1]
24/09/2026 18:18:58.445 Added FXT[RZSCH1X]
24/09/2026 18:18:58.445 Added FXT[RZSCH1Y]
24/09/2026 18:18:58.445 Added FXT[RZSCH2]
24/09/2026 18:18:58.445 Added FXT[RZSCH2X]
24/09/2026 18:18:58.445 Added FXT[RZSCH2Y]
24/09/2026 18:18:58.445 Added FXT[RZSCH3]
24/09/2026 18:18:58.445 Added FXT[RZSCH3X]
24/09/2026 18:18:58.445 Added FXT[RZSCH3Y]
24/09/2026 18:18:58.445 Added FXT[RZSCH4]
24/09/2026 18:18:58.445 Added FXT[RZSCH4X]
24/09/2026 18:18:58.445 Added FXT[RZSCH4Y]
24/09/2026 18:18:58.445 Added FXT[RZSCH5]
24/09/2026 18:18:58.445 Added FXT[RZSCH5X]
24/09/2026 18:18:58.445 Added FXT[RZSCH5Y]
24/09/2026 18:18:58.445 Added FXT[RZSCH6]
24/09/2026 18:18:58.445 Added FXT[RZSCH6X]
24/09/2026 18:18:58.445 Added FXT[RZSCH6Y]
24/09/2026 18:18:58.445 Added FXT[RZSCH7]
24/09/2026 18:18:58.445 Added FXT[RZSCH7X]
24/09/2026 18:18:58.445 Added FXT[RZSCH8]
24/09/2026 18:18:58.445 Added FXT[RZSCH8X]
24/09/2026 18:18:58.445 Added FXT[RZSCH8Y]
24/09/2026 18:18:58.445 Added FXT[RZSCH9]
24/09/2026 18:18:58.445 Added FXT[RZSCH10]
24/09/2026 18:18:58.445 Added FXT[RZSCH11]
24/09/2026 18:18:58.445 Added FXT[RZSCH12]
24/09/2026 18:18:58.445 Added FXT[RZSCH13]
24/09/2026 18:18:58.445 Added FXT[RZSCH14]
24/09/2026 18:18:58.445 Added FXT[RZSCH15]
24/09/2026 18:18:58.446 Added FXT[RZSCH16]
24/09/2026 18:18:58.446 Added FXT[RZSCH17]
24/09/2026 18:18:58.446 Added FXT[RZSCH18]
24/09/2026 18:18:58.446 Added FXT[RZMM11]
24/09/2026 18:18:58.446 Added FXT[RZLST0]
24/09/2026 18:18:58.446 Added FXT[RZLST1]
24/09/2026 18:18:58.446 Added FXT[RZLST2]
24/09/2026 18:18:58.446 Added FXT[RZLST3]
24/09/2026 18:18:58.446 Added FXT[RZLST4]
24/09/2026 18:18:58.446 Added FXT[RZLST4X]
24/09/2026 18:18:58.446 Added FXT[RZLST4Y]
24/09/2026 18:18:58.446 Added FXT[RZLST5]
24/09/2026 18:18:58.446 Added FXT[RZLFS0]
24/09/2026 18:18:58.446 Added FXT[RZLFS1]
24/09/2026 18:18:58.446 Added FXT[RZLFS2]
24/09/2026 18:18:58.446 Added FXT[RZLFS3]
24/09/2026 18:18:58.446 Added FXT[RZLFS4]
24/09/2026 18:18:58.446 Added FXT[RZLFS5]
24/09/2026 18:18:58.446 Added FXT[RZLFS6]
24/09/2026 18:18:58.446 Added FXT[RZLST6]
24/09/2026 18:18:58.446 Added FXT[RZLTC0]
24/09/2026 18:18:58.446 Added FXT[RZLTC1]
24/09/2026 18:18:58.446 Added FXT[RZLTC1X]
24/09/2026 18:18:58.446 Added FXT[RZLTC2]
24/09/2026 18:18:58.446 Added FXT[RZLTC2X]
24/09/2026 18:18:58.446 Added FXT[RZLTC3]
24/09/2026 18:18:58.446 Added FXT[RZLTC3X]
24/09/2026 18:18:58.446 Added FXT[RZLTC4]
24/09/2026 18:18:58.446 Added FXT[RZLTC4X]
24/09/2026 18:18:58.446 Added FXT[RZLTC5A]
24/09/2026 18:18:58.446 Added FXT[RZLTC5X]
24/09/2026 18:18:58.446 Added FXT[RZLTC5B]
24/09/2026 18:18:58.446 Added FXT[RZLTC5Y]
24/09/2026 18:18:58.446 Added FXT[RZLTC6]
24/09/2026 18:18:58.446 Added FXT[RZLTC6A]
24/09/2026 18:18:58.446 Added FXT[RZLTC7]
24/09/2026 18:18:58.447 Added FXT[RZLTC7X]
24/09/2026 18:18:58.447 Added FXT[RZLST7]
24/09/2026 18:18:58.447 Added FXT[RZLSND0]
24/09/2026 18:18:58.447 Added FXT[RZLSND1]
24/09/2026 18:18:58.447 Added FXT[RZLSND2]
24/09/2026 18:18:58.447 Added FXT[RZLSND3]
24/09/2026 18:18:58.447 Added FXT[RZLSND4]
24/09/2026 18:18:58.447 Added FXT[RZLSND5]
24/09/2026 18:18:58.447 Added FXT[RZLSNDA]
24/09/2026 18:18:58.447 Added FXT[RZLSNDX]
24/09/2026 18:18:58.447 Added FXT[RZLST8]
24/09/2026 18:18:58.447 Added FXT[RZTHM0]
24/09/2026 18:18:58.447 Added FXT[RZTHM1]
24/09/2026 18:18:58.447 Added FXT[RZTHM2]
24/09/2026 18:18:58.447 Added FXT[RZTHM3]
24/09/2026 18:18:58.447 Added FXT[RZTHM4]
24/09/2026 18:18:58.447 Added FXT[RZTHM5]
24/09/2026 18:18:58.447 Added FXT[RZTHM6]
24/09/2026 18:18:58.447 Added FXT[RZTHM7]
24/09/2026 18:18:58.447 Added FXT[RZTHM8]
24/09/2026 18:18:58.447 Added FXT[RZTHM9]
24/09/2026 18:18:58.447 Added FXT[RZTHM10]
24/09/2026 18:18:58.447 Added FXT[RZLST9]
24/09/2026 18:18:58.447 Added FXT[RZSCK0]
24/09/2026 18:18:58.447 Added FXT[RZSCK1]
24/09/2026 18:18:58.447 Added FXT[RZSCK2]
24/09/2026 18:18:58.447 Added FXT[RZSCK3]
24/09/2026 18:18:58.447 Added FXT[RZSCK4]
24/09/2026 18:18:58.447 Added FXT[RZSCK5]
24/09/2026 18:18:58.447 Added FXT[RZSCK6]
24/09/2026 18:18:58.447 Added FXT[RZSCK7]
24/09/2026 18:18:58.447 Added FXT[RZSCK8]
24/09/2026 18:18:58.447 Added FXT[RZSCK9]
24/09/2026 18:18:58.447 Added FXT[RZSCK10]
24/09/2026 18:18:58.447 Added FXT[RZSCK11]
24/09/2026 18:18:58.447 Added FXT[RZSCK12]
24/09/2026 18:18:58.448 Added FXT[RZSCK13]
24/09/2026 18:18:58.448 Added FXT[RZSCK14]
24/09/2026 18:18:58.448 Added FXT[RZSCK15]
24/09/2026 18:18:58.448 Added FXT[RZSCK16]
24/09/2026 18:18:58.448 Added FXT[RZSCK17]
24/09/2026 18:18:58.448 Added FXT[RZSCK18]
24/09/2026 18:18:58.448 Added FXT[RZSCK19]
24/09/2026 18:18:58.448 Added FXT[RZLST10]
24/09/2026 18:18:58.448 Added FXT[RZLANG0]
24/09/2026 18:18:58.448 Added FXT[RZLANG1]
24/09/2026 18:18:58.448 Added FXT[RZLANG2]
24/09/2026 18:18:58.448 Added FXT[RZLANG3]
24/09/2026 18:18:58.448 Added FXT[RZLANG4]
24/09/2026 18:18:58.448 Added FXT[RZLANG5]
24/09/2026 18:18:58.448 Added FXT[RZLANG6]
24/09/2026 18:18:58.448 Added FXT[RZLANG7]
24/09/2026 18:18:58.448 Added FXT[RZLANG8]
24/09/2026 18:18:58.448 Added FXT[RZLST11]
24/09/2026 18:18:58.448 Added FXT[RZLST12]
24/09/2026 18:18:58.448 Added FXT[RZLST13]
24/09/2026 18:18:58.448 Added FXT[RZLST14]
24/09/2026 18:18:58.448 Added FXT[RZLST15]
24/09/2026 18:18:58.448 Added FXT[RZAWPX]
24/09/2026 18:18:58.448 Added FXT[RZAWP0]
24/09/2026 18:18:58.448 Added FXT[RZAWP1]
24/09/2026 18:18:58.448 Added FXT[RZAWP2]
24/09/2026 18:18:58.448 Added FXT[RZAWP3]
24/09/2026 18:18:58.448 Added FXT[RZAWP4]
24/09/2026 18:18:58.448 Added FXT[RZAWP5]
24/09/2026 18:18:58.448 Added FXT[RZAWP6]
24/09/2026 18:18:58.448 Added FXT[RZAWP7]
24/09/2026 18:18:58.448 Added FXT[RZAWP8]
24/09/2026 18:18:58.448 Added FXT[RZAWP9]
24/09/2026 18:18:58.448 Added FXT[RZAWP10]
24/09/2026 18:18:58.448 Added FXT[RZAWP11]
24/09/2026 18:18:58.448 Added FXT[RZAWP12]
24/09/2026 18:18:58.449 Added FXT[RZAWP13]
24/09/2026 18:18:58.449 Added FXT[RZAWP14]
24/09/2026 18:18:58.449 Added FXT[RZAWP15]
24/09/2026 18:18:58.449 Added FXT[RZAWP16]
24/09/2026 18:18:58.449 Added FXT[RZAWP17]
24/09/2026 18:18:58.449 Added FXT[RZAWP18]
24/09/2026 18:18:58.449 Added FXT[RZAWP19]
24/09/2026 18:18:58.449 Added FXT[RZAWP20]
24/09/2026 18:18:58.449 Added FXT[RZAWP21]
24/09/2026 18:18:58.449 Added FXT[RZAWP22]
24/09/2026 18:18:58.449 Added FXT[RZAWP23]
24/09/2026 18:18:58.449 Added FXT[RZAWP24]
24/09/2026 18:18:58.449 Added FXT[RZAWP25]
24/09/2026 18:18:58.449 Added FXT[RZAWP26]
24/09/2026 18:18:58.449 Added FXT[RZAWP27]
24/09/2026 18:18:58.449 Added FXT[RZAWP28]
24/09/2026 18:18:58.449 Added FXT[RZAWP29]
24/09/2026 18:18:58.449 Added FXT[RZAWP30]
24/09/2026 18:18:58.449 Added FXT[RZAWP31]
24/09/2026 18:18:58.449 Added FXT[RZAWP32]
24/09/2026 18:18:58.449 Added FXT[RZAWP33]
24/09/2026 18:18:58.449 Added FXT[RZAWP34]
24/09/2026 18:18:58.449 Added FXT[RZAWP35]
24/09/2026 18:18:58.449 Added FXT[RZLCLRR]
24/09/2026 18:18:58.449 Added FXT[RZLCLRG]
24/09/2026 18:18:58.449 Added FXT[RZLCLRB]
24/09/2026 18:18:58.449 Added FXT[RZLCLRA]
24/09/2026 18:18:58.449 Added FXT[RZLCLRX]
24/09/2026 18:18:58.449 Added FXT[RZLCLRC]
24/09/2026 18:18:58.449 Added FXT[RZLCLRS]
24/09/2026 18:18:58.449 Added FXT[RZLON]
24/09/2026 18:18:58.449 Added FXT[RZLOFF]
24/09/2026 18:18:58.449 Added FXT[RZLENBL]
24/09/2026 18:18:58.449 Added FXT[RZLDSBL]
24/09/2026 18:18:58.449 Added FXT[RZLUNLC]
24/09/2026 18:18:58.449 Added FXT[RZLLCK]
24/09/2026 18:18:58.449 Added FXT[RZLRST]
24/09/2026 18:18:58.450 Added FXT[RZLTST]
24/09/2026 18:18:58.450 Added FXT[RZVONIC]
24/09/2026 18:18:58.450 Added FXT[RZVONIV]
24/09/2026 18:18:58.450 Added FXT[RZVONOS]
24/09/2026 18:18:58.450 Added FXT[RZVOKMH]
24/09/2026 18:18:58.450 Added FXT[RZSTS1]
24/09/2026 18:18:58.450 Added FXT[RZSTS2]
24/09/2026 18:18:58.450 Added FXT[RZSTS3]
24/09/2026 18:18:58.450 Added FXT[RZSTS4]
24/09/2026 18:18:58.450 Added FXT[RZSTS5]
24/09/2026 18:18:58.450 Added FXT[RZNOSP]
24/09/2026 18:18:58.450 Added FXT[RZNOCP1]
24/09/2026 18:18:58.450 Added FXT[RZNOCP2]
24/09/2026 18:18:58.450 Added FXT[RZNOCP3]
24/09/2026 18:18:58.450 Added FXT[RZNOCP4]
24/09/2026 18:18:58.450 Added FXT[RZABOZ]
24/09/2026 18:18:58.450 Added FXT[RZABO0]
24/09/2026 18:18:58.450 Added FXT[RZABO1]
24/09/2026 18:18:58.450 Added FXT[RZABO2]
24/09/2026 18:18:58.450 Added FXT[RZABO3]
24/09/2026 18:18:58.450 Added FXT[RZABO4]
24/09/2026 18:18:58.450 Added FXT[RZABO5]
24/09/2026 18:18:58.450 Added FXT[RZABO6]
24/09/2026 18:18:58.450 Added FXT[RZABO7]
24/09/2026 18:18:58.450 Added FXT[RZABO8]
24/09/2026 18:18:58.450 Added FXT[RZABO9]
24/09/2026 18:18:58.450 Added FXT[RZABO10]
24/09/2026 18:18:58.450 Added FXT[RZABO11]
24/09/2026 18:18:58.451 Added FXT[RZABO12]
24/09/2026 18:18:58.451 Added FXT[RZABO13]
24/09/2026 18:18:58.451 Added FXT[RZABO14]
24/09/2026 18:18:58.451 Added FXT[RZABO15]
24/09/2026 18:18:58.451 Added FXT[RZABO16]
24/09/2026 18:18:58.451 Added FXT[RZABO17]
24/09/2026 18:18:58.451 Added FXT[RZTUTZ]
24/09/2026 18:18:58.451 Added FXT[RZTUTX]
24/09/2026 18:18:58.451 Added FXT[RZTUT0]
24/09/2026 18:18:58.451 Added FXT[RZTUT1]
24/09/2026 18:18:58.451 Added FXT[RZTUT1X]
24/09/2026 18:18:58.451 Added FXT[RZTUT2]
24/09/2026 18:18:58.451 Added FXT[RZTUT2X]
24/09/2026 18:18:58.451 Added FXT[RZTUT3]
24/09/2026 18:18:58.451 Added FXT[RZTUT3X]
24/09/2026 18:18:58.451 Added FXT[RZTUT4]
24/09/2026 18:18:58.451 Added FXT[RZTUT4X]
24/09/2026 18:18:58.451 Added FXT[RZTUT5]
24/09/2026 18:18:58.451 Added FXT[RZTUT5X]
24/09/2026 18:18:58.451 Added FXT[RZTUT6]
24/09/2026 18:18:58.451 Added FXT[RZTUT6X]
24/09/2026 18:18:58.451 Added FXT[RZTUT7]
24/09/2026 18:18:58.451 Added FXT[RZTUT7X]
24/09/2026 18:18:58.451 Added FXT[RZTUT8]
24/09/2026 18:18:58.451 Added FXT[RZTUT8X]
24/09/2026 18:18:58.451 Added FXT[RZTUT9]
24/09/2026 18:18:58.451 Added FXT[RZTUT10]
24/09/2026 18:18:58.451 Added FXT[RZTUTAX]
24/09/2026 18:18:58.451 Added FXT[RZTUTBX]
24/09/2026 18:18:58.451 Added FXT[RZTUTCX]
24/09/2026 18:18:58.451 Added FXT[RZTUTDX]
24/09/2026 18:18:58.451 Added FXT[RZTUTEX]
24/09/2026 18:18:58.451 Added FXT[RZTUTFX]
24/09/2026 18:18:58.451 Added FXT[RZCRS0]
24/09/2026 18:18:58.451 Added FXT[RZICRS1]
24/09/2026 18:18:58.451 Added FXT[RZICRS2]
24/09/2026 18:18:58.451 Added FXT[RZICRS3]
24/09/2026 18:18:58.451 Added FXT[RZVID]
24/09/2026 18:18:58.451 Added FXT[RZTRNS]
24/09/2026 18:18:58.451 Added FXT[RZTRN2]
24/09/2026 18:18:58.451 Added FXT[RZTRNZ]
24/09/2026 18:18:58.451 Added FXT[RZTRNZ2]
24/09/2026 18:18:58.451 Added FXT[RZTRNZP]
24/09/2026 18:18:58.451 Added FXT[RZTRNX1]
24/09/2026 18:18:58.451 Added FXT[RZTRNX2]
24/09/2026 18:18:58.451 Added FXT[RZTRN-]
24/09/2026 18:18:58.451 Added FXT[RZTRN-3]
24/09/2026 18:18:58.451 Added FXT[RZTRN+3]
24/09/2026 18:18:58.451 Added FXT[RZTRNLD]
24/09/2026 18:18:58.451 Added FXT[RZTRNWT]
24/09/2026 18:18:58.451 Added FXT[RZTRNSY]
24/09/2026 18:18:58.451 Added FXT[RZTRNOT]
24/09/2026 18:18:58.452 Added FXT[VERSRZL]
24/09/2026 18:18:58.455 Added FXT[RZLAUTH]
24/09/2026 18:18:58.468 Added FXT[CC_TTL]
24/09/2026 18:18:58.468 Added FXT[CC_HDR]
24/09/2026 18:18:58.468 Added FXT[CC_PRI]
24/09/2026 18:18:58.468 Added FXT[CC_SEC]
24/09/2026 18:18:58.468 Added FXT[CC_TER]
24/09/2026 18:18:58.468 Added FXT[CC_QUA]
24/09/2026 18:18:58.506 Stopping custom script named toyotap
24/09/2026 18:18:58.526 Unregistering custom script named choose 
24/09/2026 18:18:58.607 Stopping custom script named Tuning 
24/09/2026 18:18:58.617 [0A92] Starting new custom script Anim Play (Junior_Djjr).cs from thread named Anim Pl
24/09/2026 18:18:58.617 Loading custom script Anim Play (Junior_Djjr).cs...
24/09/2026 18:18:58.617 Registering custom script named Anim Pl
24/09/2026 18:18:59.697 Added FXT[RZMM0]
24/09/2026 18:18:59.697 Added FXT[RZMM1]
24/09/2026 18:18:59.697 Added FXT[RZPO0]
24/09/2026 18:18:59.697 Added FXT[RZPO1]
24/09/2026 18:18:59.697 Added FXT[RZCHP0]
24/09/2026 18:18:59.698 Added FXT[RZCHP0X]
24/09/2026 18:18:59.698 Added FXT[RZCHP1]
24/09/2026 18:18:59.698 Added FXT[RZNA0]
24/09/2026 18:18:59.698 Added FXT[RZNA1]
24/09/2026 18:18:59.698 Added FXT[RZNA2]
24/09/2026 18:18:59.698 Added FXT[RZNA3]
24/09/2026 18:18:59.698 Added FXT[RZNA4]
24/09/2026 18:18:59.698 Added FXT[RZNA5]
24/09/2026 18:18:59.698 Added FXT[RZNA6]
24/09/2026 18:18:59.698 Added FXT[RZNA7]
24/09/2026 18:18:59.698 Added FXT[RZNA8]
24/09/2026 18:18:59.698 Added FXT[RZNA9]
24/09/2026 18:18:59.698 Added FXT[RZNA10]
24/09/2026 18:18:59.698 Added FXT[RZNA11]
24/09/2026 18:18:59.698 Added FXT[RZNA12]
24/09/2026 18:18:59.698 Added FXT[RZNA13]
24/09/2026 18:18:59.698 Added FXT[RZNA14]
24/09/2026 18:18:59.698 Added FXT[RZNA15]
24/09/2026 18:18:59.698 Added FXT[RZNA16]
24/09/2026 18:18:59.698 Added FXT[RZNA17]
24/09/2026 18:18:59.698 Added FXT[RZNA18]
24/09/2026 18:18:59.698 Added FXT[RZNA19]
24/09/2026 18:18:59.698 Added FXT[RZNA20]
24/09/2026 18:18:59.698 Added FXT[RZNA21]
24/09/2026 18:18:59.698 Added FXT[RZNA22]
24/09/2026 18:18:59.698 Added FXT[RZNA23]
24/09/2026 18:18:59.698 Added FXT[RZNA24]
24/09/2026 18:18:59.698 Added FXT[RZNA25]
24/09/2026 18:18:59.698 Added FXT[RZNA26]
24/09/2026 18:18:59.698 Added FXT[RZNA27]
24/09/2026 18:18:59.698 Added FXT[RZNA28]
24/09/2026 18:18:59.698 Added FXT[RZNA29]
24/09/2026 18:18:59.698 Added FXT[RZNA30]
24/09/2026 18:18:59.698 Added FXT[RZNA31]
24/09/2026 18:18:59.699 Added FXT[RZNA32]
24/09/2026 18:18:59.699 Added FXT[RZNA33]
24/09/2026 18:18:59.699 Added FXT[RZNA34]
24/09/2026 18:18:59.699 Added FXT[RZNA35]
24/09/2026 18:18:59.699 Added FXT[RZNA36]
24/09/2026 18:18:59.699 Added FXT[RZNA37]
24/09/2026 18:18:59.699 Added FXT[RZNA38]
24/09/2026 18:18:59.699 Added FXT[RZNA39]
24/09/2026 18:18:59.699 Added FXT[RZNA40]
24/09/2026 18:18:59.699 Added FXT[RZNA41]
24/09/2026 18:18:59.699 Added FXT[RZNA42]
24/09/2026 18:18:59.699 Added FXT[RZNA43]
24/09/2026 18:18:59.699 Added FXT[RZNA44]
24/09/2026 18:18:59.699 Added FXT[RZNA45]
24/09/2026 18:18:59.699 Added FXT[RZNA46]
24/09/2026 18:18:59.699 Added FXT[RZNA47]
24/09/2026 18:18:59.699 Added FXT[RZNA48]
24/09/2026 18:18:59.699 Added FXT[RZNA49]
24/09/2026 18:18:59.699 Added FXT[RZNA50]
24/09/2026 18:18:59.699 Added FXT[RZNA51]
24/09/2026 18:18:59.699 Added FXT[RZNA52]
24/09/2026 18:18:59.699 Added FXT[RZNA53]
24/09/2026 18:18:59.699 Added FXT[RZNA54]
24/09/2026 18:18:59.699 Added FXT[RZNA55]
24/09/2026 18:18:59.699 Added FXT[RZNA56]
24/09/2026 18:18:59.699 Added FXT[RZNA57]
24/09/2026 18:18:59.699 Added FXT[RZNA58]
24/09/2026 18:18:59.699 Added FXT[RZNA59]
24/09/2026 18:18:59.699 Added FXT[RZNA60]
24/09/2026 18:18:59.699 Added FXT[RZNA61]
24/09/2026 18:18:59.699 Added FXT[RZNA62]
24/09/2026 18:18:59.699 Added FXT[RZNA63]
24/09/2026 18:18:59.699 Added FXT[RZNA64]
24/09/2026 18:18:59.699 Added FXT[RZNA65]
24/09/2026 18:18:59.699 Added FXT[RZNA66]
24/09/2026 18:18:59.700 Added FXT[RZNA67]
24/09/2026 18:18:59.700 Added FXT[RZNA68]
24/09/2026 18:18:59.700 Added FXT[RZNA69]
24/09/2026 18:18:59.700 Added FXT[RZNA70]
24/09/2026 18:18:59.700 Added FXT[RZNA71]
24/09/2026 18:18:59.700 Added FXT[RZNA72]
24/09/2026 18:18:59.700 Added FXT[RZNA73]
24/09/2026 18:18:59.700 Added FXT[RZNA74]
24/09/2026 18:18:59.700 Added FXT[RZNA75]
24/09/2026 18:18:59.700 Added FXT[RZNA76]
24/09/2026 18:18:59.700 Added FXT[RZNA77]
24/09/2026 18:18:59.700 Added FXT[RZNA78]
24/09/2026 18:18:59.700 Added FXT[RZNA79]
24/09/2026 18:18:59.700 Added FXT[RZNA80]
24/09/2026 18:18:59.700 Added FXT[RZNA81]
24/09/2026 18:18:59.700 Added FXT[RZNA82]
24/09/2026 18:18:59.700 Added FXT[RZNA83]
24/09/2026 18:18:59.700 Added FXT[RZNA84]
24/09/2026 18:18:59.700 Added FXT[RZNA85]
24/09/2026 18:18:59.700 Added FXT[RZNA86]
24/09/2026 18:18:59.700 Added FXT[RZNA87]
24/09/2026 18:18:59.700 Added FXT[RZNA88]
24/09/2026 18:18:59.700 Added FXT[RZNA89]
24/09/2026 18:18:59.700 Added FXT[RZNA90]
24/09/2026 18:18:59.700 Added FXT[RZNA91]
24/09/2026 18:18:59.700 Added FXT[RZNA92]
24/09/2026 18:18:59.700 Added FXT[RZNA93]
24/09/2026 18:18:59.700 Added FXT[RZNA94]
24/09/2026 18:18:59.700 Added FXT[RZNA95]
24/09/2026 18:18:59.700 Added FXT[RZNA96]
24/09/2026 18:18:59.700 Added FXT[RZNA97]
24/09/2026 18:18:59.700 Added FXT[RZNA98]
24/09/2026 18:18:59.700 Added FXT[RZNA99]
24/09/2026 18:18:59.700 Added FXT[RZNA100]
24/09/2026 18:18:59.700 Added FXT[RZNA101]
24/09/2026 18:18:59.701 Added FXT[RZNA102]
24/09/2026 18:18:59.701 Added FXT[RZNA103]
24/09/2026 18:18:59.701 Added FXT[RZNA104]
24/09/2026 18:18:59.701 Added FXT[RZNA105]
24/09/2026 18:18:59.701 Added FXT[RZNA106]
24/09/2026 18:18:59.701 Added FXT[RZNA107]
24/09/2026 18:18:59.701 Added FXT[RZNA108]
24/09/2026 18:18:59.701 Added FXT[RZNA109]
24/09/2026 18:18:59.701 Added FXT[RZNA110]
24/09/2026 18:18:59.701 Added FXT[RZNA111]
24/09/2026 18:18:59.701 Added FXT[RZNA112]
24/09/2026 18:18:59.701 Added FXT[RZNA113]
24/09/2026 18:18:59.701 Added FXT[RZNA114]
24/09/2026 18:18:59.701 Added FXT[RZNA115]
24/09/2026 18:18:59.701 Added FXT[RZNA116]
24/09/2026 18:18:59.701 Added FXT[RZNA117]
24/09/2026 18:18:59.701 Added FXT[RZNA118]
24/09/2026 18:18:59.701 Added FXT[RZNA119]
24/09/2026 18:18:59.701 Added FXT[RZNA120]
24/09/2026 18:18:59.701 Added FXT[RZNA121]
24/09/2026 18:18:59.701 Added FXT[RZNA122]
24/09/2026 18:18:59.701 Added FXT[RZNA123]
24/09/2026 18:18:59.701 Added FXT[RZNA124]
24/09/2026 18:18:59.701 Added FXT[RZNA125]
24/09/2026 18:18:59.701 Added FXT[RZNA126]
24/09/2026 18:18:59.701 Added FXT[RZNA127]
24/09/2026 18:18:59.701 Added FXT[RZNA128]
24/09/2026 18:18:59.701 Added FXT[RZNA129]
24/09/2026 18:18:59.701 Added FXT[RZNA130]
24/09/2026 18:18:59.701 Added FXT[RZNA131]
24/09/2026 18:18:59.701 Added FXT[RZNA132]
24/09/2026 18:18:59.701 Added FXT[RZNA133]
24/09/2026 18:18:59.701 Added FXT[RZNA134]
24/09/2026 18:18:59.701 Added FXT[RZNA135]
24/09/2026 18:18:59.702 Added FXT[RZNA136]
24/09/2026 18:18:59.702 Added FXT[RZNA137]
24/09/2026 18:18:59.702 Added FXT[RZNA138]
24/09/2026 18:18:59.702 Added FXT[RZNA139]
24/09/2026 18:18:59.702 Added FXT[RZNA140]
24/09/2026 18:18:59.702 Added FXT[RZNA141]
24/09/2026 18:18:59.702 Added FXT[RZNA142]
24/09/2026 18:18:59.702 Added FXT[RZNA143]
24/09/2026 18:18:59.702 Added FXT[RZNA144]
24/09/2026 18:18:59.702 Added FXT[RZNA145]
24/09/2026 18:18:59.702 Added FXT[RZNA146]
24/09/2026 18:18:59.702 Added FXT[RZNA147]
24/09/2026 18:18:59.702 Added FXT[RZNA148]
24/09/2026 18:18:59.702 Added FXT[RZNA149]
24/09/2026 18:18:59.702 Added FXT[RZNA150]
24/09/2026 18:18:59.702 Added FXT[RZNA151]
24/09/2026 18:18:59.702 Added FXT[RZNA152]
24/09/2026 18:18:59.702 Added FXT[RZNA153]
24/09/2026 18:18:59.703 Added FXT[RZNA154]
24/09/2026 18:18:59.703 Added FXT[RZNA155]
24/09/2026 18:18:59.703 Added FXT[RZNA156]
24/09/2026 18:18:59.703 Added FXT[RZNA157]
24/09/2026 18:18:59.703 Added FXT[RZNA158]
24/09/2026 18:18:59.703 Added FXT[RZNA159]
24/09/2026 18:18:59.703 Added FXT[RZNA160]
24/09/2026 18:18:59.703 Added FXT[RZNA161]
24/09/2026 18:18:59.703 Added FXT[RZNA162]
24/09/2026 18:18:59.703 Added FXT[RZNA163]
24/09/2026 18:18:59.703 Added FXT[RZNA164]
24/09/2026 18:18:59.703 Added FXT[RZNA165]
24/09/2026 18:18:59.703 Added FXT[RZNA166]
24/09/2026 18:18:59.703 Added FXT[RZNA167]
24/09/2026 18:18:59.703 Added FXT[RZNA168]
24/09/2026 18:18:59.703 Added FXT[RZNA169]
24/09/2026 18:18:59.703 Added FXT[RZNA170]
24/09/2026 18:18:59.703 Added FXT[RZNA171]
24/09/2026 18:18:59.703 Added FXT[RZNA172]
24/09/2026 18:18:59.703 Added FXT[RZNA173]
24/09/2026 18:18:59.703 Added FXT[RZNA174]
24/09/2026 18:18:59.703 Added FXT[RZNA175]
24/09/2026 18:18:59.703 Added FXT[RZNA176]
24/09/2026 18:18:59.703 Added FXT[RZNA177]
24/09/2026 18:18:59.703 Added FXT[RZNA178]
24/09/2026 18:18:59.703 Added FXT[RZNA179]
24/09/2026 18:18:59.703 Added FXT[RZNA180]
24/09/2026 18:18:59.703 Added FXT[RZNA181]
24/09/2026 18:18:59.703 Added FXT[RZNA182]
24/09/2026 18:18:59.703 Added FXT[RZNA183]
24/09/2026 18:18:59.703 Added FXT[RZNA184]
24/09/2026 18:18:59.703 Added FXT[RZNA185]
24/09/2026 18:18:59.703 Added FXT[RZNA186]
24/09/2026 18:18:59.703 Added FXT[RZNA187]
24/09/2026 18:18:59.703 Added FXT[RZNA188]
24/09/2026 18:18:59.703 Added FXT[RZNA189]
24/09/2026 18:18:59.704 Added FXT[RZNA190]
24/09/2026 18:18:59.704 Added FXT[RZNA191]
24/09/2026 18:18:59.704 Added FXT[RZNA192]
24/09/2026 18:18:59.704 Added FXT[RZNA193]
24/09/2026 18:18:59.704 Added FXT[RZNA194]
24/09/2026 18:18:59.704 Added FXT[RZNA195]
24/09/2026 18:18:59.704 Added FXT[RZNA196]
24/09/2026 18:18:59.704 Added FXT[RZNA197]
24/09/2026 18:18:59.704 Added FXT[RZNA198]
24/09/2026 18:18:59.704 Added FXT[RZNA199]
24/09/2026 18:18:59.704 Added FXT[RZNA200]
24/09/2026 18:18:59.704 Added FXT[RZNA201]
24/09/2026 18:18:59.704 Added FXT[RZNA202]
24/09/2026 18:18:59.704 Added FXT[RZNA203]
24/09/2026 18:18:59.704 Added FXT[RZNA204]
24/09/2026 18:18:59.704 Added FXT[RZNA205]
24/09/2026 18:18:59.704 Added FXT[RZNA206]
24/09/2026 18:18:59.704 Added FXT[RZNA207]
24/09/2026 18:18:59.704 Added FXT[RZNA208]
24/09/2026 18:18:59.704 Added FXT[RZNA209]
24/09/2026 18:18:59.704 Added FXT[RZNA210]
24/09/2026 18:18:59.704 Added FXT[RZNA211]
24/09/2026 18:18:59.704 Added FXT[RZNA212]
24/09/2026 18:18:59.704 Added FXT[RZNA213]
24/09/2026 18:18:59.704 Added FXT[RZNA214]
24/09/2026 18:18:59.704 Added FXT[RZNA215]
24/09/2026 18:18:59.704 Added FXT[RZNA216]
24/09/2026 18:18:59.704 Added FXT[RZNA217]
24/09/2026 18:18:59.704 Added FXT[RZNA218]
24/09/2026 18:18:59.704 Added FXT[RZNA219]
24/09/2026 18:18:59.704 Added FXT[RZNA220]
24/09/2026 18:18:59.704 Added FXT[RZNA221]
24/09/2026 18:18:59.704 Added FXT[RZNA222]
24/09/2026 18:18:59.704 Added FXT[RZNA223]
24/09/2026 18:18:59.704 Added FXT[RZNA224]
24/09/2026 18:18:59.704 Added FXT[RZNA225]
24/09/2026 18:18:59.705 Added FXT[RZNA226]
24/09/2026 18:18:59.705 Added FXT[RZNA227]
24/09/2026 18:18:59.705 Added FXT[RZNA228]
24/09/2026 18:18:59.705 Added FXT[RZNA229]
24/09/2026 18:18:59.705 Added FXT[RZNA230]
24/09/2026 18:18:59.705 Added FXT[RZNA231]
24/09/2026 18:18:59.705 Added FXT[RZNA232]
24/09/2026 18:18:59.705 Added FXT[RZNA233]
24/09/2026 18:18:59.705 Added FXT[RZNA234]
24/09/2026 18:18:59.705 Added FXT[RZNA235]
24/09/2026 18:18:59.705 Added FXT[RZNA236]
24/09/2026 18:18:59.705 Added FXT[RZNA237]
24/09/2026 18:18:59.705 Added FXT[RZNA238]
24/09/2026 18:18:59.705 Added FXT[RZNA239]
24/09/2026 18:18:59.705 Added FXT[RZNA240]
24/09/2026 18:18:59.705 Added FXT[RZNA241]
24/09/2026 18:18:59.705 Added FXT[RZNA242]
24/09/2026 18:18:59.705 Added FXT[RZNA243]
24/09/2026 18:18:59.705 Added FXT[RZNA244]
24/09/2026 18:18:59.705 Added FXT[RZNA245]
24/09/2026 18:18:59.705 Added FXT[RZNA246]
24/09/2026 18:18:59.705 Added FXT[RZNA247]
24/09/2026 18:18:59.705 Added FXT[RZNA248]
24/09/2026 18:18:59.705 Added FXT[RZNA249]
24/09/2026 18:18:59.705 Added FXT[RZNA250]
24/09/2026 18:18:59.705 Added FXT[RZNA251]
24/09/2026 18:18:59.705 Added FXT[RZNA252]
24/09/2026 18:18:59.705 Added FXT[RZNA253]
24/09/2026 18:18:59.705 Added FXT[RZNA254]
24/09/2026 18:18:59.705 Added FXT[RZNA255]
24/09/2026 18:18:59.705 Added FXT[RZNA256]
24/09/2026 18:18:59.705 Added FXT[RZNA257]
24/09/2026 18:18:59.705 Added FXT[RZNA258]
24/09/2026 18:18:59.705 Added FXT[RZNA259]
24/09/2026 18:18:59.705 Added FXT[RZNA260]
24/09/2026 18:18:59.706 Added FXT[RZNA261]
24/09/2026 18:18:59.706 Added FXT[RZNA262]
24/09/2026 18:18:59.706 Added FXT[RZNA263]
24/09/2026 18:18:59.706 Added FXT[RZNA264]
24/09/2026 18:18:59.706 Added FXT[RZNA265]
24/09/2026 18:18:59.706 Added FXT[RZNA266]
24/09/2026 18:18:59.706 Added FXT[RZCHP2]
24/09/2026 18:18:59.706 Added FXT[RZSAC0]
24/09/2026 18:18:59.706 Added FXT[RZSAC1]
24/09/2026 18:18:59.706 Added FXT[RZSAC2]
24/09/2026 18:18:59.706 Added FXT[RZSAC3]
24/09/2026 18:18:59.706 Added FXT[RZSAC4]
24/09/2026 18:18:59.706 Added FXT[RZSAC5]
24/09/2026 18:18:59.706 Added FXT[RZSAC6]
24/09/2026 18:18:59.706 Added FXT[RZSAC7]
24/09/2026 18:18:59.706 Added FXT[RZSAC8]
24/09/2026 18:18:59.706 Added FXT[RZSAC9]
24/09/2026 18:18:59.706 Added FXT[RZSAC10]
24/09/2026 18:18:59.706 Added FXT[RZSAC11]
24/09/2026 18:18:59.706 Added FXT[RZSAC12]
24/09/2026 18:18:59.706 Added FXT[RZSAC13]
24/09/2026 18:18:59.706 Added FXT[RZSAC14]
24/09/2026 18:18:59.706 Added FXT[RZSAC15]
24/09/2026 18:18:59.706 Added FXT[RZSAC16]
24/09/2026 18:18:59.706 Added FXT[RZSAC17]
24/09/2026 18:18:59.706 Added FXT[RZSAC18]
24/09/2026 18:18:59.706 Added FXT[RZSAC19]
24/09/2026 18:18:59.706 Added FXT[RZSAC20]
24/09/2026 18:18:59.706 Added FXT[RZSAC21]
24/09/2026 18:18:59.706 Added FXT[RZSAC22]
24/09/2026 18:18:59.706 Added FXT[RZSAC23]
24/09/2026 18:18:59.706 Added FXT[RZSAC24]
24/09/2026 18:18:59.706 Added FXT[RZSAC25]
24/09/2026 18:18:59.706 Added FXT[RZSAC26]
24/09/2026 18:18:59.706 Added FXT[RZSAC27]
24/09/2026 18:18:59.706 Added FXT[RZSAC28]
24/09/2026 18:18:59.707 Added FXT[RZSAC29]
24/09/2026 18:18:59.707 Added FXT[RZSAC30]
24/09/2026 18:18:59.707 Added FXT[RZSAC31]
24/09/2026 18:18:59.707 Added FXT[RZSAC32]
24/09/2026 18:18:59.707 Added FXT[RZSAC33]
24/09/2026 18:18:59.707 Added FXT[RZCHP3]
24/09/2026 18:18:59.707 Added FXT[RZADS0]
24/09/2026 18:18:59.707 Added FXT[RZADSX1]
24/09/2026 18:18:59.707 Added FXT[RZCHP4]
24/09/2026 18:18:59.707 Added FXT[RZCHP5]
24/09/2026 18:18:59.707 Added FXT[RZAP0]
24/09/2026 18:18:59.707 Added FXT[RZAP1]
24/09/2026 18:18:59.707 Added FXT[RZAP1X]
24/09/2026 18:18:59.707 Added FXT[RZAP2]
24/09/2026 18:18:59.707 Added FXT[RZAP2X]
24/09/2026 18:18:59.707 Added FXT[RZAP3]
24/09/2026 18:18:59.707 Added FXT[RZAP3X]
24/09/2026 18:18:59.707 Added FXT[RZAP4]
24/09/2026 18:18:59.707 Added FXT[RZAP4X]
24/09/2026 18:18:59.707 Added FXT[RZAP5]
24/09/2026 18:18:59.707 Added FXT[RZAP5X]
24/09/2026 18:18:59.707 Added FXT[RZAP6]
24/09/2026 18:18:59.707 Added FXT[RZAP6X]
24/09/2026 18:18:59.707 Added FXT[RZAP7]
24/09/2026 18:18:59.707 Added FXT[RZAP7X]
24/09/2026 18:18:59.707 Added FXT[RZAP8]
24/09/2026 18:18:59.707 Added FXT[RZAP8X]
24/09/2026 18:18:59.707 Added FXT[RZAP9]
24/09/2026 18:18:59.707 Added FXT[RZAP9X]
24/09/2026 18:18:59.707 Added FXT[RZAP9Y]
24/09/2026 18:18:59.707 Added FXT[RZAP10]
24/09/2026 18:18:59.707 Added FXT[RZAP10X]
24/09/2026 18:18:59.707 Added FXT[RZAP11]
24/09/2026 18:18:59.707 Added FXT[RZAP11X]
24/09/2026 18:18:59.707 Added FXT[RZAPT1]
24/09/2026 18:18:59.708 Added FXT[RZAPT1X]
24/09/2026 18:18:59.708 Added FXT[RZAPT2]
24/09/2026 18:18:59.708 Added FXT[RZAPT2X]
24/09/2026 18:18:59.708 Added FXT[RZAPT3]
24/09/2026 18:18:59.708 Added FXT[RZAPT3X]
24/09/2026 18:18:59.708 Added FXT[RZAPT4]
24/09/2026 18:18:59.708 Added FXT[RZAPT4X]
24/09/2026 18:18:59.708 Added FXT[RZAPT5]
24/09/2026 18:18:59.708 Added FXT[RZAPT5X]
24/09/2026 18:18:59.708 Added FXT[RZAPT6]
24/09/2026 18:18:59.708 Added FXT[RZAPT6X]
24/09/2026 18:18:59.708 Added FXT[RZAPT7]
24/09/2026 18:18:59.708 Added FXT[RZAPT7X]
24/09/2026 18:18:59.708 Added FXT[RZAPT8]
24/09/2026 18:18:59.708 Added FXT[RZAPT8X]
24/09/2026 18:18:59.708 Added FXT[RZAPT9]
24/09/2026 18:18:59.708 Added FXT[RZAPT9X]
24/09/2026 18:18:59.708 Added FXT[RZAPT10]
24/09/2026 18:18:59.708 Added FXT[RZAPT0X]
24/09/2026 18:18:59.708 Added FXT[RZAPTXX]
24/09/2026 18:18:59.708 Added FXT[RZCHP6]
24/09/2026 18:18:59.708 Added FXT[RZPC0]
24/09/2026 18:18:59.708 Added FXT[RZPCX]
24/09/2026 18:18:59.708 Added FXT[RZPCX0]
24/09/2026 18:18:59.708 Added FXT[RZPCX1]
24/09/2026 18:18:59.708 Added FXT[RZPCX2]
24/09/2026 18:18:59.708 Added FXT[RZPCX3]
24/09/2026 18:18:59.708 Added FXT[RZCHP7]
24/09/2026 18:18:59.708 Added FXT[RZCHP7A]
24/09/2026 18:18:59.708 Added FXT[RZCHP7B]
24/09/2026 18:18:59.708 Added FXT[RZCHP7X]
24/09/2026 18:18:59.708 Added FXT[RZPO2]
24/09/2026 18:18:59.708 Added FXT[RZACP0]
24/09/2026 18:18:59.708 Added FXT[RZACP1]
24/09/2026 18:18:59.708 Added FXT[RZPED0]
24/09/2026 18:18:59.708 Added FXT[RZPED1]
24/09/2026 18:18:59.709 Added FXT[RZPED2]
24/09/2026 18:18:59.709 Added FXT[RZPED3]
24/09/2026 18:18:59.709 Added FXT[RZPED4]
24/09/2026 18:18:59.709 Added FXT[RZPED5]
24/09/2026 18:18:59.709 Added FXT[RZPED6]
24/09/2026 18:18:59.709 Added FXT[RZPED7]
24/09/2026 18:18:59.709 Added FXT[RZPED8]
24/09/2026 18:18:59.709 Added FXT[RZPED9]
24/09/2026 18:18:59.709 Added FXT[RZPED10]
24/09/2026 18:18:59.709 Added FXT[RZPED11]
24/09/2026 18:18:59.709 Added FXT[RZPED12]
24/09/2026 18:18:59.709 Added FXT[RZPED13]
24/09/2026 18:18:59.709 Added FXT[RZPED14]
24/09/2026 18:18:59.709 Added FXT[RZPED15]
24/09/2026 18:18:59.709 Added FXT[RZPED16]
24/09/2026 18:18:59.709 Added FXT[RZPED17]
24/09/2026 18:18:59.709 Added FXT[RZPED18]
24/09/2026 18:18:59.709 Added FXT[RZPED19]
24/09/2026 18:18:59.709 Added FXT[RZPED20]
24/09/2026 18:18:59.709 Added FXT[RZPED21]
24/09/2026 18:18:59.709 Added FXT[RZACP2]
24/09/2026 18:18:59.709 Added FXT[RZGRP0]
24/09/2026 18:18:59.709 Added FXT[RZGRP1]
24/09/2026 18:18:59.709 Added FXT[RZGRP2]
24/09/2026 18:18:59.709 Added FXT[RZGRP3]
24/09/2026 18:18:59.709 Added FXT[RZGRP4]
24/09/2026 18:18:59.709 Added FXT[RZGRP5]
24/09/2026 18:18:59.709 Added FXT[RZGRP6]
24/09/2026 18:18:59.709 Added FXT[RZGRP7]
24/09/2026 18:18:59.709 Added FXT[RZGRP8]
24/09/2026 18:18:59.709 Added FXT[RZGRP9]
24/09/2026 18:18:59.709 Added FXT[RZGRP10]
24/09/2026 18:18:59.709 Added FXT[RZGRP11]
24/09/2026 18:18:59.709 Added FXT[RZGRP12]
24/09/2026 18:18:59.709 Added FXT[RZPO3]
24/09/2026 18:18:59.709 Added FXT[RZBDG0]
24/09/2026 18:18:59.710 Added FXT[RZBDG1]
24/09/2026 18:18:59.710 Added FXT[RZBDGX]
24/09/2026 18:18:59.710 Added FXT[RZBDG2]
24/09/2026 18:18:59.710 Added FXT[RZBDG3]
24/09/2026 18:18:59.710 Added FXT[RZBDG4]
24/09/2026 18:18:59.710 Added FXT[RZBDGW0]
24/09/2026 18:18:59.710 Added FXT[RZBDGW1]
24/09/2026 18:18:59.710 Added FXT[RZBDGW2]
24/09/2026 18:18:59.710 Added FXT[RZPO4]
24/09/2026 18:18:59.710 Added FXT[RZSTT0]
24/09/2026 18:18:59.710 Added FXT[RZSTT1]
24/09/2026 18:18:59.710 Added FXT[RZSTT2]
24/09/2026 18:18:59.710 Added FXT[RZSTT3]
24/09/2026 18:18:59.710 Added FXT[RZSTT4]
24/09/2026 18:18:59.710 Added FXT[RZSTT5]
24/09/2026 18:18:59.710 Added FXT[RZSTT6]
24/09/2026 18:18:59.710 Added FXT[RZSTT7]
24/09/2026 18:18:59.710 Added FXT[RZSTT8]
24/09/2026 18:18:59.710 Added FXT[RZSTT9]
24/09/2026 18:18:59.710 Added FXT[RZSTT10]
24/09/2026 18:18:59.710 Added FXT[RZSTT11]
24/09/2026 18:18:59.710 Added FXT[RZSTT12]
24/09/2026 18:18:59.710 Added FXT[RZSTT13]
24/09/2026 18:18:59.710 Added FXT[RZSTT14]
24/09/2026 18:18:59.710 Added FXT[RZSTT15]
24/09/2026 18:18:59.710 Added FXT[RZSTT16]
24/09/2026 18:18:59.710 Added FXT[RZSTT17]
24/09/2026 18:18:59.710 Added FXT[RZSTT18]
24/09/2026 18:18:59.710 Added FXT[RZSTT19]
24/09/2026 18:18:59.710 Added FXT[RZSTT20]
24/09/2026 18:18:59.710 Added FXT[RZSTT21]
24/09/2026 18:18:59.710 Added FXT[RZSTT22]
24/09/2026 18:18:59.710 Added FXT[RZSTT23]
24/09/2026 18:18:59.710 Added FXT[RZSTT24]
24/09/2026 18:18:59.710 Added FXT[RZSTT25]
24/09/2026 18:18:59.710 Added FXT[RZSTT26]
24/09/2026 18:18:59.711 Added FXT[RZSTT27]
24/09/2026 18:18:59.711 Added FXT[RZSTT28]
24/09/2026 18:18:59.711 Added FXT[RZSTT29]
24/09/2026 18:18:59.711 Added FXT[RZSTT30]
24/09/2026 18:18:59.711 Added FXT[RZSTT31]
24/09/2026 18:18:59.711 Added FXT[RZSTT32]
24/09/2026 18:18:59.711 Added FXT[RZSTT33]
24/09/2026 18:18:59.711 Added FXT[RZSTT34]
24/09/2026 18:18:59.711 Added FXT[RZABR0]
24/09/2026 18:18:59.711 Added FXT[RZABR1]
24/09/2026 18:18:59.711 Added FXT[RZABR2]
24/09/2026 18:18:59.711 Added FXT[RZABR3]
24/09/2026 18:18:59.711 Added FXT[RZABR4]
24/09/2026 18:18:59.711 Added FXT[RZABR5]
24/09/2026 18:18:59.711 Added FXT[RZABR6]
24/09/2026 18:18:59.711 Added FXT[RZABR7]
24/09/2026 18:18:59.711 Added FXT[RZABR8]
24/09/2026 18:18:59.711 Added FXT[RZPO5]
24/09/2026 18:18:59.711 Added FXT[RZMNPX]
24/09/2026 18:18:59.711 Added FXT[RZMNPY]
24/09/2026 18:18:59.711 Added FXT[RZMNPZ]
24/09/2026 18:18:59.711 Added FXT[RZMNP0]
24/09/2026 18:18:59.711 Added FXT[RZMNP1]
24/09/2026 18:18:59.711 Added FXT[RZMNP2]
24/09/2026 18:18:59.711 Added FXT[RZMNP3]
24/09/2026 18:18:59.711 Added FXT[RZMNP4]
24/09/2026 18:18:59.711 Added FXT[RZPO6]
24/09/2026 18:18:59.711 Added FXT[RZPO7]
24/09/2026 18:18:59.711 Added FXT[RZPO8]
24/09/2026 18:18:59.711 Added FXT[RZPO9]
24/09/2026 18:18:59.711 Added FXT[RZPO10]
24/09/2026 18:18:59.711 Added FXT[RZHLAM0]
24/09/2026 18:18:59.711 Added FXT[RZHLAM1]
24/09/2026 18:18:59.711 Added FXT[RZHLAM2]
24/09/2026 18:18:59.711 Added FXT[RZHLAM3]
24/09/2026 18:18:59.711 Added FXT[RZHLAM4]
24/09/2026 18:18:59.712 Added FXT[RZHLAM5]
24/09/2026 18:18:59.712 Added FXT[RZHLAM6]
24/09/2026 18:18:59.712 Added FXT[RZPO11]
24/09/2026 18:18:59.712 Added FXT[RZPO12]
24/09/2026 18:18:59.712 Added FXT[RZPO13]
24/09/2026 18:18:59.712 Added FXT[RZPO14]
24/09/2026 18:18:59.712 Added FXT[RZPO15]
24/09/2026 18:18:59.712 Added FXT[RZPO16]
24/09/2026 18:18:59.712 Added FXT[RZPO17]
24/09/2026 18:18:59.712 Added FXT[RZPO18]
24/09/2026 18:18:59.712 Added FXT[RZPO19]
24/09/2026 18:18:59.712 Added FXT[RZPO20]
24/09/2026 18:18:59.712 Added FXT[RZPO21]
24/09/2026 18:18:59.712 Added FXT[RZPO22]
24/09/2026 18:18:59.712 Added FXT[RZPO23]
24/09/2026 18:18:59.712 Added FXT[RZPO24]
24/09/2026 18:18:59.712 Added FXT[RZOPO1]
24/09/2026 18:18:59.712 Added FXT[RZWLK0]
24/09/2026 18:18:59.713 Added FXT[RZWLK1]
24/09/2026 18:18:59.713 Added FXT[RZWLK2]
24/09/2026 18:18:59.713 Added FXT[RZWLK3]
24/09/2026 18:18:59.713 Added FXT[RZWLK4]
24/09/2026 18:18:59.713 Added FXT[RZWLK5]
24/09/2026 18:18:59.713 Added FXT[RZWLK6]
24/09/2026 18:18:59.713 Added FXT[RZWLK7]
24/09/2026 18:18:59.713 Added FXT[RZWLK8]
24/09/2026 18:18:59.713 Added FXT[RZWLK9]
24/09/2026 18:18:59.713 Added FXT[RZWLK10]
24/09/2026 18:18:59.713 Added FXT[RZWLK11]
24/09/2026 18:18:59.713 Added FXT[RZWLK12]
24/09/2026 18:18:59.713 Added FXT[RZWLK13]
24/09/2026 18:18:59.713 Added FXT[RZWLK14]
24/09/2026 18:18:59.713 Added FXT[RZWLK15]
24/09/2026 18:18:59.713 Added FXT[RZWLK16]
24/09/2026 18:18:59.713 Added FXT[RZWLK17]
24/09/2026 18:18:59.713 Added FXT[RZWLK18]
24/09/2026 18:18:59.713 Added FXT[RZWLK19]
24/09/2026 18:18:59.713 Added FXT[RZWLK20]
24/09/2026 18:18:59.713 Added FXT[RZWLK21]
24/09/2026 18:18:59.713 Added FXT[RZWLK22]
24/09/2026 18:18:59.713 Added FXT[RZWLK23]
24/09/2026 18:18:59.713 Added FXT[RZWLK24]
24/09/2026 18:18:59.713 Added FXT[RZWLK25]
24/09/2026 18:18:59.713 Added FXT[RZWLK26]
24/09/2026 18:18:59.713 Added FXT[RZWLK27]
24/09/2026 18:18:59.713 Added FXT[RZWLK28]
24/09/2026 18:18:59.713 Added FXT[RZWLK29]
24/09/2026 18:18:59.713 Added FXT[RZOPO2]
24/09/2026 18:18:59.713 Added FXT[RZFTS0]
24/09/2026 18:18:59.713 Added FXT[RZFTS1]
24/09/2026 18:18:59.713 Added FXT[RZFTS2]
24/09/2026 18:18:59.713 Added FXT[RZFTS3]
24/09/2026 18:18:59.713 Added FXT[RZFTS4]
24/09/2026 18:18:59.713 Added FXT[RZFTS5]
24/09/2026 18:18:59.714 Added FXT[RZFTS6]
24/09/2026 18:18:59.714 Added FXT[RZFTS7]
24/09/2026 18:18:59.714 Added FXT[RZFTS8]
24/09/2026 18:18:59.714 Added FXT[RZFTS9]
24/09/2026 18:18:59.714 Added FXT[RZFTS10]
24/09/2026 18:18:59.714 Added FXT[RZFTS11]
24/09/2026 18:18:59.714 Added FXT[RZFTS12]
24/09/2026 18:18:59.714 Added FXT[RZFTS13]
24/09/2026 18:18:59.714 Added FXT[RZOPO3]
24/09/2026 18:18:59.714 Added FXT[RZMCFT0]
24/09/2026 18:18:59.714 Added FXT[RZMCFT1]
24/09/2026 18:18:59.714 Added FXT[RZMCFT2]
24/09/2026 18:18:59.714 Added FXT[RZMCFT3]
24/09/2026 18:18:59.714 Added FXT[RZMCFT4]
24/09/2026 18:18:59.714 Added FXT[RZOPO4]
24/09/2026 18:18:59.714 Added FXT[RZMNY0]
24/09/2026 18:18:59.714 Added FXT[RZMNY1P]
24/09/2026 18:18:59.714 Added FXT[RZMNY1M]
24/09/2026 18:18:59.714 Added FXT[RZMNY2]
24/09/2026 18:18:59.714 Added FXT[RZMNY3]
24/09/2026 18:18:59.714 Added FXT[RZMNY4]
24/09/2026 18:18:59.714 Added FXT[RZOPO5]
24/09/2026 18:18:59.714 Added FXT[RZGGWP0]
24/09/2026 18:18:59.714 Added FXT[RZGGWP1]
24/09/2026 18:18:59.714 Added FXT[RZGGWP2]
24/09/2026 18:18:59.714 Added FXT[RZOPO6]
24/09/2026 18:18:59.714 Added FXT[RZPTF0]
24/09/2026 18:18:59.714 Added FXT[RZPTF1]
24/09/2026 18:18:59.714 Added FXT[RZPTF2]
24/09/2026 18:18:59.714 Added FXT[RZPTF3]
24/09/2026 18:18:59.714 Added FXT[RZPTF4]
24/09/2026 18:18:59.714 Added FXT[RZPTF5]
24/09/2026 18:18:59.714 Added FXT[RZPTF6]
24/09/2026 18:18:59.714 Added FXT[RZPTF7]
24/09/2026 18:18:59.715 Added FXT[RZPTF8]
24/09/2026 18:18:59.715 Added FXT[RZPTF9]
24/09/2026 18:18:59.715 Added FXT[RZPTF10]
24/09/2026 18:18:59.715 Added FXT[RZPTF11]
24/09/2026 18:18:59.715 Added FXT[RZPTF12]
24/09/2026 18:18:59.715 Added FXT[RZPTF13]
24/09/2026 18:18:59.715 Added FXT[RZPTF14]
24/09/2026 18:18:59.715 Added FXT[RZPTF15]
24/09/2026 18:18:59.715 Added FXT[RZPTF16]
24/09/2026 18:18:59.715 Added FXT[RZPTF17]
24/09/2026 18:18:59.715 Added FXT[RZPTF18]
24/09/2026 18:18:59.715 Added FXT[RZPTF19]
24/09/2026 18:18:59.715 Added FXT[RZPTF20]
24/09/2026 18:18:59.715 Added FXT[RZPTFX]
24/09/2026 18:18:59.715 Added FXT[RZOPO7]
24/09/2026 18:18:59.715 Added FXT[RZCMRZ0]
24/09/2026 18:18:59.715 Added FXT[RZCMRZ1]
24/09/2026 18:18:59.715 Added FXT[RZCMRZ2]
24/09/2026 18:18:59.715 Added FXT[RZPO25]
24/09/2026 18:18:59.715 Added FXT[RZPO26]
24/09/2026 18:18:59.715 Added FXT[RZPO27]
24/09/2026 18:18:59.715 Added FXT[RZMM2]
24/09/2026 18:18:59.715 Added FXT[RZVO0]
24/09/2026 18:18:59.715 Added FXT[RZVO1]
24/09/2026 18:18:59.715 Added FXT[RZVS0]
24/09/2026 18:18:59.715 Added FXT[RZVS1]
24/09/2026 18:18:59.715 Added FXT[RZBS0]
24/09/2026 18:18:59.715 Added FXT[RZBS1]
24/09/2026 18:18:59.715 Added FXT[RZBS2]
24/09/2026 18:18:59.715 Added FXT[RZVS2]
24/09/2026 18:18:59.715 Added FXT[RZCS0]
24/09/2026 18:18:59.715 Added FXT[RZCSA]
24/09/2026 18:18:59.715 Added FXT[RZCSB]
24/09/2026 18:18:59.715 Added FXT[RZCSC]
24/09/2026 18:18:59.715 Added FXT[RZCSD]
24/09/2026 18:18:59.715 Added FXT[RZCSE]
24/09/2026 18:18:59.716 Added FXT[RZCSF]
24/09/2026 18:18:59.716 Added FXT[RZCSG]
24/09/2026 18:18:59.716 Added FXT[RZCSH]
24/09/2026 18:18:59.716 Added FXT[RZCSI]
24/09/2026 18:18:59.716 Added FXT[RZCSJ]
24/09/2026 18:18:59.716 Added FXT[RZCSK]
24/09/2026 18:18:59.716 Added FXT[RZCSL]
24/09/2026 18:18:59.716 Added FXT[RZCSM]
24/09/2026 18:18:59.716 Added FXT[RZCSN]
24/09/2026 18:18:59.716 Added FXT[RZCSO]
24/09/2026 18:18:59.716 Added FXT[RZCSP]
24/09/2026 18:18:59.716 Added FXT[RZCSQ]
24/09/2026 18:18:59.716 Added FXT[RZCSR]
24/09/2026 18:18:59.716 Added FXT[RZCSS]
24/09/2026 18:18:59.716 Added FXT[RZCST]
24/09/2026 18:18:59.716 Added FXT[RZCSU]
24/09/2026 18:18:59.716 Added FXT[RZCSV]
24/09/2026 18:18:59.716 Added FXT[RZCSW]
24/09/2026 18:18:59.716 Added FXT[RZCSX]
24/09/2026 18:18:59.716 Added FXT[RZCSY]
24/09/2026 18:18:59.716 Added FXT[RZCSZ]
24/09/2026 18:18:59.716 Added FXT[RZVS3]
24/09/2026 18:18:59.716 Added FXT[RZBOA]
24/09/2026 18:18:59.716 Added FXT[RZVS4]
24/09/2026 18:18:59.716 Added FXT[RZPS0]
24/09/2026 18:18:59.716 Added FXT[RZVS5]
24/09/2026 18:18:59.716 Added FXT[RZHS0]
24/09/2026 18:18:59.716 Added FXT[RZVS6]
24/09/2026 18:18:59.716 Added FXT[RZTS0]
24/09/2026 18:18:59.716 Added FXT[RZTS1]
24/09/2026 18:18:59.716 Added FXT[RZTS2]
24/09/2026 18:18:59.716 Added FXT[RZTS3]
24/09/2026 18:18:59.716 Added FXT[RZTS4]
24/09/2026 18:18:59.716 Added FXT[RZTS5]
24/09/2026 18:18:59.716 Added FXT[RZTS6]
24/09/2026 18:18:59.717 Added FXT[RZTS7]
24/09/2026 18:18:59.717 Added FXT[RZTS8]
24/09/2026 18:18:59.717 Added FXT[RZTS9]
24/09/2026 18:18:59.717 Added FXT[RZTS10]
24/09/2026 18:18:59.717 Added FXT[RZTS11]
24/09/2026 18:18:59.717 Added FXT[RZATS1]
24/09/2026 18:18:59.717 Added FXT[RZATS2]
24/09/2026 18:18:59.717 Added FXT[RZATS3]
24/09/2026 18:18:59.717 Added FXT[RZATS4]
24/09/2026 18:18:59.717 Added FXT[RZATS5]
24/09/2026 18:18:59.717 Added FXT[RZATS6]
24/09/2026 18:18:59.717 Added FXT[RZATS7]
24/09/2026 18:18:59.717 Added FXT[RZATS8]
24/09/2026 18:18:59.717 Added FXT[RZATSD]
24/09/2026 18:18:59.717 Added FXT[RZATSTN]
24/09/2026 18:18:59.717 Added FXT[RZVS7]
24/09/2026 18:18:59.717 Added FXT[RZTRS0]
24/09/2026 18:18:59.717 Added FXT[RZTRS1]
24/09/2026 18:18:59.717 Added FXT[RZTRS2]
24/09/2026 18:18:59.717 Added FXT[RZTRS3]
24/09/2026 18:18:59.717 Added FXT[RZTRS4]
24/09/2026 18:18:59.717 Added FXT[RZTRS5]
24/09/2026 18:18:59.717 Added FXT[RZTRS6]
24/09/2026 18:18:59.717 Added FXT[RZTRS7]
24/09/2026 18:18:59.717 Added FXT[RZTRS8]
24/09/2026 18:18:59.717 Added FXT[RZTRS9]
24/09/2026 18:18:59.717 Added FXT[RZVS8]
24/09/2026 18:18:59.717 Added FXT[RZSRC0]
24/09/2026 18:18:59.717 Added FXT[RZSRC1]
24/09/2026 18:18:59.717 Added FXT[RZSRC2]
24/09/2026 18:18:59.717 Added FXT[RZSRC3]
24/09/2026 18:18:59.717 Added FXT[RZSRC4]
24/09/2026 18:18:59.717 Added FXT[RZSRC5]
24/09/2026 18:18:59.717 Added FXT[RZVS9]
24/09/2026 18:18:59.717 Added FXT[RZAV0]
24/09/2026 18:18:59.717 Added FXT[RZAV1]
24/09/2026 18:18:59.718 Added FXT[RZVS10]
24/09/2026 18:18:59.718 Added FXT[RZSCV0]
24/09/2026 18:18:59.718 Added FXT[RZSCVA]
24/09/2026 18:18:59.718 Added FXT[RZSCVX]
24/09/2026 18:18:59.718 Added FXT[RZSCVY]
24/09/2026 18:18:59.718 Added FXT[RZVS11]
24/09/2026 18:18:59.718 Added FXT[RZLSV0]
24/09/2026 18:18:59.718 Added FXT[RZVS12]
24/09/2026 18:18:59.718 Added FXT[RZIVID0]
24/09/2026 18:18:59.718 Added FXT[RZIVID1]
24/09/2026 18:18:59.718 Added FXT[RZIVID2]
24/09/2026 18:18:59.718 Added FXT[RZIVID3]
24/09/2026 18:18:59.718 Added FXT[RZIVID4]
24/09/2026 18:18:59.718 Added FXT[RZVS13]
24/09/2026 18:18:59.718 Added FXT[RZVS14]
24/09/2026 18:18:59.718 Added FXT[RZVS15]
24/09/2026 18:18:59.718 Added FXT[RZVS16]
24/09/2026 18:18:59.718 Added FXT[RZVSM1]
24/09/2026 18:18:59.718 Added FXT[RZVSM2]
24/09/2026 18:18:59.718 Added FXT[RZVSM3]
24/09/2026 18:18:59.718 Added FXT[RZVS17]
24/09/2026 18:18:59.718 Added FXT[RZIVDF0]
24/09/2026 18:18:59.718 Added FXT[RZIVDF1]
24/09/2026 18:18:59.718 Added FXT[RZIVDF2]
24/09/2026 18:18:59.718 Added FXT[RZIVDF3]
24/09/2026 18:18:59.718 Added FXT[RZIVDF4]
24/09/2026 18:18:59.718 Added FXT[RZIVDF5]
24/09/2026 18:18:59.718 Added FXT[RZVO2]
24/09/2026 18:18:59.718 Added FXT[RZMD0]
24/09/2026 18:18:59.718 Added FXT[RZMD1]
24/09/2026 18:18:59.718 Added FXT[RZMDC0]
24/09/2026 18:18:59.718 Added FXT[RZMDC1]
24/09/2026 18:18:59.718 Added FXT[RZMD2]
24/09/2026 18:18:59.718 Added FXT[RZMDP0]
24/09/2026 18:18:59.718 Added FXT[RZMDP1]
24/09/2026 18:18:59.718 Added FXT[RZMD3]
24/09/2026 18:18:59.719 Added FXT[RZMDNN0]
24/09/2026 18:18:59.719 Added FXT[RZMDNN1]
24/09/2026 18:18:59.719 Added FXT[RZNNC0]
24/09/2026 18:18:59.719 Added FXT[RZNNC1]
24/09/2026 18:18:59.719 Added FXT[RZNNC2]
24/09/2026 18:18:59.719 Added FXT[RZMDNN2]
24/09/2026 18:18:59.719 Added FXT[RZNNF0]
24/09/2026 18:18:59.719 Added FXT[RZNNF1]
24/09/2026 18:18:59.719 Added FXT[RZMDNN3]
24/09/2026 18:18:59.719 Added FXT[RZNNW0]
24/09/2026 18:18:59.719 Added FXT[RZNNW1]
24/09/2026 18:18:59.719 Added FXT[RZNNW2]
24/09/2026 18:18:59.719 Added FXT[RZNNW3]
24/09/2026 18:18:59.719 Added FXT[RZMD4]
24/09/2026 18:18:59.719 Added FXT[RZMDW0]
24/09/2026 18:18:59.719 Added FXT[RZMD5]
24/09/2026 18:18:59.719 Added FXT[RZMDN0]
24/09/2026 18:18:59.719 Added FXT[RZMD6]
24/09/2026 18:18:59.719 Added FXT[RZMDS0]
24/09/2026 18:18:59.719 Added FXT[RZMDS9]
24/09/2026 18:18:59.719 Added FXT[RZMDS10]
24/09/2026 18:18:59.719 Added FXT[RZMDS11]
24/09/2026 18:18:59.719 Added FXT[RZMDS12]
24/09/2026 18:18:59.719 Added FXT[RZMDS13]
24/09/2026 18:18:59.719 Added FXT[RZMDS14]
24/09/2026 18:18:59.719 Added FXT[RZMDS15]
24/09/2026 18:18:59.719 Added FXT[RZMDS16]
24/09/2026 18:18:59.719 Added FXT[RZMDS17]
24/09/2026 18:18:59.719 Added FXT[RZMDS18]
24/09/2026 18:18:59.719 Added FXT[RZMDS19]
24/09/2026 18:18:59.719 Added FXT[RZMDS20]
24/09/2026 18:18:59.719 Added FXT[RZMD7]
24/09/2026 18:18:59.719 Added FXT[RZMFB0]
24/09/2026 18:18:59.719 Added FXT[RZMD7A]
24/09/2026 18:18:59.719 Added FXT[RZMFB1]
24/09/2026 18:18:59.719 Added FXT[RZMD8]
24/09/2026 18:18:59.720 Added FXT[RZMRB0]
24/09/2026 18:18:59.720 Added FXT[RZMD8A]
24/09/2026 18:18:59.720 Added FXT[RZMRB1]
24/09/2026 18:18:59.720 Added FXT[RZMD9]
24/09/2026 18:18:59.720 Added FXT[RZMDSK0]
24/09/2026 18:18:59.720 Added FXT[RZMD10]
24/09/2026 18:18:59.720 Added FXT[RZMDH0]
24/09/2026 18:18:59.720 Added FXT[RZMDH1]
24/09/2026 18:18:59.720 Added FXT[RZMD11]
24/09/2026 18:18:59.720 Added FXT[RZMDV0]
24/09/2026 18:18:59.720 Added FXT[RZMD12]
24/09/2026 18:18:59.720 Added FXT[RZMDR0]
24/09/2026 18:18:59.720 Added FXT[RZMD13]
24/09/2026 18:18:59.720 Added FXT[RZMDE0]
24/09/2026 18:18:59.720 Added FXT[RZMD14]
24/09/2026 18:18:59.720 Added FXT[RZMDMC]
24/09/2026 18:18:59.720 Added FXT[RZMD15]
24/09/2026 18:18:59.720 Added FXT[RZMDL0]
24/09/2026 18:18:59.720 Added FXT[RZMD16]
24/09/2026 18:18:59.720 Added FXT[RZMDCS0]
24/09/2026 18:18:59.720 Added FXT[RZMD17]
24/09/2026 18:18:59.720 Added FXT[RZMDHY0]
24/09/2026 18:18:59.720 Added FXT[RZMD18]
24/09/2026 18:18:59.720 Added FXT[RZMDEX0]
24/09/2026 18:18:59.720 Added FXT[RZMDEX1]
24/09/2026 18:18:59.720 Added FXT[RZMDX]
24/09/2026 18:18:59.720 Added FXT[RZMDZ]
24/09/2026 18:18:59.720 Added FXT[RZVO3]
24/09/2026 18:18:59.720 Added FXT[RZNN0]
24/09/2026 18:18:59.720 Added FXT[RZNN1]
24/09/2026 18:18:59.720 Added FXT[RZNN2]
24/09/2026 18:18:59.720 Added FXT[RZNN3]
24/09/2026 18:18:59.720 Added FXT[RZVO4]
24/09/2026 18:18:59.720 Added FXT[RZNT0]
24/09/2026 18:18:59.720 Added FXT[RZNT1]
24/09/2026 18:18:59.720 Added FXT[RZNT2]
24/09/2026 18:18:59.720 Added FXT[RZNT3]
24/09/2026 18:18:59.721 Added FXT[RZNT3Z]
24/09/2026 18:18:59.721 Added FXT[RZNT4]
24/09/2026 18:18:59.721 Added FXT[RZNT4A]
24/09/2026 18:18:59.721 Added FXT[RZNT4B]
24/09/2026 18:18:59.721 Added FXT[RZNT5]
24/09/2026 18:18:59.721 Added FXT[RZNT6]
24/09/2026 18:18:59.721 Added FXT[RZVO5]
24/09/2026 18:18:59.721 Added FXT[RZVO6]
24/09/2026 18:18:59.721 Added FXT[RZVO7]
24/09/2026 18:18:59.721 Added FXT[RZVO8]
24/09/2026 18:18:59.721 Added FXT[RZVO9]
24/09/2026 18:18:59.721 Added FXT[RZVO10]
24/09/2026 18:18:59.721 Added FXT[RZVO11]
24/09/2026 18:18:59.721 Added FXT[RZVO12]
24/09/2026 18:18:59.721 Added FXT[RZVO13]
24/09/2026 18:18:59.721 Added FXT[RZVO14]
24/09/2026 18:18:59.721 Added FXT[RZVO14X]
24/09/2026 18:18:59.721 Added FXT[RZVO15]
24/09/2026 18:18:59.721 Added FXT[RZVO16]
24/09/2026 18:18:59.721 Added FXT[RZSOM0]
24/09/2026 18:18:59.721 Added FXT[RZSOM1]
24/09/2026 18:18:59.721 Added FXT[RZSOM2]
24/09/2026 18:18:59.721 Added FXT[RZVO17]
24/09/2026 18:18:59.721 Added FXT[RZVO18]
24/09/2026 18:18:59.721 Added FXT[RZVO19]
24/09/2026 18:18:59.721 Added FXT[RZVO20]
24/09/2026 18:18:59.721 Added FXT[RZVO21]
24/09/2026 18:18:59.721 Added FXT[RZVO22]
24/09/2026 18:18:59.721 Added FXT[RZVO23]
24/09/2026 18:18:59.721 Added FXT[RZVO23X]
24/09/2026 18:18:59.721 Added FXT[RZVO24]
24/09/2026 18:18:59.721 Added FXT[RZVO25]
24/09/2026 18:18:59.721 Added FXT[RZVO26]
24/09/2026 18:18:59.721 Added FXT[RZVO27]
24/09/2026 18:18:59.721 Added FXT[RZVO28]
24/09/2026 18:18:59.721 Added FXT[RZVO29]
24/09/2026 18:18:59.721 Added FXT[RZVHLT0]
24/09/2026 18:18:59.721 Added FXT[RZVHLT1]
24/09/2026 18:18:59.721 Added FXT[RZVHLT2]
24/09/2026 18:18:59.721 Added FXT[RZVHLT3]
24/09/2026 18:18:59.721 Added FXT[RZVO30]
24/09/2026 18:18:59.721 Added FXT[RZVDOR0]
24/09/2026 18:18:59.721 Added FXT[RZVDOR1]
24/09/2026 18:18:59.721 Added FXT[RZVDOR2]
24/09/2026 18:18:59.721 Added FXT[RZVDOR3]
24/09/2026 18:18:59.721 Added FXT[RZVDOR4]
24/09/2026 18:18:59.721 Added FXT[RZVDOR5]
24/09/2026 18:18:59.721 Added FXT[RZVDOR6]
24/09/2026 18:18:59.721 Added FXT[RZVDOR7]
24/09/2026 18:18:59.721 Added FXT[RZVO31]
24/09/2026 18:18:59.721 Added FXT[RZVOP0]
24/09/2026 18:18:59.722 Added FXT[RZVOP1]
24/09/2026 18:18:59.722 Added FXT[RZVOP2]
24/09/2026 18:18:59.722 Added FXT[RZVOP3]
24/09/2026 18:18:59.722 Added FXT[RZVOP4]
24/09/2026 18:18:59.722 Added FXT[RZVOP5]
24/09/2026 18:18:59.722 Added FXT[RZVOPX]
24/09/2026 18:18:59.722 Added FXT[RZVO32]
24/09/2026 18:18:59.722 Added FXT[RZVO33]
24/09/2026 18:18:59.722 Added FXT[RZVO34]
24/09/2026 18:18:59.722 Added FXT[RZVO35]
24/09/2026 18:18:59.722 Added FXT[RZMM3]
24/09/2026 18:18:59.722 Added FXT[RZWNO0]
24/09/2026 18:18:59.722 Added FXT[RZWNO1]
24/09/2026 18:18:59.722 Added FXT[RZWNO2]
24/09/2026 18:18:59.722 Added FXT[RZWNO3]
24/09/2026 18:18:59.722 Added FXT[RZWNO4]
24/09/2026 18:18:59.722 Added FXT[RZMM4]
24/09/2026 18:18:59.722 Added FXT[RZWPO0]
24/09/2026 18:18:59.722 Added FXT[RZWPO1]
24/09/2026 18:18:59.722 Added FXT[RZWPS0]
24/09/2026 18:18:59.722 Added FXT[RZWPS1]
24/09/2026 18:18:59.722 Added FXT[RZMLE0]
24/09/2026 18:18:59.722 Added FXT[RZMLE1]
24/09/2026 18:18:59.722 Added FXT[RZMLE2]
24/09/2026 18:18:59.722 Added FXT[RZMLE3]
24/09/2026 18:18:59.722 Added FXT[RZMLE4]
24/09/2026 18:18:59.722 Added FXT[RZMLE5]
24/09/2026 18:18:59.722 Added FXT[RZMLE6]
24/09/2026 18:18:59.722 Added FXT[RZMLE7]
24/09/2026 18:18:59.722 Added FXT[RZMLE8]
24/09/2026 18:18:59.722 Added FXT[RZMLE9]
24/09/2026 18:18:59.722 Added FXT[RZWPS2]
24/09/2026 18:18:59.722 Added FXT[RZPTL0]
24/09/2026 18:18:59.723 Added FXT[RZPTL1]
24/09/2026 18:18:59.723 Added FXT[RZPTL2]
24/09/2026 18:18:59.723 Added FXT[RZPTL3]
24/09/2026 18:18:59.723 Added FXT[RZWPS3]
24/09/2026 18:18:59.723 Added FXT[RZSGN0]
24/09/2026 18:18:59.723 Added FXT[RZSGN1]
24/09/2026 18:18:59.723 Added FXT[RZSGN2]
24/09/2026 18:18:59.723 Added FXT[RZSGN3]
24/09/2026 18:18:59.723 Added FXT[RZWPS4]
24/09/2026 18:18:59.723 Added FXT[RZSMG0]
24/09/2026 18:18:59.723 Added FXT[RZSMG1]
24/09/2026 18:18:59.723 Added FXT[RZSMG2]
24/09/2026 18:18:59.723 Added FXT[RZSMG3]
24/09/2026 18:18:59.723 Added FXT[RZWPS5]
24/09/2026 18:18:59.723 Added FXT[RZASL0]
24/09/2026 18:18:59.723 Added FXT[RZASL1]
24/09/2026 18:18:59.723 Added FXT[RZASL2]
24/09/2026 18:18:59.723 Added FXT[RZWPS6]
24/09/2026 18:18:59.723 Added FXT[RZRFL0]
24/09/2026 18:18:59.723 Added FXT[RZRFL1]
24/09/2026 18:18:59.723 Added FXT[RZRFL2]
24/09/2026 18:18:59.723 Added FXT[RZWPS7]
24/09/2026 18:18:59.723 Added FXT[RZHVY0]
24/09/2026 18:18:59.723 Added FXT[RZHVY1]
24/09/2026 18:18:59.723 Added FXT[RZHVY2]
24/09/2026 18:18:59.723 Added FXT[RZHVY3]
24/09/2026 18:18:59.723 Added FXT[RZHVY4]
24/09/2026 18:18:59.723 Added FXT[RZWPS8]
24/09/2026 18:18:59.723 Added FXT[RZTHR0]
24/09/2026 18:18:59.723 Added FXT[RZTHR1]
24/09/2026 18:18:59.723 Added FXT[RZTHR2]
24/09/2026 18:18:59.723 Added FXT[RZTHR3]
24/09/2026 18:18:59.723 Added FXT[RZTHR4]
24/09/2026 18:18:59.723 Added FXT[RZWPS9]
24/09/2026 18:18:59.723 Added FXT[RZOTHW0]
24/09/2026 18:18:59.723 Added FXT[RZOTHW1]
24/09/2026 18:18:59.724 Added FXT[RZOTHW2]
24/09/2026 18:18:59.724 Added FXT[RZOTHW3]
24/09/2026 18:18:59.724 Added FXT[RZOTHW4]
24/09/2026 18:18:59.724 Added FXT[RZOTHW5]
24/09/2026 18:18:59.724 Added FXT[RZOTHW6]
24/09/2026 18:18:59.724 Added FXT[RZWPS10]
24/09/2026 18:18:59.724 Added FXT[RZGFT0]
24/09/2026 18:18:59.724 Added FXT[RZGFT1]
24/09/2026 18:18:59.724 Added FXT[RZGFT2]
24/09/2026 18:18:59.724 Added FXT[RZGFT3]
24/09/2026 18:18:59.724 Added FXT[RZGFT4]
24/09/2026 18:18:59.724 Added FXT[RZGFT5]
24/09/2026 18:18:59.724 Added FXT[RZGFT6]
24/09/2026 18:18:59.724 Added FXT[RZWPS11]
24/09/2026 18:18:59.724 Added FXT[RZAW0]
24/09/2026 18:18:59.724 Added FXT[RZAW1]
24/09/2026 18:18:59.724 Added FXT[RZAW2]
24/09/2026 18:18:59.724 Added FXT[RZAW3]
24/09/2026 18:18:59.724 Added FXT[RZAW4]
24/09/2026 18:18:59.724 Added FXT[RZWPO2]
24/09/2026 18:18:59.724 Added FXT[RZWPH0]
24/09/2026 18:18:59.724 Added FXT[RZWPH1]
24/09/2026 18:18:59.724 Added FXT[RZWPH2]
24/09/2026 18:18:59.724 Added FXT[RZWPH3]
24/09/2026 18:18:59.724 Added FXT[RZWPH4]
24/09/2026 18:18:59.724 Added FXT[RZWPH5]
24/09/2026 18:18:59.724 Added FXT[RZWPH6]
24/09/2026 18:18:59.724 Added FXT[RZWPH7]
24/09/2026 18:18:59.724 Added FXT[RZWPH8]
24/09/2026 18:18:59.724 Added FXT[RZWPH9]
24/09/2026 18:18:59.724 Added FXT[RZWPH10]
24/09/2026 18:18:59.724 Added FXT[RZWPH11]
24/09/2026 18:18:59.724 Added FXT[RZWPH12]
24/09/2026 18:18:59.724 Added FXT[RZWPH13]
24/09/2026 18:18:59.724 Added FXT[RZWPH14]
24/09/2026 18:18:59.724 Added FXT[RZWPX0]
24/09/2026 18:18:59.725 Added FXT[RZWPX1]
24/09/2026 18:18:59.725 Added FXT[RZWPX2]
24/09/2026 18:18:59.725 Added FXT[RZWPX3]
24/09/2026 18:18:59.725 Added FXT[RZWPX4]
24/09/2026 18:18:59.725 Added FXT[RZWPO3]
24/09/2026 18:18:59.725 Added FXT[RZWPSK0]
24/09/2026 18:18:59.725 Added FXT[RZWPSK1]
24/09/2026 18:18:59.725 Added FXT[RZWPSK2]
24/09/2026 18:18:59.725 Added FXT[RZWPSK3]
24/09/2026 18:18:59.725 Added FXT[RZWPO4]
24/09/2026 18:18:59.725 Added FXT[RZWPO5]
24/09/2026 18:18:59.725 Added FXT[RZWPO6]
24/09/2026 18:18:59.725 Added FXT[RZWPO7]
24/09/2026 18:18:59.725 Added FXT[RZWPO7X]
24/09/2026 18:18:59.725 Added FXT[RZWPO9]
24/09/2026 18:18:59.725 Added FXT[RZWPO10]
24/09/2026 18:18:59.725 Added FXT[RZWPO11]
24/09/2026 18:18:59.725 Added FXT[RZWPO12]
24/09/2026 18:18:59.725 Added FXT[RZWPO13]
24/09/2026 18:18:59.725 Added FXT[RZWPO14]
24/09/2026 18:18:59.725 Added FXT[RZWPO15]
24/09/2026 18:18:59.725 Added FXT[RZMM5]
24/09/2026 18:18:59.725 Added FXT[RZTPO0]
24/09/2026 18:18:59.725 Added FXT[RZTPO1]
24/09/2026 18:18:59.725 Added FXT[RZTPO2]
24/09/2026 18:18:59.725 Added FXT[RZTPO3]
24/09/2026 18:18:59.725 Added FXT[RZTPO4]
24/09/2026 18:18:59.725 Added FXT[RZTPO5]
24/09/2026 18:18:59.725 Added FXT[RZTPO6]
24/09/2026 18:18:59.725 Added FXT[RZTPO7]
24/09/2026 18:18:59.725 Added FXT[RZTPO8]
24/09/2026 18:18:59.725 Added FXT[RZTPO9]
24/09/2026 18:18:59.725 Added FXT[RZTPO15]
24/09/2026 18:18:59.725 Added FXT[RZTPO10]
24/09/2026 18:18:59.725 Added FXT[RZTPO11]
24/09/2026 18:18:59.725 Added FXT[RZTAG0]
24/09/2026 18:18:59.726 Added FXT[RZTAG1]
24/09/2026 18:18:59.726 Added FXT[RZTPO12]
24/09/2026 18:18:59.726 Added FXT[RZOYS0]
24/09/2026 18:18:59.726 Added FXT[RZOYS1]
24/09/2026 18:18:59.726 Added FXT[RZTPO13]
24/09/2026 18:18:59.726 Added FXT[RZHORS0]
24/09/2026 18:18:59.726 Added FXT[RZHORS1]
24/09/2026 18:18:59.726 Added FXT[RZTPO14]
24/09/2026 18:18:59.726 Added FXT[RZSNAP0]
24/09/2026 18:18:59.726 Added FXT[RZSNAP1]
24/09/2026 18:18:59.726 Added FXT[RZTPOX]
24/09/2026 18:18:59.726 Added FXT[RZINT0]
24/09/2026 18:18:59.726 Added FXT[RZINT1]
24/09/2026 18:18:59.726 Added FXT[RZINT2]
24/09/2026 18:18:59.726 Added FXT[RZINT3]
24/09/2026 18:18:59.726 Added FXT[RZINT4]
24/09/2026 18:18:59.726 Added FXT[RZINT5]
24/09/2026 18:18:59.726 Added FXT[RZINT6]
24/09/2026 18:18:59.726 Added FXT[RZINT7]
24/09/2026 18:18:59.726 Added FXT[RZINT8]
24/09/2026 18:18:59.726 Added FXT[RZINT9]
24/09/2026 18:18:59.726 Added FXT[RZINT10]
24/09/2026 18:18:59.726 Added FXT[RZINT11]
24/09/2026 18:18:59.726 Added FXT[RZINT12]
24/09/2026 18:18:59.726 Added FXT[RZINT13]
24/09/2026 18:18:59.726 Added FXT[RZINT14]
24/09/2026 18:18:59.726 Added FXT[RZINT15]
24/09/2026 18:18:59.726 Added FXT[RZINT16]
24/09/2026 18:18:59.726 Added FXT[RZINT17]
24/09/2026 18:18:59.726 Added FXT[RZINT18]
24/09/2026 18:18:59.726 Added FXT[RZINT19]
24/09/2026 18:18:59.726 Added FXT[RZINT20]
24/09/2026 18:18:59.726 Added FXT[RZINT21]
24/09/2026 18:18:59.726 Added FXT[RZINT22]
24/09/2026 18:18:59.726 Added FXT[RZINT23]
24/09/2026 18:18:59.726 Added FXT[RZINT24]
24/09/2026 18:18:59.727 Added FXT[RZINT25]
24/09/2026 18:18:59.727 Added FXT[RZINT26]
24/09/2026 18:18:59.727 Added FXT[RZINT27]
24/09/2026 18:18:59.727 Added FXT[RZINT28]
24/09/2026 18:18:59.727 Added FXT[RZINT29]
24/09/2026 18:18:59.727 Added FXT[RZINT30]
24/09/2026 18:18:59.727 Added FXT[RZINT31]
24/09/2026 18:18:59.727 Added FXT[RZINT32]
24/09/2026 18:18:59.727 Added FXT[RZINT33]
24/09/2026 18:18:59.727 Added FXT[RZINT34]
24/09/2026 18:18:59.727 Added FXT[RZINT35]
24/09/2026 18:18:59.727 Added FXT[RZINT36]
24/09/2026 18:18:59.727 Added FXT[RZINT37]
24/09/2026 18:18:59.727 Added FXT[RZINT38]
24/09/2026 18:18:59.727 Added FXT[RZINT39]
24/09/2026 18:18:59.727 Added FXT[RZINT40]
24/09/2026 18:18:59.727 Added FXT[RZINT41]
24/09/2026 18:18:59.727 Added FXT[RZINT42]
24/09/2026 18:18:59.727 Added FXT[RZINT43]
24/09/2026 18:18:59.727 Added FXT[RZINT44]
24/09/2026 18:18:59.727 Added FXT[RZINT45]
24/09/2026 18:18:59.727 Added FXT[RZINT46]
24/09/2026 18:18:59.727 Added FXT[RZINT47]
24/09/2026 18:18:59.727 Added FXT[RZINT48]
24/09/2026 18:18:59.727 Added FXT[RZINT49]
24/09/2026 18:18:59.727 Added FXT[RZINT50]
24/09/2026 18:18:59.727 Added FXT[RZINT51]
24/09/2026 18:18:59.727 Added FXT[RZINT52]
24/09/2026 18:18:59.727 Added FXT[RZINT53]
24/09/2026 18:18:59.727 Added FXT[RZINT54]
24/09/2026 18:18:59.727 Added FXT[RZINT55]
24/09/2026 18:18:59.727 Added FXT[RZINT56]
24/09/2026 18:18:59.727 Added FXT[RZINT57]
24/09/2026 18:18:59.727 Added FXT[RZINT58]
24/09/2026 18:18:59.727 Added FXT[RZINT59]
24/09/2026 18:18:59.727 Added FXT[RZINT60]
24/09/2026 18:18:59.728 Added FXT[RZINT61]
24/09/2026 18:18:59.728 Added FXT[RZINT62]
24/09/2026 18:18:59.728 Added FXT[RZINT63]
24/09/2026 18:18:59.728 Added FXT[RZINT64]
24/09/2026 18:18:59.728 Added FXT[RZINT65]
24/09/2026 18:18:59.728 Added FXT[RZINT66]
24/09/2026 18:18:59.728 Added FXT[RZINT67]
24/09/2026 18:18:59.728 Added FXT[RZINT68]
24/09/2026 18:18:59.728 Added FXT[RZINT69]
24/09/2026 18:18:59.728 Added FXT[RZINT70]
24/09/2026 18:18:59.728 Added FXT[RZINT71]
24/09/2026 18:18:59.728 Added FXT[RZINT72]
24/09/2026 18:18:59.728 Added FXT[RZINT73]
24/09/2026 18:18:59.728 Added FXT[RZINT74]
24/09/2026 18:18:59.728 Added FXT[RZINT75]
24/09/2026 18:18:59.728 Added FXT[RZINT76]
24/09/2026 18:18:59.728 Added FXT[RZINT77]
24/09/2026 18:18:59.728 Added FXT[RZINT78]
24/09/2026 18:18:59.728 Added FXT[RZINT79]
24/09/2026 18:18:59.728 Added FXT[RZINT80]
24/09/2026 18:18:59.728 Added FXT[RZINT81]
24/09/2026 18:18:59.728 Added FXT[RZINT82]
24/09/2026 18:18:59.728 Added FXT[RZINT83]
24/09/2026 18:18:59.728 Added FXT[RZINT84]
24/09/2026 18:18:59.728 Added FXT[RZINT85]
24/09/2026 18:18:59.728 Added FXT[RZINT86]
24/09/2026 18:18:59.728 Added FXT[RZINT87]
24/09/2026 18:18:59.728 Added FXT[RZINT88]
24/09/2026 18:18:59.728 Added FXT[RZINT89]
24/09/2026 18:18:59.728 Added FXT[RZINT90]
24/09/2026 18:18:59.728 Added FXT[RZINT91]
24/09/2026 18:18:59.728 Added FXT[RZINT92]
24/09/2026 18:18:59.728 Added FXT[RZINT93]
24/09/2026 18:18:59.728 Added FXT[RZMM6]
24/09/2026 18:18:59.728 Added FXT[RZMO0]
24/09/2026 18:18:59.729 Added FXT[RZMO1]
24/09/2026 18:18:59.729 Added FXT[RZMS0]
24/09/2026 18:18:59.729 Added FXT[RZMS1]
24/09/2026 18:18:59.729 Added FXT[RZMO2]
24/09/2026 18:18:59.729 Added FXT[RZVG0]
24/09/2026 18:18:59.729 Added FXT[RZVG1]
24/09/2026 18:18:59.729 Added FXT[RZVG2]
24/09/2026 18:18:59.729 Added FXT[RZVG3]
24/09/2026 18:18:59.729 Added FXT[RZVG4]
24/09/2026 18:18:59.729 Added FXT[RZVG5]
24/09/2026 18:18:59.729 Added FXT[RZVGX]
24/09/2026 18:18:59.729 Added FXT[RZMO3]
24/09/2026 18:18:59.729 Added FXT[RZMM7]
24/09/2026 18:18:59.729 Added FXT[RZTO0]
24/09/2026 18:18:59.729 Added FXT[RZTO1]
24/09/2026 18:18:59.729 Added FXT[RZTO2]
24/09/2026 18:18:59.729 Added FXT[RZTO3]
24/09/2026 18:18:59.729 Added FXT[RZTO4]
24/09/2026 18:18:59.729 Added FXT[RZTO5]
24/09/2026 18:18:59.729 Added FXT[RZTO6]
24/09/2026 18:18:59.729 Added FXT[RZTO7]
24/09/2026 18:18:59.729 Added FXT[RZTO7A]
24/09/2026 18:18:59.729 Added FXT[RZTO7B]
24/09/2026 18:18:59.729 Added FXT[RZTO7C]
24/09/2026 18:18:59.729 Added FXT[RZTO7D]
24/09/2026 18:18:59.729 Added FXT[RZTO7E]
24/09/2026 18:18:59.729 Added FXT[RZTO7F]
24/09/2026 18:18:59.729 Added FXT[RZTO7G]
24/09/2026 18:18:59.729 Added FXT[RZTO8]
24/09/2026 18:18:59.729 Added FXT[RZTO9]
24/09/2026 18:18:59.729 Added FXT[RZTO10]
24/09/2026 18:18:59.729 Added FXT[RZTO11]
24/09/2026 18:18:59.729 Added FXT[RZTO12]
24/09/2026 18:18:59.729 Added FXT[RZTOX]
24/09/2026 18:18:59.729 Added FXT[RZMM8]
24/09/2026 18:18:59.729 Added FXT[RZWT0]
24/09/2026 18:18:59.730 Added FXT[RZWT1]
24/09/2026 18:18:59.730 Added FXT[RZWT2]
24/09/2026 18:18:59.730 Added FXT[RZWT3]
24/09/2026 18:18:59.730 Added FXT[RZWT4]
24/09/2026 18:18:59.730 Added FXT[RZWT5]
24/09/2026 18:18:59.730 Added FXT[RZWT6]
24/09/2026 18:18:59.730 Added FXT[RZWT7]
24/09/2026 18:18:59.730 Added FXT[RZWT8]
24/09/2026 18:18:59.730 Added FXT[RZWT9]
24/09/2026 18:18:59.730 Added FXT[RZWT10]
24/09/2026 18:18:59.730 Added FXT[RZWT11]
24/09/2026 18:18:59.730 Added FXT[RZWT12]
24/09/2026 18:18:59.730 Added FXT[RZWT13]
24/09/2026 18:18:59.730 Added FXT[RZWT14]
24/09/2026 18:18:59.730 Added FXT[RZWT15]
24/09/2026 18:18:59.730 Added FXT[RZWT16]
24/09/2026 18:18:59.730 Added FXT[RZWT17]
24/09/2026 18:18:59.730 Added FXT[RZWT18]
24/09/2026 18:18:59.730 Added FXT[RZWT19]
24/09/2026 18:18:59.730 Added FXT[RZWT20]
24/09/2026 18:18:59.730 Added FXT[RZWT21]
24/09/2026 18:18:59.730 Added FXT[RZWT22]
24/09/2026 18:18:59.730 Added FXT[RZWT23]
24/09/2026 18:18:59.730 Added FXT[RZWT24]
24/09/2026 18:18:59.730 Added FXT[RZWT25]
24/09/2026 18:18:59.730 Added FXT[RZWT26]
24/09/2026 18:18:59.730 Added FXT[RZWT27]
24/09/2026 18:18:59.730 Added FXT[RZMM9]
24/09/2026 18:18:59.730 Added FXT[RZOBJO0]
24/09/2026 18:18:59.730 Added FXT[RZOBJO1]
24/09/2026 18:18:59.730 Added FXT[RZOBJS0]
24/09/2026 18:18:59.730 Added FXT[RZOBJS1]
24/09/2026 18:18:59.730 Added FXT[RZOBJS2]
24/09/2026 18:18:59.730 Added FXT[RZOBJS3]
24/09/2026 18:18:59.730 Added FXT[RZOBJS4]
24/09/2026 18:18:59.730 Added FXT[RZOBJS5]
24/09/2026 18:18:59.730 Added FXT[RZOBJS6]
24/09/2026 18:18:59.731 Added FXT[RZOBJS7]
24/09/2026 18:18:59.731 Added FXT[RZOBJS8]
24/09/2026 18:18:59.731 Added FXT[RZOBX0]
24/09/2026 18:18:59.731 Added FXT[RZOBX1]
24/09/2026 18:18:59.731 Added FXT[RZOBX2]
24/09/2026 18:18:59.731 Added FXT[RZOBX3]
24/09/2026 18:18:59.731 Added FXT[RZOBX4]
24/09/2026 18:18:59.731 Added FXT[RZOBX5]
24/09/2026 18:18:59.731 Added FXT[RZOBX6]
24/09/2026 18:18:59.731 Added FXT[RZOBX7]
24/09/2026 18:18:59.731 Added FXT[RZOBX8]
24/09/2026 18:18:59.731 Added FXT[RZOBX9]
24/09/2026 18:18:59.731 Added FXT[RZOBX10]
24/09/2026 18:18:59.731 Added FXT[RZOBX11]
24/09/2026 18:18:59.731 Added FXT[RZOBX12]
24/09/2026 18:18:59.731 Added FXT[RZOBX13]
24/09/2026 18:18:59.731 Added FXT[RZOBX14]
24/09/2026 18:18:59.731 Added FXT[RZOBX15]
24/09/2026 18:18:59.731 Added FXT[RZOBX16]
24/09/2026 18:18:59.731 Added FXT[RZOBX17]
24/09/2026 18:18:59.731 Added FXT[RZOBX18]
24/09/2026 18:18:59.731 Added FXT[RZOBX19]
24/09/2026 18:18:59.731 Added FXT[RZOBX20]
24/09/2026 18:18:59.731 Added FXT[RZOBX21]
24/09/2026 18:18:59.731 Added FXT[RZOBX22]
24/09/2026 18:18:59.731 Added FXT[RZOBX23]
24/09/2026 18:18:59.731 Added FXT[RZOBX24]
24/09/2026 18:18:59.731 Added FXT[RZOBX25]
24/09/2026 18:18:59.731 Added FXT[RZOBX26]
24/09/2026 18:18:59.731 Added FXT[RZOBJO2]
24/09/2026 18:18:59.731 Added FXT[RZMAP0]
24/09/2026 18:18:59.731 Added FXT[RZMAP1]
24/09/2026 18:18:59.731 Added FXT[RZMAP2]
24/09/2026 18:18:59.731 Added FXT[RZNMP0]
24/09/2026 18:18:59.732 Added FXT[RZNMP1]
24/09/2026 18:18:59.732 Added FXT[RZMAP4]
24/09/2026 18:18:59.732 Added FXT[RZMAP5]
24/09/2026 18:18:59.732 Added FXT[RZMAPO1]
24/09/2026 18:18:59.732 Added FXT[RZMAPO2]
24/09/2026 18:18:59.732 Added FXT[RZMAPO3]
24/09/2026 18:18:59.732 Added FXT[RZMAPOA]
24/09/2026 18:18:59.732 Added FXT[RZMAPOB]
24/09/2026 18:18:59.732 Added FXT[RZMAPOC]
24/09/2026 18:18:59.732 Added FXT[RZMAPOD]
24/09/2026 18:18:59.732 Added FXT[RZMAPOE]
24/09/2026 18:18:59.732 Added FXT[RZOBJO3]
24/09/2026 18:18:59.732 Added FXT[RZOBJO4]
24/09/2026 18:18:59.732 Added FXT[RZOBJO5]
24/09/2026 18:18:59.732 Added FXT[RZMM10]
24/09/2026 18:18:59.732 Added FXT[RZMSC0]
24/09/2026 18:18:59.732 Added FXT[RZMSC1]
24/09/2026 18:18:59.732 Added FXT[RZMSC2]
24/09/2026 18:18:59.733 Added FXT[RZMSC2X]
24/09/2026 18:18:59.733 Added FXT[RZMSC3]
24/09/2026 18:18:59.733 Added FXT[RZFPS1]
24/09/2026 18:18:59.733 Added FXT[RZFPS2]
24/09/2026 18:18:59.733 Added FXT[RZFPS3]
24/09/2026 18:18:59.733 Added FXT[RZFPS4]
24/09/2026 18:18:59.733 Added FXT[RZFPS5]
24/09/2026 18:18:59.733 Added FXT[RZMSC4]
24/09/2026 18:18:59.733 Added FXT[RZCRD0]
24/09/2026 18:18:59.733 Added FXT[RZCRD1]
24/09/2026 18:18:59.733 Added FXT[RZCRD2]
24/09/2026 18:18:59.733 Added FXT[RZCRD3]
24/09/2026 18:18:59.733 Added FXT[RZCRD4]
24/09/2026 18:18:59.733 Added FXT[RZCRD5]
24/09/2026 18:18:59.733 Added FXT[RZCRD6]
24/09/2026 18:18:59.733 Added FXT[RZMSC5]
24/09/2026 18:18:59.733 Added FXT[RZGSD0]
24/09/2026 18:18:59.733 Added FXT[RZGSD1]
24/09/2026 18:18:59.733 Added FXT[RZGSD2]
24/09/2026 18:18:59.733 Added FXT[RZGSD3]
24/09/2026 18:18:59.733 Added FXT[RZGSD4]
24/09/2026 18:18:59.733 Added FXT[RZGSD5]
24/09/2026 18:18:59.733 Added FXT[RZGSD5A]
24/09/2026 18:18:59.733 Added FXT[RZGSD5B]
24/09/2026 18:18:59.733 Added FXT[RZGSD5C]
24/09/2026 18:18:59.733 Added FXT[RZGSD5D]
24/09/2026 18:18:59.733 Added FXT[RZGSD6]
24/09/2026 18:18:59.733 Added FXT[RZGSD7]
24/09/2026 18:18:59.733 Added FXT[RZGSD8]
24/09/2026 18:18:59.733 Added FXT[RZGSD9]
24/09/2026 18:18:59.733 Added FXT[RZGSD10]
24/09/2026 18:18:59.733 Added FXT[RZGSDA]
24/09/2026 18:18:59.733 Added FXT[RZGSDB]
24/09/2026 18:18:59.733 Added FXT[RZMSC6]
24/09/2026 18:18:59.733 Added FXT[RZMP0]
24/09/2026 18:18:59.733 Added FXT[RZMP3A]
24/09/2026 18:18:59.734 Added FXT[RZMP3B]
24/09/2026 18:18:59.734 Added FXT[RZMP3B1]
24/09/2026 18:18:59.734 Added FXT[RZMP3C]
24/09/2026 18:18:59.734 Added FXT[RZMP3D]
24/09/2026 18:18:59.734 Added FXT[RZMP3D0]
24/09/2026 18:18:59.734 Added FXT[RZMP3D1]
24/09/2026 18:18:59.734 Added FXT[RZMP3D2]
24/09/2026 18:18:59.734 Added FXT[RZMP3DX]
24/09/2026 18:18:59.734 Added FXT[RZMP3DY]
24/09/2026 18:18:59.734 Added FXT[RZMP3E]
24/09/2026 18:18:59.734 Added FXT[RZMP3F]
24/09/2026 18:18:59.734 Added FXT[RZMP3V]
24/09/2026 18:18:59.734 Added FXT[RZMP3W]
24/09/2026 18:18:59.734 Added FXT[RZMP3X]
24/09/2026 18:18:59.734 Added FXT[RZMP3Y]
24/09/2026 18:18:59.734 Added FXT[RZMP3Z]
24/09/2026 18:18:59.734 Added FXT[RZMSC7]
24/09/2026 18:18:59.734 Added FXT[RZMSC8]
24/09/2026 18:18:59.734 Added FXT[RZWTR0]
24/09/2026 18:18:59.734 Added FXT[RZWTR1]
24/09/2026 18:18:59.734 Added FXT[RZWTR2]
24/09/2026 18:18:59.734 Added FXT[RZWTR3]
24/09/2026 18:18:59.734 Added FXT[RZWTR4]
24/09/2026 18:18:59.734 Added FXT[RZWTR5]
24/09/2026 18:18:59.734 Added FXT[RZMSC9]
24/09/2026 18:18:59.734 Added FXT[RZMSC10]
24/09/2026 18:18:59.734 Added FXT[RZSCH0]
24/09/2026 18:18:59.734 Added FXT[RZSCH1]
24/09/2026 18:18:59.734 Added FXT[RZSCH1X]
24/09/2026 18:18:59.734 Added FXT[RZSCH1Y]
24/09/2026 18:18:59.734 Added FXT[RZSCH2]
24/09/2026 18:18:59.734 Added FXT[RZSCH2X]
24/09/2026 18:18:59.734 Added FXT[RZSCH2Y]
24/09/2026 18:18:59.734 Added FXT[RZSCH3]
24/09/2026 18:18:59.734 Added FXT[RZSCH3X]
24/09/2026 18:18:59.734 Added FXT[RZSCH3Y]
24/09/2026 18:18:59.735 Added FXT[RZSCH4]
24/09/2026 18:18:59.735 Added FXT[RZSCH4X]
24/09/2026 18:18:59.735 Added FXT[RZSCH4Y]
24/09/2026 18:18:59.735 Added FXT[RZSCH5]
24/09/2026 18:18:59.735 Added FXT[RZSCH5X]
24/09/2026 18:18:59.735 Added FXT[RZSCH5Y]
24/09/2026 18:18:59.735 Added FXT[RZSCH6]
24/09/2026 18:18:59.735 Added FXT[RZSCH6X]
24/09/2026 18:18:59.735 Added FXT[RZSCH6Y]
24/09/2026 18:18:59.735 Added FXT[RZSCH7]
24/09/2026 18:18:59.735 Added FXT[RZSCH7X]
24/09/2026 18:18:59.735 Added FXT[RZSCH8]
24/09/2026 18:18:59.735 Added FXT[RZSCH8X]
24/09/2026 18:18:59.735 Added FXT[RZSCH8Y]
24/09/2026 18:18:59.735 Added FXT[RZSCH9]
24/09/2026 18:18:59.735 Added FXT[RZSCH10]
24/09/2026 18:18:59.735 Added FXT[RZSCH11]
24/09/2026 18:18:59.735 Added FXT[RZSCH12]
24/09/2026 18:18:59.735 Added FXT[RZSCH13]
24/09/2026 18:18:59.735 Added FXT[RZSCH14]
24/09/2026 18:18:59.735 Added FXT[RZSCH15]
24/09/2026 18:18:59.735 Added FXT[RZSCH16]
24/09/2026 18:18:59.735 Added FXT[RZSCH17]
24/09/2026 18:18:59.735 Added FXT[RZSCH18]
24/09/2026 18:18:59.735 Added FXT[RZMM11]
24/09/2026 18:18:59.735 Added FXT[RZLST0]
24/09/2026 18:18:59.735 Added FXT[RZLST1]
24/09/2026 18:18:59.735 Added FXT[RZLST2]
24/09/2026 18:18:59.735 Added FXT[RZLST3]
24/09/2026 18:18:59.735 Added FXT[RZLST4]
24/09/2026 18:18:59.735 Added FXT[RZLST4X]
24/09/2026 18:18:59.735 Added FXT[RZLST4Y]
24/09/2026 18:18:59.735 Added FXT[RZLST5]
24/09/2026 18:18:59.735 Added FXT[RZLFS0]
24/09/2026 18:18:59.735 Added FXT[RZLFS1]
24/09/2026 18:18:59.735 Added FXT[RZLFS2]
24/09/2026 18:18:59.736 Added FXT[RZLFS3]
24/09/2026 18:18:59.736 Added FXT[RZLFS4]
24/09/2026 18:18:59.736 Added FXT[RZLFS5]
24/09/2026 18:18:59.736 Added FXT[RZLFS6]
24/09/2026 18:18:59.736 Added FXT[RZLST6]
24/09/2026 18:18:59.736 Added FXT[RZLTC0]
24/09/2026 18:18:59.736 Added FXT[RZLTC1]
24/09/2026 18:18:59.736 Added FXT[RZLTC1X]
24/09/2026 18:18:59.736 Added FXT[RZLTC2]
24/09/2026 18:18:59.736 Added FXT[RZLTC2X]
24/09/2026 18:18:59.736 Added FXT[RZLTC3]
24/09/2026 18:18:59.736 Added FXT[RZLTC3X]
24/09/2026 18:18:59.736 Added FXT[RZLTC4]
24/09/2026 18:18:59.736 Added FXT[RZLTC4X]
24/09/2026 18:18:59.736 Added FXT[RZLTC5A]
24/09/2026 18:18:59.736 Added FXT[RZLTC5X]
24/09/2026 18:18:59.736 Added FXT[RZLTC5B]
24/09/2026 18:18:59.736 Added FXT[RZLTC5Y]
24/09/2026 18:18:59.736 Added FXT[RZLTC6]
24/09/2026 18:18:59.736 Added FXT[RZLTC6A]
24/09/2026 18:18:59.736 Added FXT[RZLTC7]
24/09/2026 18:18:59.736 Added FXT[RZLTC7X]
24/09/2026 18:18:59.736 Added FXT[RZLST7]
24/09/2026 18:18:59.736 Added FXT[RZLSND0]
24/09/2026 18:18:59.736 Added FXT[RZLSND1]
24/09/2026 18:18:59.736 Added FXT[RZLSND2]
24/09/2026 18:18:59.736 Added FXT[RZLSND3]
24/09/2026 18:18:59.736 Added FXT[RZLSND4]
24/09/2026 18:18:59.736 Added FXT[RZLSND5]
24/09/2026 18:18:59.736 Added FXT[RZLSNDA]
24/09/2026 18:18:59.736 Added FXT[RZLSNDX]
24/09/2026 18:18:59.736 Added FXT[RZLST8]
24/09/2026 18:18:59.736 Added FXT[RZTHM0]
24/09/2026 18:18:59.736 Added FXT[RZTHM1]
24/09/2026 18:18:59.736 Added FXT[RZTHM2]
24/09/2026 18:18:59.737 Added FXT[RZTHM3]
24/09/2026 18:18:59.737 Added FXT[RZTHM4]
24/09/2026 18:18:59.737 Added FXT[RZTHM5]
24/09/2026 18:18:59.737 Added FXT[RZTHM6]
24/09/2026 18:18:59.737 Added FXT[RZTHM7]
24/09/2026 18:18:59.737 Added FXT[RZTHM8]
24/09/2026 18:18:59.737 Added FXT[RZTHM9]
24/09/2026 18:18:59.737 Added FXT[RZTHM10]
24/09/2026 18:18:59.737 Added FXT[RZLST9]
24/09/2026 18:18:59.737 Added FXT[RZSCK0]
24/09/2026 18:18:59.737 Added FXT[RZSCK1]
24/09/2026 18:18:59.737 Added FXT[RZSCK2]
24/09/2026 18:18:59.737 Added FXT[RZSCK3]
24/09/2026 18:18:59.737 Added FXT[RZSCK4]
24/09/2026 18:18:59.737 Added FXT[RZSCK5]
24/09/2026 18:18:59.737 Added FXT[RZSCK6]
24/09/2026 18:18:59.737 Added FXT[RZSCK7]
24/09/2026 18:18:59.737 Added FXT[RZSCK8]
24/09/2026 18:18:59.737 Added FXT[RZSCK9]
24/09/2026 18:18:59.737 Added FXT[RZSCK10]
24/09/2026 18:18:59.737 Added FXT[RZSCK11]
24/09/2026 18:18:59.737 Added FXT[RZSCK12]
24/09/2026 18:18:59.738 Added FXT[RZSCK13]
24/09/2026 18:18:59.738 Added FXT[RZSCK14]
24/09/2026 18:18:59.738 Added FXT[RZSCK15]
24/09/2026 18:18:59.738 Added FXT[RZSCK16]
24/09/2026 18:18:59.738 Added FXT[RZSCK17]
24/09/2026 18:18:59.738 Added FXT[RZSCK18]
24/09/2026 18:18:59.738 Added FXT[RZSCK19]
24/09/2026 18:18:59.738 Added FXT[RZLST10]
24/09/2026 18:18:59.738 Added FXT[RZLANG0]
24/09/2026 18:18:59.738 Added FXT[RZLANG1]
24/09/2026 18:18:59.738 Added FXT[RZLANG2]
24/09/2026 18:18:59.738 Added FXT[RZLANG3]
24/09/2026 18:18:59.738 Added FXT[RZLANG4]
24/09/2026 18:18:59.738 Added FXT[RZLANG5]
24/09/2026 18:18:59.738 Added FXT[RZLANG6]
24/09/2026 18:18:59.738 Added FXT[RZLANG7]
24/09/2026 18:18:59.738 Added FXT[RZLANG8]
24/09/2026 18:18:59.738 Added FXT[RZLST11]
24/09/2026 18:18:59.738 Added FXT[RZLST12]
24/09/2026 18:18:59.738 Added FXT[RZLST13]
24/09/2026 18:18:59.738 Added FXT[RZLST14]
24/09/2026 18:18:59.738 Added FXT[RZLST15]
24/09/2026 18:18:59.738 Added FXT[RZAWPX]
24/09/2026 18:18:59.739 Added FXT[RZAWP0]
24/09/2026 18:18:59.739 Added FXT[RZAWP1]
24/09/2026 18:18:59.739 Added FXT[RZAWP2]
24/09/2026 18:18:59.739 Added FXT[RZAWP3]
24/09/2026 18:18:59.739 Added FXT[RZAWP4]
24/09/2026 18:18:59.739 Added FXT[RZAWP5]
24/09/2026 18:18:59.739 Added FXT[RZAWP6]
24/09/2026 18:18:59.739 Added FXT[RZAWP7]
24/09/2026 18:18:59.739 Added FXT[RZAWP8]
24/09/2026 18:18:59.739 Added FXT[RZAWP9]
24/09/2026 18:18:59.739 Added FXT[RZAWP10]
24/09/2026 18:18:59.739 Added FXT[RZAWP11]
24/09/2026 18:18:59.739 Added FXT[RZAWP12]
24/09/2026 18:18:59.739 Added FXT[RZAWP13]
24/09/2026 18:18:59.739 Added FXT[RZAWP14]
24/09/2026 18:18:59.739 Added FXT[RZAWP15]
24/09/2026 18:18:59.739 Added FXT[RZAWP16]
24/09/2026 18:18:59.739 Added FXT[RZAWP17]
24/09/2026 18:18:59.739 Added FXT[RZAWP18]
24/09/2026 18:18:59.739 Added FXT[RZAWP19]
24/09/2026 18:18:59.739 Added FXT[RZAWP20]
24/09/2026 18:18:59.739 Added FXT[RZAWP21]
24/09/2026 18:18:59.739 Added FXT[RZAWP22]
24/09/2026 18:18:59.739 Added FXT[RZAWP23]
24/09/2026 18:18:59.740 Added FXT[RZAWP24]
24/09/2026 18:18:59.740 Added FXT[RZAWP25]
24/09/2026 18:18:59.740 Added FXT[RZAWP26]
24/09/2026 18:18:59.740 Added FXT[RZAWP27]
24/09/2026 18:18:59.740 Added FXT[RZAWP28]
24/09/2026 18:18:59.740 Added FXT[RZAWP29]
24/09/2026 18:18:59.740 Added FXT[RZAWP30]
24/09/2026 18:18:59.740 Added FXT[RZAWP31]
24/09/2026 18:18:59.740 Added FXT[RZAWP32]
24/09/2026 18:18:59.740 Added FXT[RZAWP33]
24/09/2026 18:18:59.740 Added FXT[RZAWP34]
24/09/2026 18:18:59.740 Added FXT[RZAWP35]
24/09/2026 18:18:59.740 Added FXT[RZLCLRR]
24/09/2026 18:18:59.740 Added FXT[RZLCLRG]
24/09/2026 18:18:59.740 Added FXT[RZLCLRB]
24/09/2026 18:18:59.740 Added FXT[RZLCLRA]
24/09/2026 18:18:59.740 Added FXT[RZLCLRX]
24/09/2026 18:18:59.740 Added FXT[RZLCLRC]
24/09/2026 18:18:59.740 Added FXT[RZLCLRS]
24/09/2026 18:18:59.740 Added FXT[RZLON]
24/09/2026 18:18:59.740 Added FXT[RZLOFF]
24/09/2026 18:18:59.740 Added FXT[RZLENBL]
24/09/2026 18:18:59.740 Added FXT[RZLDSBL]
24/09/2026 18:18:59.741 Added FXT[RZLUNLC]
24/09/2026 18:18:59.741 Added FXT[RZLLCK]
24/09/2026 18:18:59.741 Added FXT[RZLRST]
24/09/2026 18:18:59.741 Added FXT[RZLTST]
24/09/2026 18:18:59.741 Added FXT[RZVONIC]
24/09/2026 18:18:59.741 Added FXT[RZVONIV]
24/09/2026 18:18:59.741 Added FXT[RZVONOS]
24/09/2026 18:18:59.741 Added FXT[RZVOKMH]
24/09/2026 18:18:59.741 Added FXT[RZSTS1]
24/09/2026 18:18:59.741 Added FXT[RZSTS2]
24/09/2026 18:18:59.741 Added FXT[RZSTS3]
24/09/2026 18:18:59.741 Added FXT[RZSTS4]
24/09/2026 18:18:59.741 Added FXT[RZSTS5]
24/09/2026 18:18:59.741 Added FXT[RZNOSP]
24/09/2026 18:18:59.741 Added FXT[RZNOCP1]
24/09/2026 18:18:59.741 Added FXT[RZNOCP2]
24/09/2026 18:18:59.741 Added FXT[RZNOCP3]
24/09/2026 18:18:59.741 Added FXT[RZNOCP4]
24/09/2026 18:18:59.741 Added FXT[RZABOZ]
24/09/2026 18:18:59.741 Added FXT[RZABO0]
24/09/2026 18:18:59.741 Added FXT[RZABO1]
24/09/2026 18:18:59.741 Added FXT[RZABO2]
24/09/2026 18:18:59.741 Added FXT[RZABO3]
24/09/2026 18:18:59.741 Added FXT[RZABO4]
24/09/2026 18:18:59.741 Added FXT[RZABO5]
24/09/2026 18:18:59.741 Added FXT[RZABO6]
24/09/2026 18:18:59.741 Added FXT[RZABO7]
24/09/2026 18:18:59.741 Added FXT[RZABO8]
24/09/2026 18:18:59.741 Added FXT[RZABO9]
24/09/2026 18:18:59.741 Added FXT[RZABO10]
24/09/2026 18:18:59.741 Added FXT[RZABO11]
24/09/2026 18:18:59.741 Added FXT[RZABO12]
24/09/2026 18:18:59.741 Added FXT[RZABO13]
24/09/2026 18:18:59.741 Added FXT[RZABO14]
24/09/2026 18:18:59.741 Added FXT[RZABO15]
24/09/2026 18:18:59.742 Added FXT[RZABO16]
24/09/2026 18:18:59.742 Added FXT[RZABO17]
24/09/2026 18:18:59.742 Added FXT[RZTUTZ]
24/09/2026 18:18:59.742 Added FXT[RZTUTX]
24/09/2026 18:18:59.742 Added FXT[RZTUT0]
24/09/2026 18:18:59.742 Added FXT[RZTUT1]
24/09/2026 18:18:59.742 Added FXT[RZTUT1X]
24/09/2026 18:18:59.742 Added FXT[RZTUT2]
24/09/2026 18:18:59.742 Added FXT[RZTUT2X]
24/09/2026 18:18:59.742 Added FXT[RZTUT3]
24/09/2026 18:18:59.742 Added FXT[RZTUT3X]
24/09/2026 18:18:59.742 Added FXT[RZTUT4]
24/09/2026 18:18:59.742 Added FXT[RZTUT4X]
24/09/2026 18:18:59.742 Added FXT[RZTUT5]
24/09/2026 18:18:59.742 Added FXT[RZTUT5X]
24/09/2026 18:18:59.742 Added FXT[RZTUT6]
24/09/2026 18:18:59.742 Added FXT[RZTUT6X]
24/09/2026 18:18:59.742 Added FXT[RZTUT7]
24/09/2026 18:18:59.742 Added FXT[RZTUT7X]
24/09/2026 18:18:59.742 Added FXT[RZTUT8]
24/09/2026 18:18:59.742 Added FXT[RZTUT8X]
24/09/2026 18:18:59.742 Added FXT[RZTUT9]
24/09/2026 18:18:59.742 Added FXT[RZTUT10]
24/09/2026 18:18:59.743 Added FXT[RZTUTAX]
24/09/2026 18:18:59.743 Added FXT[RZTUTBX]
24/09/2026 18:18:59.743 Added FXT[RZTUTCX]
24/09/2026 18:18:59.743 Added FXT[RZTUTDX]
24/09/2026 18:18:59.743 Added FXT[RZTUTEX]
24/09/2026 18:18:59.743 Added FXT[RZTUTFX]
24/09/2026 18:18:59.743 Added FXT[RZCRS0]
24/09/2026 18:18:59.743 Added FXT[RZICRS1]
24/09/2026 18:18:59.743 Added FXT[RZICRS2]
24/09/2026 18:18:59.743 Added FXT[RZICRS3]
24/09/2026 18:18:59.743 Added FXT[RZVID]
24/09/2026 18:18:59.743 Added FXT[RZTRNS]
24/09/2026 18:18:59.743 Added FXT[RZTRN2]
24/09/2026 18:18:59.743 Added FXT[RZTRNZ]
24/09/2026 18:18:59.743 Added FXT[RZTRNZ2]
24/09/2026 18:18:59.743 Added FXT[RZTRNZP]
24/09/2026 18:18:59.743 Added FXT[RZTRNX1]
24/09/2026 18:18:59.743 Added FXT[RZTRNX2]
24/09/2026 18:18:59.743 Added FXT[RZTRN-]
24/09/2026 18:18:59.743 Added FXT[RZTRN-3]
24/09/2026 18:18:59.743 Added FXT[RZTRN+3]
24/09/2026 18:18:59.743 Added FXT[RZTRNLD]
24/09/2026 18:18:59.743 Added FXT[RZTRNWT]
24/09/2026 18:18:59.743 Added FXT[RZTRNSY]
24/09/2026 18:18:59.744 Added FXT[RZTRNOT]
24/09/2026 18:18:59.744 Added FXT[VERSRZL]
24/09/2026 18:18:59.781 Added FXT[_TMVERS]
24/09/2026 18:18:59.781 [0A92] Starting new custom script Anim Play (Junior_Djjr).cs from thread named Anim Pl
24/09/2026 18:18:59.781 Loading custom script Anim Play (Junior_Djjr).cs...
24/09/2026 18:18:59.782 Registering custom script named Anim Pl
24/09/2026 18:18:59.784 Unregistering custom script named indiehn
24/09/2026 18:18:59.939 [0A92] Starting new custom script Graffiti Anywhere (Junior_Djjr).cs from thread named graffit
24/09/2026 18:18:59.939 Loading custom script Graffiti Anywhere (Junior_Djjr).cs...
24/09/2026 18:18:59.939 Error during loading of custom script Graffiti Anywhere (Junior_Djjr).cs occured.
Error message: ios_base::failbit set: iostream stream error
24/09/2026 18:18:59.939 [0A92] Failed to load script 'Graffiti Anywhere (Junior_Djjr).cs' from script 'graffit'.
24/09/2026 18:19:00.006 [0A92] Starting new custom script EHI.CS from thread named ehi
24/09/2026 18:19:00.006 Loading custom script EHI.CS...
24/09/2026 18:19:00.006 Error during loading of custom script EHI.CS occured.
Error message: ios_base::failbit set: iostream stream error
24/09/2026 18:19:00.006 [0A92] Failed to load script 'EHI.CS' from script 'ehi'.
24/09/2026 18:19:00.007 Unregistering custom script named ehi ene
24/09/2026 18:19:00.015 [0A92] Starting new custom script Ped Spawn Creator (Junior_Djjr).cs from thread named Ped Spa
24/09/2026 18:19:00.015 Loading custom script Ped Spawn Creator (Junior_Djjr).cs...
24/09/2026 18:19:00.015 Registering custom script named Ped Spa
24/09/2026 18:19:00.023 [0A92] Starting new custom script Anim Play (Junior_Djjr).cs from thread named Anim Pl
24/09/2026 18:19:00.023 Loading custom script Anim Play (Junior_Djjr).cs...
24/09/2026 18:19:00.023 Registering custom script named Anim Pl
24/09/2026 18:19:00.144 [0A92] Starting new custom script EHI.CS from thread named ehi
24/09/2026 18:19:00.144 Loading custom script EHI.CS...
24/09/2026 18:19:00.144 Error during loading of custom script EHI.CS occured.
Error message: ios_base::failbit set: iostream stream error
24/09/2026 18:19:00.144 [0A92] Failed to load script 'EHI.CS' from script 'ehi'.
24/09/2026 18:19:00.151 Unregistering custom script named Ped Spa
24/09/2026 18:19:00.155 [0A92] Starting new custom script Anim Play (Junior_Djjr).cs from thread named Anim Pl
24/09/2026 18:19:00.155 Loading custom script Anim Play (Junior_Djjr).cs...
24/09/2026 18:19:00.155 Registering custom script named Anim Pl
24/09/2026 18:19:00.225 [0A92] Starting new custom script Anim Play (Junior_Djjr).cs from thread named Anim Pl
24/09/2026 18:19:00.225 Loading custom script Anim Play (Junior_Djjr).cs...
24/09/2026 18:19:00.225 Registering custom script named Anim Pl
24/09/2026 18:19:00.284 Added FXT[PAKM0]
24/09/2026 18:19:00.284 Added FXT[PAKM1]
24/09/2026 18:19:00.284 Added FXT[PAKM2]
24/09/2026 18:19:00.284 Added FXT[PAKM3]
24/09/2026 18:19:00.284 Added FXT[PAKM4]
24/09/2026 18:19:00.284 Added FXT[PAKM5]
24/09/2026 18:19:00.284 Added FXT[PAKM6]
24/09/2026 18:19:00.715 [0A92] Starting new custom script EHI.CS from thread named ehi
24/09/2026 18:19:00.716 Loading custom script EHI.CS...
24/09/2026 18:19:00.716 Error during loading of custom script EHI.CS occured.
Error message: ios_base::failbit set: iostream stream error
24/09/2026 18:19:00.716 [0A92] Failed to load script 'EHI.CS' from script 'ehi'.
24/09/2026 18:19:00.744 [0A92] Starting new custom script Anim Play (Junior_Djjr).cs from thread named Anim Pl
24/09/2026 18:19:00.744 Loading custom script Anim Play (Junior_Djjr).cs...
24/09/2026 18:19:00.745 Registering custom script named Anim Pl
24/09/2026 18:19:00.900 [0A92] Starting new custom script EHI.CS from thread named ehi
24/09/2026 18:19:00.900 Loading custom script EHI.CS...
24/09/2026 18:19:00.900 Error during loading of custom script EHI.CS occured.
Error message: ios_base::failbit set: iostream stream error
24/09/2026 18:19:00.900 [0A92] Failed to load script 'EHI.CS' from script 'ehi'.
24/09/2026 18:19:00.985 [0A92] Starting new custom script EHI.CS from thread named ehi
24/09/2026 18:19:00.985 Loading custom script EHI.CS...
24/09/2026 18:19:00.985 Error during loading of custom script EHI.CS occured.
Error message: ios_base::failbit set: iostream stream error
24/09/2026 18:19:00.985 [0A92] Failed to load script 'EHI.CS' from script 'ehi'.
24/09/2026 18:19:01.091 [0A92] Starting new custom script EHI.CS from thread named ehi
24/09/2026 18:19:01.091 Loading custom script EHI.CS...
24/09/2026 18:19:01.091 Error during loading of custom script EHI.CS occured.
Error message: ios_base::failbit set: iostream stream error
24/09/2026 18:19:01.091 [0A92] Failed to load script 'EHI.CS' from script 'ehi'.
24/09/2026 18:19:01.257 Unregistering custom script named ehi
24/09/2026 18:19:01.722 Added FXT[KL_LVL]
24/09/2026 18:19:01.722 Added FXT[KL_PRG]
24/09/2026 18:19:01.722 Added FXT[KL_TOT]
24/09/2026 18:19:01.723 Added FXT[LVL_UP]
24/09/2026 18:19:08.117 Starting new custom script Urbanize\Urbanize - Root.cs
24/09/2026 18:19:08.117 Loading custom script Urbanize\Urbanize - Root.cs...
24/09/2026 18:19:08.119 Registering custom script named Urbaniz
24/09/2026 18:19:15.799 Closing SoundSystem...
24/09/2026 18:19:15.799 Freeing BASS library
24/09/2026 18:19:15.799 SoundSystem closed!
24/09/2026 18:19:15.799 Deleting fxts...
24/09/2026 18:19:15.801 Unloading scripts...
24/09/2026 18:19:15.801 Unregistering custom script named Anim Pl
