========================== Mod Loader 0.2.5 ==========================

Game version: GTA SA 1.0 US
Loading basic config file modloader/.data/config.ini

Parsing command line
Loaded fallback menu fxt

Looking for plugins...
Reading plugins.ini
Loading plugin module "gta3\soundize.dll"
Warning: Failed to load module "gta3\soundize.dll", it requieres a newer version of Mod Loader!
Update yourself at: https://github.com/thelink2012/modloader/releases
Loading plugin module "gta3\std.asi.dll"
Plugin module "gta3\std.asi.dll" loaded as gta3.std.asi Aug 15 2015 14:39:58 by LINK/2012
Starting up plugin "gta3.std.asi"
CLEO library version 4040000 found at "CLEO.asi"
Loading plugin module "gta3\std.bank.dll"
Plugin module "gta3\std.bank.dll" loaded as gta3.std.bank Aug 15 2015 14:39:30 by LINK/2012
Starting up plugin "gta3.std.bank"
Loading plugin module "gta3\std.data.dll"
Plugin module "gta3\std.data.dll" loaded as gta3.std.data Aug 15 2015 14:40:03 by LINK/2012
Starting up plugin "gta3.std.data"
Loading plugin module "gta3\std.fx.dll"
Plugin module "gta3\std.fx.dll" loaded as gta3.std.fx Aug 15 2015 14:39:11 by LINK/2012
Starting up plugin "gta3.std.fx"
Loading plugin module "gta3\std.movies.dll"
Plugin module "gta3\std.movies.dll" loaded as gta3.std.movies Aug 15 2015 14:38:34 by LINK/2012
Starting up plugin "gta3.std.movies"
Loading plugin module "gta3\std.scm.dll"
Plugin module "gta3\std.scm.dll" loaded as gta3.std.scm Aug 15 2015 14:38:40 by LINK/2012
Starting up plugin "gta3.std.scm"
Loading plugin module "gta3\std.sprites.dll"
Plugin module "gta3\std.sprites.dll" loaded as gta3.std.sprites Aug 15 2015 14:38:45 by LINK/2012
Starting up plugin "gta3.std.sprites"
Loading plugin module "gta3\std.stream.dll"
Plugin module "gta3\std.stream.dll" loaded as gta3.std.stream Aug 15 2015 14:39:38 by LINK/2012
Starting up plugin "gta3.std.stream"
Loading plugin module "gta3\std.text.dll"
Plugin module "gta3\std.text.dll" loaded as gta3.std.text Aug 15 2015 14:39:20 by LINK/2012
Starting up plugin "gta3.std.text"
Loading plugin module "gta3\std.tracks.dll"
Plugin module "gta3\std.tracks.dll" loaded as gta3.std.tracks Aug 15 2015 14:39:24 by LINK/2012
Starting up plugin "gta3.std.tracks"
Reading profile named "Default" at "modloader.ini".
Using profile named "Default".
Using profile named "Default"


Scanning mods at "modloader\"...

Scanning files at "modloader\animmenu1.1\"...
Found file [0x00000002987D0191] "cleo\AnimMenu.cs" with handler "gta3.std.asi"
No handler or callme for file "cleo\AnimMenu.ini"
Found file [0x00000001A4C2C6F7] "cleo\CLEO_TEXT\animmenu.fxt" with handler "gta3.std.text"
Found file [0xFFFFFFFFFFFFFFFF] "Readme.txt" with handler "<none>"

Ignoring mod at "modloader\bolsonaro\"

Scanning files at "modloader\choose gang weapons\"...
Found file [0x0000000214BA5C17] "cleo\Choose Gang Weapons (Junior_Djjr).cs" with handler "gta3.std.asi"
No handler or callme for file "cleo\Choose Gang Weapons.ini"

Scanning files at "modloader\controller\"...
No handler or callme for file "Anim\Anim_Movements.ini"
Found file [0x000006042765FD80] "Anim\Ctrl9x.ifp" with handler "gta3.std.stream"
Found file [0x0000060422A7E996] "Anim\Spanking ( Fix )\SnM.ifp" with handler "gta3.std.stream"
Found file [0xFFFFFFFFFFFFFFFF] "Anim\WARNING Anim !!.txt" with handler "<none>"
Found file [0x00000104330ED555] "gta3.img\Ctrl1.dff" with handler "gta3.std.stream"
Found file [0x0000020450E66199] "gta3.img\Ctrl1.txd" with handler "gta3.std.stream"
Found file [0x000001040C926CE7] "gta3.img\Ctrl10.dff" with handler "gta3.std.stream"
Found file [0x00000204F6BAEC2B] "gta3.img\Ctrl10.txd" with handler "gta3.std.stream"
Found file [0x0000010400E1790E] "gta3.img\Ctrl2.dff" with handler "gta3.std.stream"
Found file [0x00000204EF086CE6] "gta3.img\Ctrl2.txd" with handler "gta3.std.stream"
Found file [0x00000104D077C287] "gta3.img\Ctrl3.dff" with handler "gta3.std.stream"
Found file [0x00000204BAA042CB] "gta3.img\Ctrl3.txd" with handler "gta3.std.stream"
Found file [0x00000104B0E99B18] "gta3.img\Ctrl4.dff" with handler "gta3.std.stream"
Found file [0x00000204BB10BAC8] "gta3.img\Ctrl4.txd" with handler "gta3.std.stream"
Found file [0x00000104AF4B7DE1] "gta3.img\Ctrl5.dff" with handler "gta3.std.stream"
Found file [0x000002049524454D] "gta3.img\Ctrl5.txd" with handler "gta3.std.stream"
Found file [0x00000104824B2DCA] "gta3.img\Ctrl6.dff" with handler "gta3.std.stream"
Found file [0x00000204982440BA] "gta3.img\Ctrl6.txd" with handler "gta3.std.stream"
Found file [0x00000104AA2B01B3] "gta3.img\Ctrl7.dff" with handler "gta3.std.stream"
Found file [0x000002049C51FB5F] "gta3.img\Ctrl7.txd" with handler "gta3.std.stream"
Found file [0x00000104ED277274] "gta3.img\Ctrl8.dff" with handler "gta3.std.stream"
Found file [0x00000204FF4E9DBC] "gta3.img\Ctrl8.txd" with handler "gta3.std.stream"
Found file [0x0000010427A744BD] "gta3.img\Ctrl9.dff" with handler "gta3.std.stream"
Found file [0x0000020415CFCA91] "gta3.img\Ctrl9.txd" with handler "gta3.std.stream"
No handler or callme for file "gta3.img\Thumbs.db"
Found file [0xFFFFFFFFFFFFFFFF] "gta3.img\WARNING Skin !!.txt" with handler "<none>"
Found file [0xFFFFFFFFFFFFFFFF] "Holding\Credits.txt" with handler "<none>"
Found file [0x000006046F431B57] "Holding\Ctrl_Gf.ifp" with handler "gta3.std.stream"

Scanning files at "modloader\customskinsloader\"...

Scanning files at "modloader\essenciais\"...
No handler or callme for file "AllWeapon\CLEO\allweapon.ini"
Found file [0x0000000267092A49] "AllWeapon\CLEO\allweapon_2.0.cs" with handler "gta3.std.asi"
Found file [0xFFFFFFFFFFFFFFFF] "AllWeapon\tutorial.txt" with handler "<none>"
Found file [0x00000002E84ABC36] "Amazing Screenshot\cleo\amazingscreen.cs" with handler "gta3.std.asi"
Found file [0xFFFFFFFFFFFFFFFF] "Amazing Screenshot\tutorial.txt" with handler "<none>"
Found file [0x00000002F90DB056] "Builder Mod\cleo\builderNOVO.cs" with handler "gta3.std.asi"
Found file [0x00000002E311B9D6] "Car Spawn\cleo\Carspawn.cs" with handler "gta3.std.asi"
Found file [0x000000022AAEEDB6] "Gravity Gun\cleo\ggun.cs" with handler "gta3.std.asi"
Found file [0x00000002BE5A4B37] "Minhas Adaptacoes\cleo\1HPCJCAR.cs" with handler "gta3.std.asi"
Found file [0x00000002EB8A9B50] "Minhas Adaptacoes\cleo\BOOM.cs" with handler "gta3.std.asi"
Found file [0x00000002B87BFE3F] "Minhas Adaptacoes\cleo\CJLIFE1.cs" with handler "gta3.std.asi"
Found file [0x0000000297C93994] "Minhas Adaptacoes\cleo\DESTROYCJCAR.cs" with handler "gta3.std.asi"
Found file [0x0000000283B30E2D] "Minhas Adaptacoes\cleo\EXPLODECJCAR.cs" with handler "gta3.std.asi"
Found file [0x00000002B1EC24E6] "Minhas Adaptacoes\cleo\EXPLODECJCARKILLPED.cs" with handler "gta3.std.asi"
Found file [0x00000002352DE20E] "Minhas Adaptacoes\cleo\FOGO.cs" with handler "gta3.std.asi"
Found file [0x00000002818FD874] "Minhas Adaptacoes\cleo\FOGOCJ[3].cs" with handler "gta3.std.asi"
Found file [0xFFFFFFFFFFFFFFFF] "Minhas Adaptacoes\cleo\FOGOCJ[3].txt" with handler "<none>"
Found file [0x0000000202143D88] "Minhas Adaptacoes\cleo\HEALCJ.cs" with handler "gta3.std.asi"
Found file [0x0000000283818F0E] "Minhas Adaptacoes\cleo\KILLCJ.cs" with handler "gta3.std.asi"
Found file [0xFFFFFFFFFFFFFFFF] "Minhas Adaptacoes\cleo\KILLCJ.txt" with handler "<none>"
Found file [0x000000024884A982] "Minhas Adaptacoes\cleo\Repair.cs" with handler "gta3.std.asi"
Found file [0x00000002FE78B480] "Minhas Adaptacoes\cleo\SPLATCJ.cs" with handler "gta3.std.asi"
Found file [0x0000000253EF9179] "NoClip\CLEO\No Clip (Junior_Djjr).cs" with handler "gta3.std.asi"
No handler or callme for file "NoClip\CLEO\No Clip.ini"
Found file [0xFFFFFFFFFFFFFFFF] "NoClip\Leiame.txt" with handler "<none>"
Found file [0xFFFFFFFFFFFFFFFF] "Save Anywhere with F4\aperta F4.txt" with handler "<none>"
Found file [0x000000029F0F62F7] "Save Anywhere with F4\cleo\save anywhere.cs" with handler "gta3.std.asi"
Found file [0x00000002928F745B] "Super Fast Teleporter\cleo\sfmark.cs" with handler "gta3.std.asi"
Found file [0x000000023B796533] "Super Fast Teleporter\cleo\sftel.cs" with handler "gta3.std.asi"
No handler or callme for file "Super Fast Teleporter\cleo\sftel.ini"
Found file [0x00000000E252BF13] "Super Fast Teleporter\models\txd\SFTEL.txd" with handler "gta3.std.sprites"
Found file [0xFFFFFFFFFFFFFFFF] "Super Fast Teleporter\tutorial.txt" with handler "<none>"
Found file [0x00000002105609CF] "Teleport to Marker\cleo\Teleport_to_marker.cs" with handler "gta3.std.asi"
Found file [0xFFFFFFFFFFFFFFFF] "Teleport to Marker\marca no mapa e teleporta com YX.txt" with handler "<none>"
Found file [0xFFFFFFFFFFFFFFFF] "unflip\Aperta 7.txt" with handler "<none>"
Found file [0x0000000227851947] "unflip\cleo\unflip.cs" with handler "gta3.std.asi"
Found file [0xFFFFFFFFFFFFFFFF] "unflip\cleo\unflip.txt" with handler "<none>"

Scanning files at "modloader\frameratevigilante\"...
No handler or callme for file "FramerateVigilante.ini"
Found file [0x00000001E36DEFA8] "FramerateVigilante.SA.asi" with handler "gta3.std.asi"

Scanning files at "modloader\ginputsa\"...
Found file [0x000000013C3EC683] "GInputSA.asi" with handler "gta3.std.asi"
No handler or callme for file "GInputSA.ini"
Found file [0x00000204F542F948] "models\ps3btns.txd" with handler "gta3.std.stream"
Found file [0x000002042ADBA8CE] "models\sixaxis.txd" with handler "gta3.std.stream"
Found file [0x0000020406E96E61] "models\x360btns.txd" with handler "gta3.std.stream"

Ignoring mod at "modloader\ignore mods\"

Scanning files at "modloader\improved fast loader\"...
Found file [0x00000001E25B635E] "imfast.asi" with handler "gta3.std.asi"
No handler or callme for file "imfast.ini"

Scanning files at "modloader\newopcodes\"...
Found file [0x00000001AF25D7D5] "cleo\newOpcodes.cleo" with handler "gta3.std.asi"

Scanning files at "modloader\open limit adjuster\"...
Found file [0x00000001C8D25DAB] "III.VC.SA.LimitAdjuster.asi" with handler "gta3.std.asi"
No handler or callme for file "III.VC.SA.LimitAdjuster.ini"

Scanning files at "modloader\oribitcam1.2\"...
Found file [0xFFFFFFFFFFFFFFFF] "--- READ ME !!! ---.txt" with handler "<none>"
Found file [0x00000002786D042B] "cleo\OrbitCam1.2.cs" with handler "gta3.std.asi"
No handler or callme for file "cleo\Orbitcfg.ini"

Scanning files at "modloader\original radio extended\"...
Found file [0x0000000292FF584A] "audio\CONFIG\TrakLkup.dat" with handler "gta3.std.tracks"
Found file [0x000000019FE36A16] "audio\streams\ADVERTS" with handler "gta3.std.tracks"
Found file [0x000000016E772A5C] "audio\streams\CH" with handler "gta3.std.tracks"
Found file [0x000000016E772A5B] "audio\streams\CO" with handler "gta3.std.tracks"
Found file [0x000000016E772A46] "audio\streams\CR" with handler "gta3.std.tracks"
Found file [0x000000016D7728D2] "audio\streams\DS" with handler "gta3.std.tracks"
Found file [0x0000000169772236] "audio\streams\HC" with handler "gta3.std.tracks"
Found file [0x0000000164771A1E] "audio\streams\MH" with handler "gta3.std.tracks"
Found file [0x0000000164771A04] "audio\streams\MR" with handler "gta3.std.tracks"
Found file [0x0000000163771889] "audio\streams\NJ" with handler "gta3.std.tracks"
Found file [0x000000015F7712F2] "audio\streams\RE" with handler "gta3.std.tracks"
Found file [0x000000015F7712F0] "audio\streams\RG" with handler "gta3.std.tracks"
Found file [0x000000015D770F1A] "audio\streams\TK" with handler "gta3.std.tracks"
Found file [0x00000001AAC7770C] "non stop pop\CLEO\cleo_text\radios_names.fxt" with handler "gta3.std.text"
Found file [0x00000000958BD15E] "non stop pop\models\fronten1.txd" with handler "gta3.std.fx"
No handler or callme for file "non stop pop\models\radio logo by jao.png"

Ignoring mod at "modloader\prioridade 10\"

Scanning files at "modloader\prioridade 100\"...
Found file [0xFFFFFFFFFFFFFFFF] "0x858624\aperte B + page down para diminuir.txt" with handler "<none>"
Found file [0xFFFFFFFFFFFFFFFF] "0x858624\aperte B + page up para aumentar.txt" with handler "<none>"
Found file [0x000000023DF0D0C4] "0x858624\cleo\0x858624.cs" with handler "gta3.std.asi"
Found file [0xFFFFFFFFFFFFFFFF] "boxrain\aperte W+B.txt" with handler "<none>"
Found file [0x000000021F21567D] "boxrain\cleo\rain.cs" with handler "gta3.std.asi"
Found file [0xFFFFFFFFFFFFFFFF] "Carjump\aperta SHIFT.txt" with handler "<none>"
Found file [0x000000029B9F96DD] "Carjump\cleo\VehicleJump.cs" with handler "gta3.std.asi"
Found file [0x0000000222F56EBF] "Change4Colors\cleo\change_color.cs" with handler "gta3.std.asi"
Found file [0xFFFFFFFFFFFFFFFF] "Change4Colors\digite color.txt" with handler "<none>"
Found file [0x00000002CF467B2C] "Clipboard Cheat\CLEO\Clipboard Cheat.cs" with handler "gta3.std.asi"
No handler or callme for file "Clipboard Cheat\CLEO\Clipboard Cheat.ini"
Found file [0xFFFFFFFFFFFFFFFF] "Clipboard Cheat\tutorial.txt" with handler "<none>"
No handler or callme for file "convert_chm_to_md.py"
Found file [0x00000002A4B95C5F] "Custom Vinewood Text\CLEO\Custom Vinewood Text (Junior_Djjr).cs" with handler "gta3.std.asi"
No handler or callme for file "Custom Vinewood Text\CLEO\Custom Vinewood Text.ini"
Found file [0x00000304D786754C] "Custom Vinewood Text\Custom Vinewood Text.col" with handler "gta3.std.stream"
Found file [0x0000000CB8A3697E] "Custom Vinewood Text\Custom Vinewood Text.ide" with handler "gta3.std.data"
Found file [0x00000104D9143DA3] "Custom Vinewood Text\DFF\cust_vin_text_0.dff" with handler "gta3.std.stream"
Found file [0x000001042905D23A] "Custom Vinewood Text\DFF\cust_vin_text_1.dff" with handler "gta3.std.stream"
Found file [0x0000010418802611] "Custom Vinewood Text\DFF\cust_vin_text_2.dff" with handler "gta3.std.stream"
Found file [0x0000010458421088] "Custom Vinewood Text\DFF\cust_vin_text_3.dff" with handler "gta3.std.stream"
Found file [0x0000010437D166F7] "Custom Vinewood Text\DFF\cust_vin_text_4.dff" with handler "gta3.std.stream"
Found file [0x000001042FCAB53E] "Custom Vinewood Text\DFF\cust_vin_text_5.dff" with handler "gta3.std.stream"
Found file [0x00000104DC43E285] "Custom Vinewood Text\DFF\cust_vin_text_6.dff" with handler "gta3.std.stream"
Found file [0x00000104E1C2E1BC] "Custom Vinewood Text\DFF\cust_vin_text_7.dff" with handler "gta3.std.stream"
Found file [0x000001043E8D7C8B] "Custom Vinewood Text\DFF\cust_vin_text_8.dff" with handler "gta3.std.stream"
Found file [0x0000010416ADA8A2] "Custom Vinewood Text\DFF\cust_vin_text_9.dff" with handler "gta3.std.stream"
Found file [0x0000010421F733CA] "Custom Vinewood Text\DFF\cust_vin_text_A.dff" with handler "gta3.std.stream"
Found file [0x000001044EF783E1] "Custom Vinewood Text\DFF\cust_vin_text_B.dff" with handler "gta3.std.stream"
Found file [0x000001045095A118] "Custom Vinewood Text\DFF\cust_vin_text_C.dff" with handler "gta3.std.stream"
Found file [0x000001047023C887] "Custom Vinewood Text\DFF\cust_vin_text_D.dff" with handler "gta3.std.stream"
Found file [0x00000104A08D7F0E] "Custom Vinewood Text\DFF\cust_vin_text_E.dff" with handler "gta3.std.stream"
Found file [0x00000104D2BADB55] "Custom Vinewood Text\DFF\cust_vin_text_F.dff" with handler "gta3.std.stream"
Found file [0x000001049FC9720C] "Custom Vinewood Text\DFF\cust_vin_text_G.dff" with handler "gta3.std.stream"
Found file [0x00000104377EDE5B] "Custom Vinewood Text\DFF\cust_vin_text_H.dff" with handler "gta3.std.stream"
Found file [0x0000010414B49E72] "Custom Vinewood Text\DFF\cust_vin_text_I.dff" with handler "gta3.std.stream"
Found file [0x00000104661BB969] "Custom Vinewood Text\DFF\cust_vin_text_J.dff" with handler "gta3.std.stream"
Found file [0x0000010476AC4CC0] "Custom Vinewood Text\DFF\cust_vin_text_K.dff" with handler "gta3.std.stream"
Found file [0x00000104F8C69ECF] "Custom Vinewood Text\DFF\cust_vin_text_L.dff" with handler "gta3.std.stream"
Found file [0x00000104B84F85D6] "Custom Vinewood Text\DFF\cust_vin_text_M.dff" with handler "gta3.std.stream"
Found file [0x00000104C7534ABD] "Custom Vinewood Text\DFF\cust_vin_text_N.dff" with handler "gta3.std.stream"
Found file [0x000001048CD37874] "Custom Vinewood Text\DFF\cust_vin_text_O.dff" with handler "gta3.std.stream"
Found file [0x000001044CC67BE3] "Custom Vinewood Text\DFF\cust_vin_text_P.dff" with handler "gta3.std.stream"
Found file [0x000001049F340C7A] "Custom Vinewood Text\DFF\cust_vin_text_Q.dff" with handler "gta3.std.stream"
Found file [0x000001048C33F751] "Custom Vinewood Text\DFF\cust_vin_text_R.dff" with handler "gta3.std.stream"
Found file [0x00000104CE704AC8] "Custom Vinewood Text\DFF\cust_vin_text_S.dff" with handler "gta3.std.stream"
Found file [0x00000104ADFE0D37] "Custom Vinewood Text\DFF\cust_vin_text_T.dff" with handler "gta3.std.stream"
Found file [0x00000104A37CF37E] "Custom Vinewood Text\DFF\cust_vin_text_U.dff" with handler "gta3.std.stream"
Found file [0x000001044FF620C5] "Custom Vinewood Text\DFF\cust_vin_text_V.dff" with handler "gta3.std.stream"
Found file [0x0000010457EF88FC] "Custom Vinewood Text\DFF\cust_vin_text_W.dff" with handler "gta3.std.stream"
Found file [0x00000104B4BA23CB] "Custom Vinewood Text\DFF\cust_vin_text_X.dff" with handler "gta3.std.stream"
Found file [0x000001048A6179E2] "Custom Vinewood Text\DFF\cust_vin_text_Y.dff" with handler "gta3.std.stream"
Found file [0x00000104A3F79019] "Custom Vinewood Text\DFF\cust_vin_text_Z.dff" with handler "gta3.std.stream"
Found file [0xFFFFFFFFFFFFFFFF] "Custom Vinewood Text\Loader.txt" with handler "<none>"
Found file [0x000003048F9C55C5] "Custom Vinewood Text\Remove original\lahills_4.col" with handler "gta3.std.stream"
Found file [0x00000104CD2733BE] "Custom Vinewood Text\Remove original\LODVineSign1_cunte.dff" with handler "gta3.std.stream"
Found file [0x000001041C678D7F] "Custom Vinewood Text\Remove original\VineSign1_cunte.dff" with handler "gta3.std.stream"
Found file [0x00000104DD646FBE] "Custom Vinewood Text\Remove original\VineSign1_cunte01.dff" with handler "gta3.std.stream"
Found file [0x00000002B93B516E] "Dance with F5\cleo\Dance.cs" with handler "gta3.std.asi"
Found file [0xFFFFFFFFFFFFFFFF] "Dance with F5\cleo\Dance.txt" with handler "<none>"
No handler or callme for file "ext\About.htm"
No handler or callme for file "ext\About1.htm"
No handler or callme for file "ext\About2.htm"
No handler or callme for file "ext\About3.htm"
No handler or callme for file "ext\additional.htm"
No handler or callme for file "ext\arrays.htm"
No handler or callme for file "ext\articles1.htm"
No handler or callme for file "ext\articles11.htm"
No handler or callme for file "ext\articles2.htm"
No handler or callme for file "ext\classes.htm"
No handler or callme for file "ext\Cleo.htm"
No handler or callme for file "ext\CLEO_5.htm"
No handler or callme for file "ext\Cleo_OP.htm"
No handler or callme for file "ext\Cleo_SCRIPT.htm"
No handler or callme for file "ext\clipboard.js"
No handler or callme for file "ext\conditions.htm"
No handler or callme for file "ext\console.htm"
No handler or callme for file "ext\constants.htm"
No handler or callme for file "ext\data_types.htm"
No handler or callme for file "ext\directives.htm"
No handler or callme for file "ext\ERR_0001.htm"
No handler or callme for file "ext\ERR_0002.htm"
No handler or callme for file "ext\ERR_0003.htm"
No handler or callme for file "ext\ERR_0004.htm"
No handler or callme for file "ext\ERR_0005.htm"
No handler or callme for file "ext\ERR_0006.htm"
No handler or callme for file "ext\ERR_0007.htm"
No handler or callme for file "ext\ERR_0008.htm"
No handler or callme for file "ext\ERR_0009.htm"
No handler or callme for file "ext\ERR_0010.htm"
No handler or callme for file "ext\ERR_0011.htm"
No handler or callme for file "ext\ERR_0012.htm"
No handler or callme for file "ext\ERR_0013.htm"
No handler or callme for file "ext\ERR_0014.htm"
No handler or callme for file "ext\ERR_0015.htm"
No handler or callme for file "ext\ERR_0016.htm"
No handler or callme for file "ext\ERR_0017.htm"
No handler or callme for file "ext\ERR_0018.htm"
No handler or callme for file "ext\ERR_0019.htm"
No handler or callme for file "ext\ERR_0020.htm"
No handler or callme for file "ext\ERR_0021.htm"
No handler or callme for file "ext\ERR_0022.htm"
No handler or callme for file "ext\ERR_0023.htm"
No handler or callme for file "ext\ERR_0024.htm"
No handler or callme for file "ext\ERR_0025.htm"
No handler or callme for file "ext\ERR_0026.htm"
No handler or callme for file "ext\ERR_0027.htm"
No handler or callme for file "ext\ERR_0028.htm"
No handler or callme for file "ext\ERR_0029.htm"
No handler or callme for file "ext\ERR_0030.htm"
No handler or callme for file "ext\ERR_0031.htm"
No handler or callme for file "ext\ERR_0032.htm"
No handler or callme for file "ext\ERR_0033.htm"
No handler or callme for file "ext\ERR_0034.htm"
No handler or callme for file "ext\ERR_0035.htm"
No handler or callme for file "ext\ERR_0036.htm"
No handler or callme for file "ext\ERR_0037.htm"
No handler or callme for file "ext\ERR_0038.htm"
No handler or callme for file "ext\ERR_0039.htm"
No handler or callme for file "ext\ERR_0040.htm"
No handler or callme for file "ext\ERR_0041.htm"
No handler or callme for file "ext\ERR_0042.htm"
No handler or callme for file "ext\ERR_0043.htm"
No handler or callme for file "ext\ERR_0044.htm"
No handler or callme for file "ext\ERR_0045.htm"
No handler or callme for file "ext\ERR_0046.htm"
No handler or callme for file "ext\ERR_0047.htm"
No handler or callme for file "ext\ERR_0048.htm"
No handler or callme for file "ext\ERR_0049.htm"
No handler or callme for file "ext\ERR_0050.htm"
No handler or callme for file "ext\ERR_0051.htm"
No handler or callme for file "ext\ERR_0052.htm"
No handler or callme for file "ext\ERR_0053.htm"
No handler or callme for file "ext\ERR_0054.htm"
No handler or callme for file "ext\ERR_0055.htm"
No handler or callme for file "ext\ERR_0056.htm"
No handler or callme for file "ext\ERR_0057.htm"
No handler or callme for file "ext\ERR_0058.htm"
No handler or callme for file "ext\ERR_0059.htm"
No handler or callme for file "ext\ERR_0060.htm"
No handler or callme for file "ext\ERR_0061.htm"
No handler or callme for file "ext\ERR_0062.htm"
No handler or callme for file "ext\ERR_0063.htm"
No handler or callme for file "ext\ERR_0064.htm"
No handler or callme for file "ext\ERR_0065.htm"
No handler or callme for file "ext\ERR_0067.htm"
No handler or callme for file "ext\ERR_0068.htm"
No handler or callme for file "ext\ERR_0069.htm"
No handler or callme for file "ext\ERR_0071.htm"
No handler or callme for file "ext\ERR_0072.htm"
No handler or callme for file "ext\ERR_0073.htm"
No handler or callme for file "ext\ERR_0074.htm"
No handler or callme for file "ext\ERR_0075.htm"
No handler or callme for file "ext\ERR_0076.htm"
No handler or callme for file "ext\ERR_0079.htm"
No handler or callme for file "ext\ERR_0080.htm"
No handler or callme for file "ext\ERR_0081.htm"
No handler or callme for file "ext\ERR_0082.htm"
No handler or callme for file "ext\ERR_0083.htm"
No handler or callme for file "ext\ERR_0084.htm"
No handler or callme for file "ext\features.htm"
No handler or callme for file "ext\GTAVCS1.htm"
No handler or callme for file "ext\GTAVCS2.htm"
No handler or callme for file "ext\GTAVCS3.htm"
No handler or callme for file "ext\GTA_INI.htm"
No handler or callme for file "ext\hex_end.htm"
No handler or callme for file "ext\hotkeys.htm"
No handler or callme for file "ext\HtmlHelp01.htm"
No handler or callme for file "ext\HtmlHelp02.htm"
No handler or callme for file "ext\ico_cb.gif"
No handler or callme for file "ext\Index.hhk"
No handler or callme for file "ext\keywords.htm"
No handler or callme for file "ext\logo2.jpg"
No handler or callme for file "ext\loops.htm"
No handler or callme for file "ext\ltd.gif"
No handler or callme for file "ext\mtdbg.png"
No handler or callme for file "ext\mtdbgbot.png"
No handler or callme for file "ext\mtdl.png"
No handler or callme for file "ext\mtdlbot.png"
No handler or callme for file "ext\mtdr.png"
No handler or callme for file "ext\mtdrbot.png"
No handler or callme for file "ext\opcode_search.htm"
No handler or callme for file "ext\O_100.htm"
No handler or callme for file "ext\O_101.htm"
No handler or callme for file "ext\O_102.htm"
No handler or callme for file "ext\O_103.htm"
No handler or callme for file "ext\O_104.htm"
No handler or callme for file "ext\rtd.gif"
No handler or callme for file "ext\SCMHELP01.htm"
No handler or callme for file "ext\SCMHELP02.htm"
No handler or callme for file "ext\SCMHELP03.htm"
No handler or callme for file "ext\SCMHELP04.htm"
No handler or callme for file "ext\SCMHELP05.htm"
No handler or callme for file "ext\SCMHELPGTALCS.htm"
No handler or callme for file "ext\SCMHELPGTALCS1.htm"
No handler or callme for file "ext\SCMHELPGTALCS2.htm"
No handler or callme for file "ext\SCMHELPGTALCS3.htm"
No handler or callme for file "ext\SCMHELPGTALCS4.htm"
No handler or callme for file "ext\SCMHELPGTALCS5.htm"
No handler or callme for file "ext\SCMHELPGTALimit.htm"
No handler or callme for file "ext\SCMHELPGTASA.htm"
No handler or callme for file "ext\SCMHELPGTASA1.htm"
No handler or callme for file "ext\SCMHELPGTASA10.htm"
No handler or callme for file "ext\SCMHELPGTASA11.htm"
No handler or callme for file "ext\SCMHELPGTASA12.htm"
No handler or callme for file "ext\SCMHELPGTASA13.htm"
No handler or callme for file "ext\SCMHELPGTASA14.htm"
No handler or callme for file "ext\SCMHELPGTASA15.htm"
No handler or callme for file "ext\SCMHELPGTASA16.htm"
No handler or callme for file "ext\SCMHELPGTASA17.htm"
No handler or callme for file "ext\SCMHELPGTASA2.htm"
No handler or callme for file "ext\SCMHELPGTASA3.htm"
No handler or callme for file "ext\SCMHELPGTASA3_1.htm"
No handler or callme for file "ext\SCMHELPGTASA3_2.htm"
No handler or callme for file "ext\SCMHELPGTASA3_3.htm"
No handler or callme for file "ext\SCMHELPGTASA4.htm"
No handler or callme for file "ext\SCMHELPGTASA5.htm"
No handler or callme for file "ext\SCMHELPGTASA6.htm"
No handler or callme for file "ext\SCMHELPGTASA7.htm"
No handler or callme for file "ext\SCMHELPGTASA8.htm"
No handler or callme for file "ext\SCMHELPGTASA9.htm"
No handler or callme for file "ext\SCMHELPGTAVC.htm"
No handler or callme for file "ext\SCMHELPGTAVC1.htm"
No handler or callme for file "ext\SCMHELPGTAVC2.htm"
No handler or callme for file "ext\SCMHELPGTAVC3.htm"
No handler or callme for file "ext\SCMHELPGTAVC4.htm"
No handler or callme for file "ext\SCMHELPGTAVC5.htm"
No handler or callme for file "ext\SCMHELPGTAVC6.htm"
Found file [0x00000002EFA28A3B] "ext\style.css" with handler "gta3.std.asi"
No handler or callme for file "ext\Table of Contents.hhc"
No handler or callme for file "ext\variables.htm"
Found file [0x000000013203CA5C] "Graffiti Anywhere\CLEO\cleo_text\Graffiti Anywhere.fxt" with handler "gta3.std.text"
Found file [0x00000002582BE88F] "Graffiti Anywhere\CLEO\Graffiti Anywhere (Junior_Djjr).cs" with handler "gta3.std.asi"
No handler or callme for file "Graffiti Anywhere\CLEO\Graffiti Anywhere.ini"
No handler or callme for file "Graffiti Anywhere\Graffitis\customs meus\graffiti_2x1_1.png"
No handler or callme for file "Graffiti Anywhere\Graffitis\customs meus\graffiti_2x1_10.png"
No handler or callme for file "Graffiti Anywhere\Graffitis\customs meus\graffiti_2x1_11.png"
No handler or callme for file "Graffiti Anywhere\Graffitis\customs meus\graffiti_2x1_3.png"
No handler or callme for file "Graffiti Anywhere\Graffitis\customs meus\graffiti_2x1_4.png"
No handler or callme for file "Graffiti Anywhere\Graffitis\customs meus\graffiti_2x1_5.png"
No handler or callme for file "Graffiti Anywhere\Graffitis\customs meus\graffiti_2x1_6.png"
No handler or callme for file "Graffiti Anywhere\Graffitis\customs meus\graffiti_2x1_7.png"
No handler or callme for file "Graffiti Anywhere\Graffitis\customs meus\graffiti_2x1_8.png"
No handler or callme for file "Graffiti Anywhere\Graffitis\customs meus\graffiti_2x1_9.png"
Found file [0x00000304DE73EBF2] "Graffiti Anywhere\Graffitis\GraffitiAnywhere.col" with handler "gta3.std.stream"
Found file [0x0000000C4FDE8B23] "Graffiti Anywhere\Graffitis\GraffitiAnywhere.ide" with handler "gta3.std.data"
Found file [0x00000104A2BE1162] "Graffiti Anywhere\Graffitis\graffiti_1x1_1.dff" with handler "gta3.std.stream"
Found file [0x000001044B54C765] "Graffiti Anywhere\Graffitis\graffiti_2x1_1.dff" with handler "gta3.std.stream"
Found file [0x000001049A6BF377] "Graffiti Anywhere\Graffitis\graffiti_2x1_10.dff" with handler "gta3.std.stream"
Found file [0x00000104926541BE] "Graffiti Anywhere\Graffitis\graffiti_2x1_11.dff" with handler "gta3.std.stream"
Found file [0x0000010412353E9E] "Graffiti Anywhere\Graffitis\graffiti_2x1_2.dff" with handler "gta3.std.stream"
Found file [0x000001041A3BF057] "Graffiti Anywhere\Graffitis\graffiti_2x1_3.dff" with handler "gta3.std.stream"
Found file [0x000001043D2896E8] "Graffiti Anywhere\Graffitis\graffiti_2x1_4.dff" with handler "gta3.std.stream"
Found file [0x0000010487929DF1] "Graffiti Anywhere\Graffitis\graffiti_2x1_5.dff" with handler "gta3.std.stream"
Found file [0x000001049816B61A] "Graffiti Anywhere\Graffitis\graffiti_2x1_6.dff" with handler "gta3.std.stream"
Found file [0x00000104BB7EC703] "Graffiti Anywhere\Graffitis\graffiti_2x1_7.dff" with handler "gta3.std.stream"
Found file [0x000001047964DA44] "Graffiti Anywhere\Graffitis\graffiti_2x1_8.dff" with handler "gta3.std.stream"
Found file [0x0000010438FC9D0D] "Graffiti Anywhere\Graffitis\graffiti_2x1_9.dff" with handler "gta3.std.stream"
Found file [0x0000010484485BAF] "Graffiti Anywhere\Graffitis\graffiti_4x1_1.dff" with handler "gta3.std.stream"
Found file [0x0000020484DD5EC9] "Graffiti Anywhere\Graffitis\graffiti_anywhere.txd" with handler "gta3.std.stream"
Found file [0xFFFFFFFFFFFFFFFF] "Graffiti Anywhere\Graffitis\Loader.txt" with handler "<none>"
Found file [0x000000009992CAC3] "Graffiti Anywhere\Graffitis\models\txd\GRFANYW.txd" with handler "gta3.std.sprites"
Found file [0x00000001DB61F969] "Graffiti Anywhere\ObjectColorsAPI.SA.asi" with handler "gta3.std.asi"
Found file [0xFFFFFFFFFFFFFFFF] "Graffiti Anywhere\tutorial.txt" with handler "<none>"
No handler or callme for file "gta_mod_shortcuts_guide.md"
No handler or callme for file "help.chm"
No handler or callme for file "help_convertido.zip"
No handler or callme for file "help_md\About.md"
No handler or callme for file "help_md\About01.md"
No handler or callme for file "help_md\About1.md"
No handler or callme for file "help_md\About2.md"
No handler or callme for file "help_md\About3.md"
No handler or callme for file "help_md\additional.md"
No handler or callme for file "help_md\arrays.md"
No handler or callme for file "help_md\articles.md"
No handler or callme for file "help_md\articles1.md"
No handler or callme for file "help_md\articles11.md"
No handler or callme for file "help_md\articles2.md"
No handler or callme for file "help_md\classes.md"
No handler or callme for file "help_md\Cleo.md"
No handler or callme for file "help_md\CLEO_5.md"
No handler or callme for file "help_md\Cleo_OP.md"
No handler or callme for file "help_md\Cleo_SCRIPT.md"
No handler or callme for file "help_md\conditions.md"
No handler or callme for file "help_md\console.md"
No handler or callme for file "help_md\constants.md"
No handler or callme for file "help_md\data_types.md"
No handler or callme for file "help_md\directives.md"
No handler or callme for file "help_md\ERR_0001.md"
No handler or callme for file "help_md\ERR_0002.md"
No handler or callme for file "help_md\ERR_0003.md"
No handler or callme for file "help_md\ERR_0004.md"
No handler or callme for file "help_md\ERR_0005.md"
No handler or callme for file "help_md\ERR_0006.md"
No handler or callme for file "help_md\ERR_0007.md"
No handler or callme for file "help_md\ERR_0008.md"
No handler or callme for file "help_md\ERR_0009.md"
No handler or callme for file "help_md\ERR_0010.md"
No handler or callme for file "help_md\ERR_0011.md"
No handler or callme for file "help_md\ERR_0012.md"
No handler or callme for file "help_md\ERR_0013.md"
No handler or callme for file "help_md\ERR_0014.md"
No handler or callme for file "help_md\ERR_0015.md"
No handler or callme for file "help_md\ERR_0016.md"
No handler or callme for file "help_md\ERR_0017.md"
No handler or callme for file "help_md\ERR_0018.md"
No handler or callme for file "help_md\ERR_0019.md"
No handler or callme for file "help_md\ERR_0020.md"
No handler or callme for file "help_md\ERR_0021.md"
No handler or callme for file "help_md\ERR_0022.md"
No handler or callme for file "help_md\ERR_0023.md"
No handler or callme for file "help_md\ERR_0024.md"
No handler or callme for file "help_md\ERR_0025.md"
No handler or callme for file "help_md\ERR_0026.md"
No handler or callme for file "help_md\ERR_0027.md"
No handler or callme for file "help_md\ERR_0028.md"
No handler or callme for file "help_md\ERR_0029.md"
No handler or callme for file "help_md\ERR_0030.md"
No handler or callme for file "help_md\ERR_0031.md"
No handler or callme for file "help_md\ERR_0032.md"
No handler or callme for file "help_md\ERR_0033.md"
No handler or callme for file "help_md\ERR_0034.md"
No handler or callme for file "help_md\ERR_0035.md"
No handler or callme for file "help_md\ERR_0036.md"
No handler or callme for file "help_md\ERR_0037.md"
No handler or callme for file "help_md\ERR_0038.md"
No handler or callme for file "help_md\ERR_0039.md"
No handler or callme for file "help_md\ERR_0040.md"
No handler or callme for file "help_md\ERR_0041.md"
No handler or callme for file "help_md\ERR_0042.md"
No handler or callme for file "help_md\ERR_0043.md"
No handler or callme for file "help_md\ERR_0044.md"
No handler or callme for file "help_md\ERR_0045.md"
No handler or callme for file "help_md\ERR_0046.md"
No handler or callme for file "help_md\ERR_0047.md"
No handler or callme for file "help_md\ERR_0048.md"
No handler or callme for file "help_md\ERR_0049.md"
No handler or callme for file "help_md\ERR_0050.md"
No handler or callme for file "help_md\ERR_0051.md"
No handler or callme for file "help_md\ERR_0052.md"
No handler or callme for file "help_md\ERR_0053.md"
No handler or callme for file "help_md\ERR_0054.md"
No handler or callme for file "help_md\ERR_0055.md"
No handler or callme for file "help_md\ERR_0056.md"
No handler or callme for file "help_md\ERR_0057.md"
No handler or callme for file "help_md\ERR_0058.md"
No handler or callme for file "help_md\ERR_0059.md"
No handler or callme for file "help_md\ERR_0060.md"
No handler or callme for file "help_md\ERR_0061.md"
No handler or callme for file "help_md\ERR_0062.md"
No handler or callme for file "help_md\ERR_0063.md"
No handler or callme for file "help_md\ERR_0064.md"
No handler or callme for file "help_md\ERR_0065.md"
No handler or callme for file "help_md\ERR_0067.md"
No handler or callme for file "help_md\ERR_0068.md"
No handler or callme for file "help_md\ERR_0069.md"
No handler or callme for file "help_md\ERR_0071.md"
No handler or callme for file "help_md\ERR_0072.md"
No handler or callme for file "help_md\ERR_0073.md"
No handler or callme for file "help_md\ERR_0074.md"
No handler or callme for file "help_md\ERR_0075.md"
No handler or callme for file "help_md\ERR_0076.md"
No handler or callme for file "help_md\ERR_0079.md"
No handler or callme for file "help_md\ERR_0080.md"
No handler or callme for file "help_md\ERR_0081.md"
No handler or callme for file "help_md\ERR_0082.md"
No handler or callme for file "help_md\ERR_0083.md"
No handler or callme for file "help_md\ERR_0084.md"
No handler or callme for file "help_md\features.md"
No handler or callme for file "help_md\GTAVCS1.md"
No handler or callme for file "help_md\GTAVCS2.md"
No handler or callme for file "help_md\GTAVCS3.md"
No handler or callme for file "help_md\GTA_INI.md"
No handler or callme for file "help_md\hex_end.md"
No handler or callme for file "help_md\hotkeys.md"
No handler or callme for file "help_md\HtmlHelp01.md"
No handler or callme for file "help_md\HtmlHelp02.md"
No handler or callme for file "help_md\keywords.md"
No handler or callme for file "help_md\loops.md"
No handler or callme for file "help_md\opcode_search.md"
No handler or callme for file "help_md\O_100.md"
No handler or callme for file "help_md\O_101.md"
No handler or callme for file "help_md\O_102.md"
No handler or callme for file "help_md\O_103.md"
No handler or callme for file "help_md\O_104.md"
No handler or callme for file "help_md\SCMHELP01.md"
No handler or callme for file "help_md\SCMHELP02.md"
No handler or callme for file "help_md\SCMHELP03.md"
No handler or callme for file "help_md\SCMHELP04.md"
No handler or callme for file "help_md\SCMHELP05.md"
No handler or callme for file "help_md\SCMHELPGTALCS.md"
No handler or callme for file "help_md\SCMHELPGTALCS1.md"
No handler or callme for file "help_md\SCMHELPGTALCS2.md"
No handler or callme for file "help_md\SCMHELPGTALCS3.md"
No handler or callme for file "help_md\SCMHELPGTALCS4.md"
No handler or callme for file "help_md\SCMHELPGTALCS5.md"
No handler or callme for file "help_md\SCMHELPGTALimit.md"
No handler or callme for file "help_md\SCMHELPGTASA.md"
No handler or callme for file "help_md\SCMHELPGTASA1.md"
No handler or callme for file "help_md\SCMHELPGTASA10.md"
No handler or callme for file "help_md\SCMHELPGTASA11.md"
No handler or callme for file "help_md\SCMHELPGTASA12.md"
No handler or callme for file "help_md\SCMHELPGTASA13.md"
No handler or callme for file "help_md\SCMHELPGTASA14.md"
No handler or callme for file "help_md\SCMHELPGTASA15.md"
No handler or callme for file "help_md\SCMHELPGTASA16.md"
No handler or callme for file "help_md\SCMHELPGTASA17.md"
No handler or callme for file "help_md\SCMHELPGTASA2.md"
No handler or callme for file "help_md\SCMHELPGTASA3.md"
No handler or callme for file "help_md\SCMHELPGTASA3_1.md"
No handler or callme for file "help_md\SCMHELPGTASA3_2.md"
No handler or callme for file "help_md\SCMHELPGTASA3_3.md"
No handler or callme for file "help_md\SCMHELPGTASA4.md"
No handler or callme for file "help_md\SCMHELPGTASA5.md"
No handler or callme for file "help_md\SCMHELPGTASA6.md"
No handler or callme for file "help_md\SCMHELPGTASA7.md"
No handler or callme for file "help_md\SCMHELPGTASA8.md"
No handler or callme for file "help_md\SCMHELPGTASA9.md"
No handler or callme for file "help_md\SCMHELPGTAVC.md"
No handler or callme for file "help_md\SCMHELPGTAVC1.md"
No handler or callme for file "help_md\SCMHELPGTAVC2.md"
No handler or callme for file "help_md\SCMHELPGTAVC3.md"
No handler or callme for file "help_md\SCMHELPGTAVC4.md"
No handler or callme for file "help_md\SCMHELPGTAVC5.md"
No handler or callme for file "help_md\SCMHELPGTAVC6.md"
No handler or callme for file "help_md\variables.md"
Found file [0x000000023183D4B7] "In-Game Map Editor\CLEO\In-Game Map Editor (Junior_Djjr).cs" with handler "gta3.std.asi"
No handler or callme for file "In-Game Map Editor\CLEO\In-Game Map Editor.ini"
Found file [0x0000000DA6BA4786] "In-Game Map Editor\test.ipl" with handler "gta3.std.data"
Found file [0x0000000207B3BC96] "Insanity\CLEO\AVIA.cs" with handler "gta3.std.asi"
Found file [0x00000002933EF7E6] "Insanity\CLEO\PEDCRAZ.cs" with handler "gta3.std.asi"
Found file [0x0000000261A72FA5] "Insanity\CLEO\PEDFALL.cs" with handler "gta3.std.asi"
Found file [0x00000002C52308DE] "Insanity\CLEO\PUTCAR.cs" with handler "gta3.std.asi"
Found file [0x00000002CAF0474C] "Insanity\CLEO\SPEEDCARP.cs" with handler "gta3.std.asi"
Found file [0xFFFFFFFFFFFFFFFF] "Insanity\Readme - en.txt" with handler "<none>"
Found file [0xFFFFFFFFFFFFFFFF] "Insanity\Readme - pt.txt" with handler "<none>"
Found file [0xFFFFFFFFFFFFFFFF] "Insanity\tutorial.txt" with handler "<none>"
Found file [0xFFFFFFFFFFFFFFFF] "Kamehameha\aperta Tab + H.txt" with handler "<none>"
Found file [0x000000021B684133] "Kamehameha\cleo\kamehameha.cs" with handler "gta3.std.asi"
Found file [0x000000021CD70EF6] "Myths Maker\CLEO\Animals\Anim0\Anim0.cs" with handler "gta3.std.asi"
Found file [0x00000104477B2374] "Myths Maker\CLEO\Animals\Anim0\Anim0.dff" with handler "gta3.std.stream"
Found file [0x00000001657FCF0E] "Myths Maker\CLEO\Animals\Anim0\Anim0.fxt" with handler "gta3.std.text"
No handler or callme for file "Myths Maker\CLEO\Animals\Anim0\Anim0.ini"
Found file [0x0000020459A24EBC] "Myths Maker\CLEO\Animals\Anim0\Anim0.txd" with handler "gta3.std.stream"
No handler or callme for file "Myths Maker\CLEO\Animals\Anim0\voice_0.mp3"
No handler or callme for file "Myths Maker\CLEO\Animals\Anim0\voice_1.mp3"
No handler or callme for file "Myths Maker\CLEO\Animals\Anim0\voice_2.mp3"
No handler or callme for file "Myths Maker\CLEO\Animals\Anim0\voice_3.mp3"
No handler or callme for file "Myths Maker\CLEO\Animals\Anim0\voice_4.mp3"
No handler or callme for file "Myths Maker\CLEO\Animals\Anim0\voice_5.mp3"
No handler or callme for file "Myths Maker\CLEO\Animals\Anim0\voice_6.mp3"
No handler or callme for file "Myths Maker\CLEO\Animals\Anim0\voice_7.mp3"
Found file [0x00000104709F2521] "Myths Maker\CLEO\Animals\Anim1\A1_1.dff" with handler "gta3.std.stream"
Found file [0x000002045676598D] "Myths Maker\CLEO\Animals\Anim1\A1_1.txd" with handler "gta3.std.stream"
Found file [0x0000010481FAF5BD] "Myths Maker\CLEO\Animals\Anim1\Anim1.dff" with handler "gta3.std.stream"
Found file [0x000006048003410A] "Myths Maker\CLEO\Animals\Anim1\Anim1.ifp" with handler "gta3.std.stream"
No handler or callme for file "Myths Maker\CLEO\Animals\Anim1\Anim1.ini"
Found file [0x0000020470237B91] "Myths Maker\CLEO\Animals\Anim1\Anim1.txd" with handler "gta3.std.stream"
Found file [0x00000001CB492CEE] "Myths Maker\CLEO\Animals\Anim1\animgrp.dat" with handler "gta3.std.data"
No handler or callme for file "Myths Maker\CLEO\Animals\Anim1\anim_0.mp3"
No handler or callme for file "Myths Maker\CLEO\Animals\Anim1\damage.MP3"
Found file [0x00000604E9137160] "Myths Maker\CLEO\Animals\Anim1\dog.ifp" with handler "gta3.std.stream"
No handler or callme for file "Myths Maker\CLEO\Animals\Anim1\interaction_0.MP3"
No handler or callme for file "Myths Maker\CLEO\Animals\Anim1\random.mp3"
No handler or callme for file "Myths Maker\CLEO\Animals\Anim1\random_0.MP3"
No handler or callme for file "Myths Maker\CLEO\Animals\Anim1\random_1.MP3"
No handler or callme for file "Myths Maker\CLEO\Animals\Anim1\random_2.MP3"
No handler or callme for file "Myths Maker\CLEO\Animals\Anim1\random_3.MP3"
No handler or callme for file "Myths Maker\CLEO\Animals\Anim1\random_4.MP3"
No handler or callme for file "Myths Maker\CLEO\Animals\Anim1\random_5.MP3"
No handler or callme for file "Myths Maker\CLEO\Animals\Anim1\random_6.MP3"
No handler or callme for file "Myths Maker\CLEO\Animals\Anim1\random_7.MP3"
No handler or callme for file "Myths Maker\CLEO\Animals\Anim1\random_8.MP3"
No handler or callme for file "Myths Maker\CLEO\Animals\Anim1\random_9.MP3"
Found file [0x0000010449778A3F] "Myths Maker\CLEO\Animals\Anim10\Anim10.dff" with handler "gta3.std.stream"
No handler or callme for file "Myths Maker\CLEO\Animals\Anim10\Anim10.ini"
Found file [0x00000204639EC2D3] "Myths Maker\CLEO\Animals\Anim10\Anim10.txd" with handler "gta3.std.stream"
No handler or callme for file "Myths Maker\CLEO\Animals\Anim10\random.MP3"
No handler or callme for file "Myths Maker\CLEO\Animals\Anim10\random_0.MP3"
No handler or callme for file "Myths Maker\CLEO\Animals\Anim10\random_1.MP3"
No handler or callme for file "Myths Maker\CLEO\Animals\Anim10\random_2.MP3"
No handler or callme for file "Myths Maker\CLEO\Animals\Anim10\random_3.MP3"
No handler or callme for file "Myths Maker\CLEO\Animals\Anim10\random_4.MP3"
No handler or callme for file "Myths Maker\CLEO\Animals\Anim10\random_5.MP3"
No handler or callme for file "Myths Maker\CLEO\Animals\Anim10\random_6.MP3"
No handler or callme for file "Myths Maker\CLEO\Animals\Anim10\random_7.MP3"
No handler or callme for file "Myths Maker\CLEO\Animals\Anim10\random_8.MP3"
No handler or callme for file "Myths Maker\CLEO\Animals\Anim10\random_9.MP3"
Found file [0x000001044170D946] "Myths Maker\CLEO\Animals\Anim11\Anim11.dff" with handler "gta3.std.stream"
No handler or callme for file "Myths Maker\CLEO\Animals\Anim11\Anim11.ini"
Found file [0x000002045F9817AE] "Myths Maker\CLEO\Animals\Anim11\Anim11.txd" with handler "gta3.std.stream"
No handler or callme for file "Myths Maker\CLEO\Animals\Anim11\damage.MP3"
No handler or callme for file "Myths Maker\CLEO\Animals\Anim11\random.mp3"
No handler or callme for file "Myths Maker\CLEO\Animals\Anim11\random_0.mp3"
No handler or callme for file "Myths Maker\CLEO\Animals\Anim11\random_1.MP3"
No handler or callme for file "Myths Maker\CLEO\Animals\Anim11\random_2.MP3"
No handler or callme for file "Myths Maker\CLEO\Animals\Anim11\random_3.MP3"
No handler or callme for file "Myths Maker\CLEO\Animals\Anim11\random_4.MP3"
No handler or callme for file "Myths Maker\CLEO\Animals\Anim11\random_5.MP3"
No handler or callme for file "Myths Maker\CLEO\Animals\Anim11\random_6.MP3"
No handler or callme for file "Myths Maker\CLEO\Animals\Anim11\random_7.MP3"
No handler or callme for file "Myths Maker\CLEO\Animals\Anim11\random_8.MP3"
No handler or callme for file "Myths Maker\CLEO\Animals\Anim11\random_9.MP3"
Found file [0x0000010451126F6D] "Myths Maker\CLEO\Animals\Anim12\Anim12.dff" with handler "gta3.std.stream"
No handler or callme for file "Myths Maker\CLEO\Animals\Anim12\Anim12.ini"
Found file [0x000002045EEB75C1] "Myths Maker\CLEO\Animals\Anim12\Anim12.txd" with handler "gta3.std.stream"
No handler or callme for file "Myths Maker\CLEO\Animals\Anim12\damage.MP3"
No handler or callme for file "Myths Maker\CLEO\Animals\Anim12\random.mp3"
No handler or callme for file "Myths Maker\CLEO\Animals\Anim12\random_0.MP3"
No handler or callme for file "Myths Maker\CLEO\Animals\Anim12\random_1.MP3"
No handler or callme for file "Myths Maker\CLEO\Animals\Anim12\random_2.MP3"
No handler or callme for file "Myths Maker\CLEO\Animals\Anim12\random_3.MP3"
No handler or callme for file "Myths Maker\CLEO\Animals\Anim12\random_4.MP3"
No handler or callme for file "Myths Maker\CLEO\Animals\Anim12\random_5.MP3"
No handler or callme for file "Myths Maker\CLEO\Animals\Anim12\random_6.MP3"
No handler or callme for file "Myths Maker\CLEO\Animals\Anim12\random_7.MP3"
No handler or callme for file "Myths Maker\CLEO\Animals\Anim12\random_8.MP3"
No handler or callme for file "Myths Maker\CLEO\Animals\Anim12\random_9.MP3"
Found file [0x00000104FAEFF448] "Myths Maker\CLEO\Animals\Anim13\A13_1.dff" with handler "gta3.std.stream"
Found file [0x00000204E4C8C278] "Myths Maker\CLEO\Animals\Anim13\A13_1.txd" with handler "gta3.std.stream"
Found file [0x0000010479462563] "Myths Maker\CLEO\Animals\Anim13\A13_2.dff" with handler "gta3.std.stream"
Found file [0x000002048B1F318F] "Myths Maker\CLEO\Animals\Anim13\A13_2.txd" with handler "gta3.std.stream"
Found file [0x000001041E229924] "Myths Maker\CLEO\Animals\Anim13\Anim13.dff" with handler "gta3.std.stream"
Found file [0x000006040042BDC3] "Myths Maker\CLEO\Animals\Anim13\Anim13.ifp" with handler "gta3.std.stream"
No handler or callme for file "Myths Maker\CLEO\Animals\Anim13\Anim13.ini"
Found file [0x000002040FF9E0AC] "Myths Maker\CLEO\Animals\Anim13\Anim13.txd" with handler "gta3.std.stream"
Found file [0x00000001A50CD2D3] "Myths Maker\CLEO\Animals\Anim13\animgrp.dat" with handler "gta3.std.data"
No handler or callme for file "Myths Maker\CLEO\Animals\Anim13\anim_0.MP3"
No handler or callme for file "Myths Maker\CLEO\Animals\Anim13\anim_1.mp3"
No handler or callme for file "Myths Maker\CLEO\Animals\Anim13\anim_2.MP3"
No handler or callme for file "Myths Maker\CLEO\Animals\Anim13\damage.mp3"
No handler or callme for file "Myths Maker\CLEO\Animals\Anim13\interaction_0.MP3"
No handler or callme for file "Myths Maker\CLEO\Animals\Anim13\interaction_1.MP3"
No handler or callme for file "Myths Maker\CLEO\Animals\Anim13\interaction_2.MP3"
No handler or callme for file "Myths Maker\CLEO\Animals\Anim13\interaction_3.MP3"
No handler or callme for file "Myths Maker\CLEO\Animals\Anim13\interaction_4.MP3"
No handler or callme for file "Myths Maker\CLEO\Animals\Anim13\random.MP3"
No handler or callme for file "Myths Maker\CLEO\Animals\Anim13\random_0.MP3"
No handler or callme for file "Myths Maker\CLEO\Animals\Anim13\random_1.mp3"
No handler or callme for file "Myths Maker\CLEO\Animals\Anim13\random_2.MP3"
No handler or callme for file "Myths Maker\CLEO\Animals\Anim13\random_3.MP3"
No handler or callme for file "Myths Maker\CLEO\Animals\Anim13\random_4.MP3"
No handler or callme for file "Myths Maker\CLEO\Animals\Anim13\random_5.MP3"
No handler or callme for file "Myths Maker\CLEO\Animals\Anim13\random_6.MP3"
No handler or callme for file "Myths Maker\CLEO\Animals\Anim13\random_7.mp3"
No handler or callme for file "Myths Maker\CLEO\Animals\Anim13\random_8.MP3"
No handler or callme for file "Myths Maker\CLEO\Animals\Anim13\random_9.MP3"
No handler or callme for file "Myths Maker\CLEO\Animals\Anim13\spawn.mp3"
Found file [0x000006046CCFFB90] "Myths Maker\CLEO\Animals\Anim13\wolf.ifp" with handler "gta3.std.stream"
Found file [0x00000104E566E63B] "Myths Maker\CLEO\Animals\Anim14\A14_1.dff" with handler "gta3.std.stream"
Found file [0x00000204E73E4777] "Myths Maker\CLEO\Animals\Anim14\A14_1.txd" with handler "gta3.std.stream"
Found file [0x00000104271050A0] "Myths Maker\CLEO\Animals\Anim14\A14_2.dff" with handler "gta3.std.stream"
Found file [0x0000020441378940] "Myths Maker\CLEO\Animals\Anim14\A14_2.txd" with handler "gta3.std.stream"
Found file [0x00000104875EF9C9] "Myths Maker\CLEO\Animals\Anim14\A14_3.dff" with handler "gta3.std.stream"
Found file [0x000002047D85F905] "Myths Maker\CLEO\Animals\Anim14\A14_3.txd" with handler "gta3.std.stream"
Found file [0x00000104D992C636] "Myths Maker\CLEO\Animals\Anim14\A14_4.dff" with handler "gta3.std.stream"
Found file [0x00000204D76A20DE] "Myths Maker\CLEO\Animals\Anim14\A14_4.txd" with handler "gta3.std.stream"
Found file [0x00000104C82E9BCB] "Myths Maker\CLEO\Animals\Anim14\Anim14.dff" with handler "gta3.std.stream"
No handler or callme for file "Myths Maker\CLEO\Animals\Anim14\Anim14.ini"
Found file [0x00000204AA570E87] "Myths Maker\CLEO\Animals\Anim14\Anim14.txd" with handler "gta3.std.stream"
No handler or callme for file "Myths Maker\CLEO\Animals\Anim14\damage.MP3"
No handler or callme for file "Myths Maker\CLEO\Animals\Anim14\random.mp3"
No handler or callme for file "Myths Maker\CLEO\Animals\Anim14\random_0.MP3"
No handler or callme for file "Myths Maker\CLEO\Animals\Anim14\random_1.MP3"
No handler or callme for file "Myths Maker\CLEO\Animals\Anim14\random_2.MP3"
No handler or callme for file "Myths Maker\CLEO\Animals\Anim14\random_3.MP3"
No handler or callme for file "Myths Maker\CLEO\Animals\Anim14\random_4.MP3"
No handler or callme for file "Myths Maker\CLEO\Animals\Anim14\random_5.MP3"
No handler or callme for file "Myths Maker\CLEO\Animals\Anim14\random_6.MP3"
No handler or callme for file "Myths Maker\CLEO\Animals\Anim14\random_7.MP3"
No handler or callme for file "Myths Maker\CLEO\Animals\Anim14\random_8.MP3"
No handler or callme for file "Myths Maker\CLEO\Animals\Anim14\random_9.MP3"
No handler or callme for file "Myths Maker\CLEO\Animals\Anim14\spawn.MP3"
Found file [0x000001049DD5F1E2] "Myths Maker\CLEO\Animals\Anim15\Anim15.dff" with handler "gta3.std.stream"
No handler or callme for file "Myths Maker\CLEO\Animals\Anim15\Anim15.ini"
Found file [0x00000204A3FD0A02] "Myths Maker\CLEO\Animals\Anim15\Anim15.txd" with handler "gta3.std.stream"
No handler or callme for file "Myths Maker\CLEO\Animals\Anim15\damage.mp3"
No handler or callme for file "Myths Maker\CLEO\Animals\Anim15\interaction_0.MP3"
No handler or callme for file "Myths Maker\CLEO\Animals\Anim15\interaction_1.MP3"
No handler or callme for file "Myths Maker\CLEO\Animals\Anim15\random.mp3"
No handler or callme for file "Myths Maker\CLEO\Animals\Anim15\random_0.MP3"
No handler or callme for file "Myths Maker\CLEO\Animals\Anim15\random_1.MP3"
No handler or callme for file "Myths Maker\CLEO\Animals\Anim15\random_2.MP3"
No handler or callme for file "Myths Maker\CLEO\Animals\Anim15\random_3.MP3"
No handler or callme for file "Myths Maker\CLEO\Animals\Anim15\random_4.MP3"
No handler or callme for file "Myths Maker\CLEO\Animals\Anim15\random_5.MP3"
No handler or callme for file "Myths Maker\CLEO\Animals\Anim15\random_6.MP3"
No handler or callme for file "Myths Maker\CLEO\Animals\Anim15\random_7.MP3"
No handler or callme for file "Myths Maker\CLEO\Animals\Anim15\random_8.MP3"
No handler or callme for file "Myths Maker\CLEO\Animals\Anim15\random_9.MP3"
No handler or callme for file "Myths Maker\CLEO\Animals\Anim15\spawn.mp3"
Found file [0x00000104B76C0819] "Myths Maker\CLEO\Animals\Anim16\Anim16.dff" with handler "gta3.std.stream"
No handler or callme for file "Myths Maker\CLEO\Animals\Anim16\Anim16.ini"
Found file [0x00000204CD4388D5] "Myths Maker\CLEO\Animals\Anim16\Anim16.txd" with handler "gta3.std.stream"
Found file [0x000000011E8A2902] "Myths Maker\CLEO\Animals\Anim16\animgrp.dat" with handler "gta3.std.data"
Found file [0x00000604EFDBC9D6] "Myths Maker\CLEO\Animals\Anim16\ATKA16.ifp" with handler "gta3.std.stream"
Found file [0x000006045526894A] "Myths Maker\CLEO\Animals\Anim16\bear.ifp" with handler "gta3.std.stream"
No handler or callme for file "Myths Maker\CLEO\Animals\Anim16\damage.MP3"
No handler or callme for file "Myths Maker\CLEO\Animals\Anim16\interaction_0.MP3"
No handler or callme for file "Myths Maker\CLEO\Animals\Anim16\interaction_1.MP3"
No handler or callme for file "Myths Maker\CLEO\Animals\Anim16\random.mp3"
No handler or callme for file "Myths Maker\CLEO\Animals\Anim16\random_0.MP3"
No handler or callme for file "Myths Maker\CLEO\Animals\Anim16\random_1.MP3"
No handler or callme for file "Myths Maker\CLEO\Animals\Anim16\random_2.MP3"
No handler or callme for file "Myths Maker\CLEO\Animals\Anim16\random_3.mp3"
No handler or callme for file "Myths Maker\CLEO\Animals\Anim16\random_4.MP3"
No handler or callme for file "Myths Maker\CLEO\Animals\Anim16\random_5.MP3"
No handler or callme for file "Myths Maker\CLEO\Animals\Anim16\random_6.MP3"
No handler or callme for file "Myths Maker\CLEO\Animals\Anim16\random_7.MP3"
No handler or callme for file "Myths Maker\CLEO\Animals\Anim16\random_8.MP3"
No handler or callme for file "Myths Maker\CLEO\Animals\Anim16\random_9.MP3"
Found file [0x00000104A285D144] "Myths Maker\CLEO\Animals\Anim17\A17_1.dff" with handler "gta3.std.stream"
Found file [0x00000204945EABCC] "Myths Maker\CLEO\Animals\Anim17\A17_1.txd" with handler "gta3.std.stream"
Found file [0x00000104CF8C9970] "Myths Maker\CLEO\Animals\Anim17\Anim17.dff" with handler "gta3.std.stream"
No handler or callme for file "Myths Maker\CLEO\Animals\Anim17\Anim17.ini"
Found file [0x00000204C9658050] "Myths Maker\CLEO\Animals\Anim17\Anim17.txd" with handler "gta3.std.stream"
Found file [0x00000001EDCD1817] "Myths Maker\CLEO\Animals\Anim17\animgrp.dat" with handler "gta3.std.data"
Found file [0x00000604D35771BF] "Myths Maker\CLEO\Animals\Anim17\ATKA17.ifp" with handler "gta3.std.stream"
Found file [0x000006045526894A] "Myths Maker\CLEO\Animals\Anim17\bear.ifp" with handler "gta3.std.stream"
No handler or callme for file "Myths Maker\CLEO\Animals\Anim17\damage.MP3"
No handler or callme for file "Myths Maker\CLEO\Animals\Anim17\interaction_0.MP3"
No handler or callme for file "Myths Maker\CLEO\Animals\Anim17\interaction_1.MP3"
No handler or callme for file "Myths Maker\CLEO\Animals\Anim17\random.mp3"
No handler or callme for file "Myths Maker\CLEO\Animals\Anim17\random_0.MP3"
No handler or callme for file "Myths Maker\CLEO\Animals\Anim17\random_1.MP3"
No handler or callme for file "Myths Maker\CLEO\Animals\Anim17\random_2.MP3"
No handler or callme for file "Myths Maker\CLEO\Animals\Anim17\random_3.mp3"
No handler or callme for file "Myths Maker\CLEO\Animals\Anim17\random_4.MP3"
No handler or callme for file "Myths Maker\CLEO\Animals\Anim17\random_5.MP3"
No handler or callme for file "Myths Maker\CLEO\Animals\Anim17\random_6.MP3"
No handler or callme for file "Myths Maker\CLEO\Animals\Anim17\random_7.MP3"
No handler or callme for file "Myths Maker\CLEO\Animals\Anim17\random_8.MP3"
No handler or callme for file "Myths Maker\CLEO\Animals\Anim17\random_9.MP3"
Found file [0x00000104B2419C97] "Myths Maker\CLEO\Animals\Anim18\A18_1.dff" with handler "gta3.std.stream"
Found file [0x00000204BC190A5B] "Myths Maker\CLEO\Animals\Anim18\A18_1.txd" with handler "gta3.std.stream"
Found file [0x00000104C1728537] "Myths Maker\CLEO\Animals\Anim18\Anim18.dff" with handler "gta3.std.stream"
No handler or callme for file "Myths Maker\CLEO\Animals\Anim18\Anim18.ini"
Found file [0x00000204CB4B85FB] "Myths Maker\CLEO\Animals\Anim18\Anim18.txd" with handler "gta3.std.stream"
Found file [0x00000001F63CA1A4] "Myths Maker\CLEO\Animals\Anim18\animgrp.dat" with handler "gta3.std.data"
No handler or callme for file "Myths Maker\CLEO\Animals\Anim18\damage.MP3"
No handler or callme for file "Myths Maker\CLEO\Animals\Anim18\interaction_0.MP3"
Found file [0x00000604A1F8E516] "Myths Maker\CLEO\Animals\Anim18\lion.ifp" with handler "gta3.std.stream"
No handler or callme for file "Myths Maker\CLEO\Animals\Anim18\random.MP3"
No handler or callme for file "Myths Maker\CLEO\Animals\Anim18\random_0.MP3"
No handler or callme for file "Myths Maker\CLEO\Animals\Anim18\random_1.MP3"
No handler or callme for file "Myths Maker\CLEO\Animals\Anim18\random_2.MP3"
No handler or callme for file "Myths Maker\CLEO\Animals\Anim18\random_3.MP3"
No handler or callme for file "Myths Maker\CLEO\Animals\Anim18\random_4.MP3"
No handler or callme for file "Myths Maker\CLEO\Animals\Anim18\random_5.MP3"
No handler or callme for file "Myths Maker\CLEO\Animals\Anim18\random_6.MP3"
No handler or callme for file "Myths Maker\CLEO\Animals\Anim18\random_7.MP3"
No handler or callme for file "Myths Maker\CLEO\Animals\Anim18\random_8.MP3"
No handler or callme for file "Myths Maker\CLEO\Animals\Anim18\random_9.MP3"
No handler or callme for file "Myths Maker\CLEO\Animals\Anim18\spawn.MP3"
Found file [0x0000010445FB8076] "Myths Maker\CLEO\Animals\Anim19\A19_1.dff" with handler "gta3.std.stream"
Found file [0x0000020443D46D1E] "Myths Maker\CLEO\Animals\Anim19\A19_1.txd" with handler "gta3.std.stream"
Found file [0x0000010454FF455D] "Myths Maker\CLEO\Animals\Anim19\A19_2.dff" with handler "gta3.std.stream"
Found file [0x000002044327CB31] "Myths Maker\CLEO\Animals\Anim19\A19_2.txd" with handler "gta3.std.stream"
Found file [0x00000104B6F16B7E] "Myths Maker\CLEO\Animals\Anim19\Anim19.dff" with handler "gta3.std.stream"
No handler or callme for file "Myths Maker\CLEO\Animals\Anim19\Anim19.ini"
Found file [0x00000204C4CA71D6] "Myths Maker\CLEO\Animals\Anim19\Anim19.txd" with handler "gta3.std.stream"
Found file [0x000000014D71ACA1] "Myths Maker\CLEO\Animals\Anim19\animgrp.dat" with handler "gta3.std.data"
No handler or callme for file "Myths Maker\CLEO\Animals\Anim19\damage.mp3"
Found file [0x00000604A3A155F2] "Myths Maker\CLEO\Animals\Anim19\rabit.ifp" with handler "gta3.std.stream"
No handler or callme for file "Myths Maker\CLEO\Animals\Anim19\random.mp3"
No handler or callme for file "Myths Maker\CLEO\Animals\Anim19\random_0.MP3"
No handler or callme for file "Myths Maker\CLEO\Animals\Anim19\random_1.MP3"
No handler or callme for file "Myths Maker\CLEO\Animals\Anim19\random_2.mp3"
No handler or callme for file "Myths Maker\CLEO\Animals\Anim19\random_3.mp3"
No handler or callme for file "Myths Maker\CLEO\Animals\Anim19\random_4.mp3"
No handler or callme for file "Myths Maker\CLEO\Animals\Anim19\random_5.mp3"
No handler or callme for file "Myths Maker\CLEO\Animals\Anim19\random_6.MP3"
No handler or callme for file "Myths Maker\CLEO\Animals\Anim19\random_7.MP3"
No handler or callme for file "Myths Maker\CLEO\Animals\Anim19\random_8.MP3"
No handler or callme for file "Myths Maker\CLEO\Animals\Anim19\random_9.mp3"
Found file [0x000001046B1271D6] "Myths Maker\CLEO\Animals\Anim2\A2_1.dff" with handler "gta3.std.stream"
Found file [0x0000020468EB5F7E] "Myths Maker\CLEO\Animals\Anim2\A2_1.txd" with handler "gta3.std.stream"
Found file [0x000001047A1636BD] "Myths Maker\CLEO\Animals\Anim2\A2_2.dff" with handler "gta3.std.stream"
Found file [0x00000204683EBC91] "Myths Maker\CLEO\Animals\Anim2\A2_2.txd" with handler "gta3.std.stream"
Found file [0x0000010472F730D6] "Myths Maker\CLEO\Animals\Anim2\Anim2.dff" with handler "gta3.std.stream"
No handler or callme for file "Myths Maker\CLEO\Animals\Anim2\Anim2.ini"
Found file [0x0000020470D01E7E] "Myths Maker\CLEO\Animals\Anim2\Anim2.txd" with handler "gta3.std.stream"
Found file [0x00000001B4386D39] "Myths Maker\CLEO\Animals\Anim2\animgrp.dat" with handler "gta3.std.data"
Found file [0x00000604D3BF3CBC] "Myths Maker\CLEO\Animals\Anim2\Boar.ifp" with handler "gta3.std.stream"
No handler or callme for file "Myths Maker\CLEO\Animals\Anim2\damage.mp3"
No handler or callme for file "Myths Maker\CLEO\Animals\Anim2\interaction_0.MP3"
No handler or callme for file "Myths Maker\CLEO\Animals\Anim2\interaction_1.MP3"
No handler or callme for file "Myths Maker\CLEO\Animals\Anim2\Nova pasta\random.mp3"
No handler or callme for file "Myths Maker\CLEO\Animals\Anim2\Nova pasta\random_0.MP3"
No handler or callme for file "Myths Maker\CLEO\Animals\Anim2\Nova pasta\random_1.MP3"
No handler or callme for file "Myths Maker\CLEO\Animals\Anim2\Nova pasta\random_2.MP3"
No handler or callme for file "Myths Maker\CLEO\Animals\Anim2\Nova pasta\random_3.MP3"
No handler or callme for file "Myths Maker\CLEO\Animals\Anim2\Nova pasta\random_4.MP3"
No handler or callme for file "Myths Maker\CLEO\Animals\Anim2\Nova pasta\random_5.MP3"
No handler or callme for file "Myths Maker\CLEO\Animals\Anim2\Nova pasta\random_6.MP3"
No handler or callme for file "Myths Maker\CLEO\Animals\Anim2\Nova pasta\random_7.MP3"
No handler or callme for file "Myths Maker\CLEO\Animals\Anim2\Nova pasta\random_8.MP3"
No handler or callme for file "Myths Maker\CLEO\Animals\Anim2\Nova pasta\random_9.MP3"
No handler or callme for file "Myths Maker\CLEO\Animals\Anim2\random.mp3"
No handler or callme for file "Myths Maker\CLEO\Animals\Anim2\random_0.MP3"
No handler or callme for file "Myths Maker\CLEO\Animals\Anim2\random_1.MP3"
No handler or callme for file "Myths Maker\CLEO\Animals\Anim2\random_3.MP3"
No handler or callme for file "Myths Maker\CLEO\Animals\Anim2\random_4.MP3"
No handler or callme for file "Myths Maker\CLEO\Animals\Anim2\random_5.MP3"
No handler or callme for file "Myths Maker\CLEO\Animals\Anim2\random_7.MP3"
No handler or callme for file "Myths Maker\CLEO\Animals\Anim2\random_8.MP3"
No handler or callme for file "Myths Maker\CLEO\Animals\Anim2\random_9.MP3"
Found file [0x00000104978380B6] "Myths Maker\CLEO\Animals\Anim20\A20_1.dff" with handler "gta3.std.stream"
Found file [0x00000204955ADB5E] "Myths Maker\CLEO\Animals\Anim20\A20_1.txd" with handler "gta3.std.stream"
Found file [0x00000104A687459D] "Myths Maker\CLEO\Animals\Anim20\A20_2.dff" with handler "gta3.std.stream"
Found file [0x0000020494AE3971] "Myths Maker\CLEO\Animals\Anim20\A20_2.txd" with handler "gta3.std.stream"
Found file [0x000001046E804954] "Myths Maker\CLEO\Animals\Anim20\A20_3.dff" with handler "gta3.std.stream"
Found file [0x0000020480A7749C] "Myths Maker\CLEO\Animals\Anim20\A20_3.txd" with handler "gta3.std.stream"
Found file [0x000001043303D83E] "Myths Maker\CLEO\Animals\Anim20\Anim20.dff" with handler "gta3.std.stream"
No handler or callme for file "Myths Maker\CLEO\Animals\Anim20\Anim20.ini"
Found file [0x0000020440DB4B96] "Myths Maker\CLEO\Animals\Anim20\Anim20.txd" with handler "gta3.std.stream"
Found file [0x000000013B6DFA61] "Myths Maker\CLEO\Animals\Anim20\animgrp.dat" with handler "gta3.std.data"
No handler or callme for file "Myths Maker\CLEO\Animals\Anim20\damage.MP3"
Found file [0x0000060405815D37] "Myths Maker\CLEO\Animals\Anim20\deer1.ifp" with handler "gta3.std.stream"
No handler or callme for file "Myths Maker\CLEO\Animals\Anim20\random.MP3"
No handler or callme for file "Myths Maker\CLEO\Animals\Anim20\random_0.mp3"
No handler or callme for file "Myths Maker\CLEO\Animals\Anim20\random_1.MP3"
No handler or callme for file "Myths Maker\CLEO\Animals\Anim20\random_2.MP3"
No handler or callme for file "Myths Maker\CLEO\Animals\Anim20\random_3.MP3"
No handler or callme for file "Myths Maker\CLEO\Animals\Anim20\random_4.MP3"
No handler or callme for file "Myths Maker\CLEO\Animals\Anim20\random_5.MP3"
No handler or callme for file "Myths Maker\CLEO\Animals\Anim20\random_6.MP3"
No handler or callme for file "Myths Maker\CLEO\Animals\Anim20\random_7.MP3"
No handler or callme for file "Myths Maker\CLEO\Animals\Anim20\random_8.MP3"
No handler or callme for file "Myths Maker\CLEO\Animals\Anim20\random_9.MP3"
No handler or callme for file "Myths Maker\CLEO\Animals\Anim20\spawn.MP3"
Found file [0x00000104813A4477] "Myths Maker\CLEO\Animals\Anim3\A3_1.dff" with handler "gta3.std.stream"
Found file [0x000002048B11B13B] "Myths Maker\CLEO\Animals\Anim3\A3_1.txd" with handler "gta3.std.stream"
Found file [0x000001042B2BBF3C] "Myths Maker\CLEO\Animals\Anim3\A3_2.dff" with handler "gta3.std.stream"
Found file [0x000002040D529FF4] "Myths Maker\CLEO\Animals\Anim3\A3_2.txd" with handler "gta3.std.stream"
Found file [0x0000010425ACC005] "Myths Maker\CLEO\Animals\Anim3\A3_3.dff" with handler "gta3.std.stream"
Found file [0x0000020423D3CCC9] "Myths Maker\CLEO\Animals\Anim3\A3_3.txd" with handler "gta3.std.stream"
Found file [0x00000104B36E49CF] "Myths Maker\CLEO\Animals\Anim3\Anim3.dff" with handler "gta3.std.stream"
No handler or callme for file "Myths Maker\CLEO\Animals\Anim3\Anim3.ini"
Found file [0x00000204AD4730A3] "Myths Maker\CLEO\Animals\Anim3\Anim3.txd" with handler "gta3.std.stream"
Found file [0x000000018E94C07C] "Myths Maker\CLEO\Animals\Anim3\animgrp.dat" with handler "gta3.std.data"
Found file [0x0000060424E278BE] "Myths Maker\CLEO\Animals\Anim3\cat.ifp" with handler "gta3.std.stream"
No handler or callme for file "Myths Maker\CLEO\Animals\Anim3\damage.MP3"
No handler or callme for file "Myths Maker\CLEO\Animals\Anim3\interaction_0.mp3"
No handler or callme for file "Myths Maker\CLEO\Animals\Anim3\random.MP3"
No handler or callme for file "Myths Maker\CLEO\Animals\Anim3\random_0.MP3"
No handler or callme for file "Myths Maker\CLEO\Animals\Anim3\random_1.MP3"
No handler or callme for file "Myths Maker\CLEO\Animals\Anim3\random_2.MP3"
No handler or callme for file "Myths Maker\CLEO\Animals\Anim3\random_3.MP3"
No handler or callme for file "Myths Maker\CLEO\Animals\Anim3\random_4.MP3"
No handler or callme for file "Myths Maker\CLEO\Animals\Anim3\random_5.MP3"
No handler or callme for file "Myths Maker\CLEO\Animals\Anim3\random_6.MP3"
No handler or callme for file "Myths Maker\CLEO\Animals\Anim3\random_7.MP3"
No handler or callme for file "Myths Maker\CLEO\Animals\Anim3\random_8.MP3"
No handler or callme for file "Myths Maker\CLEO\Animals\Anim3\random_9.MP3"
No handler or callme for file "Myths Maker\CLEO\Animals\Anim3\spawn.MP3"
Found file [0x00000104D521908C] "Myths Maker\CLEO\Animals\Anim4\A4_1.dff" with handler "gta3.std.stream"
Found file [0x00000204D6FA84C4] "Myths Maker\CLEO\Animals\Anim4\A4_1.txd" with handler "gta3.std.stream"
Found file [0x00000104A57BE707] "Myths Maker\CLEO\Animals\Anim4\A4_2.dff" with handler "gta3.std.stream"
Found file [0x000002048FA4674B] "Myths Maker\CLEO\Animals\Anim4\A4_2.txd" with handler "gta3.std.stream"
Found file [0x00000104D5E59D8E] "Myths Maker\CLEO\Animals\Anim4\A4_3.dff" with handler "gta3.std.stream"
Found file [0x00000204C40C9166] "Myths Maker\CLEO\Animals\Anim4\A4_3.txd" with handler "gta3.std.stream"
Found file [0x000001043153F7C0] "Myths Maker\CLEO\Animals\Anim4\Anim4.dff" with handler "gta3.std.stream"
No handler or callme for file "Myths Maker\CLEO\Animals\Anim4\Anim4.ini"
Found file [0x000002044B7CC360] "Myths Maker\CLEO\Animals\Anim4\Anim4.txd" with handler "gta3.std.stream"
No handler or callme for file "Myths Maker\CLEO\Animals\Anim4\damage.MP3"
No handler or callme for file "Myths Maker\CLEO\Animals\Anim4\random.mp3"
No handler or callme for file "Myths Maker\CLEO\Animals\Anim4\random_0.MP3"
No handler or callme for file "Myths Maker\CLEO\Animals\Anim4\random_1.MP3"
No handler or callme for file "Myths Maker\CLEO\Animals\Anim4\random_2.MP3"
No handler or callme for file "Myths Maker\CLEO\Animals\Anim4\random_3.MP3"
No handler or callme for file "Myths Maker\CLEO\Animals\Anim4\random_4.MP3"
No handler or callme for file "Myths Maker\CLEO\Animals\Anim4\random_5.MP3"
No handler or callme for file "Myths Maker\CLEO\Animals\Anim4\random_6.MP3"
No handler or callme for file "Myths Maker\CLEO\Animals\Anim4\random_7.MP3"
No handler or callme for file "Myths Maker\CLEO\Animals\Anim4\random_8.MP3"
No handler or callme for file "Myths Maker\CLEO\Animals\Anim4\random_9.MP3"
Found file [0x0000010451DA1C9D] "Myths Maker\CLEO\Animals\Anim5\A5_1.dff" with handler "gta3.std.stream"
Found file [0x0000020440011071] "Myths Maker\CLEO\Animals\Anim5\A5_1.txd" with handler "gta3.std.stream"
Found file [0x0000010442D657B6] "Myths Maker\CLEO\Animals\Anim5\A5_2.dff" with handler "gta3.std.stream"
Found file [0x0000020440ADB25E] "Myths Maker\CLEO\Animals\Anim5\A5_2.txd" with handler "gta3.std.stream"
Found file [0x00000104126CA12F] "Myths Maker\CLEO\Animals\Anim5\A5_3.dff" with handler "gta3.std.stream"
Found file [0x000002040C458803] "Myths Maker\CLEO\Animals\Anim5\A5_3.txd" with handler "gta3.std.stream"
Found file [0x000001049053E220] "Myths Maker\CLEO\Animals\Anim5\A5_4.dff" with handler "gta3.std.stream"
Found file [0x00000204AA7B1AC0] "Myths Maker\CLEO\Animals\Anim5\A5_4.txd" with handler "gta3.std.stream"
Found file [0x0000010420C36469] "Myths Maker\CLEO\Animals\Anim5\Anim5.dff" with handler "gta3.std.stream"
Found file [0x00000604FEDF0576] "Myths Maker\CLEO\Animals\Anim5\Anim5.ifp" with handler "gta3.std.stream"
No handler or callme for file "Myths Maker\CLEO\Animals\Anim5\Anim5.ini"
Found file [0x0000020416EBF6A5] "Myths Maker\CLEO\Animals\Anim5\Anim5.txd" with handler "gta3.std.stream"
Found file [0x0000000154685E52] "Myths Maker\CLEO\Animals\Anim5\animgrp.dat" with handler "gta3.std.data"
No handler or callme for file "Myths Maker\CLEO\Animals\Anim5\anim_0.mp3"
Found file [0x00000604D3BF3CBC] "Myths Maker\CLEO\Animals\Anim5\Boar.ifp" with handler "gta3.std.stream"
No handler or callme for file "Myths Maker\CLEO\Animals\Anim5\damage.mp3"
No handler or callme for file "Myths Maker\CLEO\Animals\Anim5\interaction_0.MP3"
No handler or callme for file "Myths Maker\CLEO\Animals\Anim5\interaction_1.MP3"
No handler or callme for file "Myths Maker\CLEO\Animals\Anim5\random.MP3"
No handler or callme for file "Myths Maker\CLEO\Animals\Anim5\random_0.mp3"
No handler or callme for file "Myths Maker\CLEO\Animals\Anim5\random_1.MP3"
No handler or callme for file "Myths Maker\CLEO\Animals\Anim5\random_2.mp3"
No handler or callme for file "Myths Maker\CLEO\Animals\Anim5\random_3.mp3"
No handler or callme for file "Myths Maker\CLEO\Animals\Anim5\random_4.MP3"
No handler or callme for file "Myths Maker\CLEO\Animals\Anim5\random_5.MP3"
No handler or callme for file "Myths Maker\CLEO\Animals\Anim5\random_6.MP3"
No handler or callme for file "Myths Maker\CLEO\Animals\Anim5\random_7.MP3"
No handler or callme for file "Myths Maker\CLEO\Animals\Anim5\random_8.mp3"
No handler or callme for file "Myths Maker\CLEO\Animals\Anim5\random_9.MP3"
Found file [0x00000104CF5C4972] "Myths Maker\CLEO\Animals\Anim6\Anim6.dff" with handler "gta3.std.stream"
No handler or callme for file "Myths Maker\CLEO\Animals\Anim6\Anim6.ini"
Found file [0x00000204B53510D2] "Myths Maker\CLEO\Animals\Anim6\Anim6.txd" with handler "gta3.std.stream"
Found file [0x000000021CF54D6F] "Myths Maker\CLEO\Animals\Anim7\Anim7.cs" with handler "gta3.std.asi"
Found file [0x00000104F226895B] "Myths Maker\CLEO\Animals\Anim7\Anim7.dff" with handler "gta3.std.stream"
No handler or callme for file "Myths Maker\CLEO\Animals\Anim7\Anim7.ini"
Found file [0x00000204F3FDE997] "Myths Maker\CLEO\Animals\Anim7\Anim7.txd" with handler "gta3.std.stream"
No handler or callme for file "Myths Maker\CLEO\Animals\Anim7\cavalo0.mp3"
No handler or callme for file "Myths Maker\CLEO\Animals\Anim7\cavalo1.mp3"
No handler or callme for file "Myths Maker\CLEO\Animals\Anim7\cavalo2.mp3"
No handler or callme for file "Myths Maker\CLEO\Animals\Anim7\cavalo3.mp3"
No handler or callme for file "Myths Maker\CLEO\Animals\Anim7\cavalo4.mp3"
Found file [0x0000060484D5EDEA] "Myths Maker\CLEO\Animals\Anim7\horse_animation.ifp" with handler "gta3.std.stream"
Found file [0x000001045A711D0C] "Myths Maker\CLEO\Animals\Anim8\Anim8.dff" with handler "gta3.std.stream"
No handler or callme for file "Myths Maker\CLEO\Animals\Anim8\Anim8.ini"
Found file [0x000002045C4A1144] "Myths Maker\CLEO\Animals\Anim8\Anim8.txd" with handler "gta3.std.stream"
No handler or callme for file "Myths Maker\CLEO\Animals\Anim8\damage.MP3"
No handler or callme for file "Myths Maker\CLEO\Animals\Anim8\random.mp3"
No handler or callme for file "Myths Maker\CLEO\Animals\Anim8\random_0.MP3"
No handler or callme for file "Myths Maker\CLEO\Animals\Anim8\random_1.MP3"
No handler or callme for file "Myths Maker\CLEO\Animals\Anim8\random_2.MP3"
No handler or callme for file "Myths Maker\CLEO\Animals\Anim8\random_3.MP3"
No handler or callme for file "Myths Maker\CLEO\Animals\Anim8\random_4.MP3"
No handler or callme for file "Myths Maker\CLEO\Animals\Anim8\random_5.MP3"
No handler or callme for file "Myths Maker\CLEO\Animals\Anim8\random_6.MP3"
No handler or callme for file "Myths Maker\CLEO\Animals\Anim8\random_7.MP3"
Found file [0x000001048D628655] "Myths Maker\CLEO\Animals\Anim9\Anim9.dff" with handler "gta3.std.stream"
No handler or callme for file "Myths Maker\CLEO\Animals\Anim9\Anim9.ini"
Found file [0x00000204AB3A1299] "Myths Maker\CLEO\Animals\Anim9\Anim9.txd" with handler "gta3.std.stream"
Found file [0x00000001A1000767] "Myths Maker\CLEO\CLEO_TEXT\myths_maker.fxt" with handler "gta3.std.text"
Found file [0xFFFFFFFFFFFFFFFF] "Myths Maker\Digite MYTHS para abrir o menu de configuração.txt" with handler "<none>"
No handler or callme for file "Myths Maker\Local.jpg"
Found file [0xFFFFFFFFFFFFFFFF] "Name Weapon Spawner\aperta o +  i.txt" with handler "<none>"
Found file [0x00000002750590C5] "Name Weapon Spawner\cleo\Added Weapon Spawner.cs" with handler "gta3.std.asi"
No handler or callme for file "Name Weapon Spawner\cleo\Added Weapon Spawner.ini"
Found file [0xFFFFFFFFFFFFFFFF] "Name Weapon Spawner\tutorial.txt" with handler "<none>"
Found file [0xFFFFFFFFFFFFFFFF] "Passenger\aperta g.txt" with handler "<none>"
Found file [0x00000002754A2095] "Passenger\cleo\Passenger.cs" with handler "gta3.std.asi"
Found file [0xFFFFFFFFFFFFFFFF] "Passenger\cleo\Passenger.txt" with handler "<none>"
Found file [0xFFFFFFFFFFFFFFFF] "Passenger\Passenger ReadMe.txt" with handler "<none>"
Found file [0xFFFFFFFFFFFFFFFF] "PedRain\aperta ALT + 1.txt" with handler "<none>"
Found file [0x00000002FB06C5B6] "PedRain\cleo\Spawn de Pedestres By iGreeN.DLL ALT+1.cs" with handler "gta3.std.asi"
Found file [0xFFFFFFFFFFFFFFFF] "PedRain\cleo\Spawn de Pedestres By iGreeN.DLL ALT+1.txt" with handler "<none>"
Found file [0x000000023E108F54] "PedRain\cleo\Spawn de Pedestres By iGreeN.DLL ALT+1[0].cs" with handler "gta3.std.asi"
Found file [0xFFFFFFFFFFFFFFFF] "PedRain\cleo\Spawn de Pedestres By iGreeN.DLL ALT+1[0].txt" with handler "<none>"
Found file [0x00000002DFEE0B45] "Portal Gun\cleo\portal.cs" with handler "gta3.std.asi"
Found file [0xFFFFFFFFFFFFFFFF] "Portal Gun\digite PORTAL.txt" with handler "<none>"
No handler or callme for file "RZL-Trainer\change.log"
Found file [0x0000000283879E21] "RZL-Trainer\cleo\RZL-Trainer.cs" with handler "gta3.std.asi"
Found file [0xFFFFFFFFFFFFFFFF] "RZL-Trainer\how to use.txt" with handler "<none>"
Found file [0x000000026EF31CA4] "Selfie Mod\CLEO\ScreenShot_ByKrash.cs" with handler "gta3.std.asi"
No handler or callme for file "Selfie Mod\CLEO\Script_By_Krash\SelfPhoto_ByKrash.dll"
Found file [0x000000024CC47B39] "Selfie Mod\CLEO\SelfPhoto_ByKrash_v2.cs" with handler "gta3.std.asi"
Found file [0xFFFFFFFFFFFFFFFF] "Selfie Mod\comandos.txt" with handler "<none>"
Found file [0x00000002BCDAB123] "Selfie Mod\Fix\SelfPhoto Fix (Junior_Djjr).cs" with handler "gta3.std.asi"
Found file [0x000000021204EAA3] "Shoot Stuff\CLEO\Shoot Stuff (Junior_Djjr).cs" with handler "gta3.std.asi"
No handler or callme for file "Shoot Stuff\CLEO\Shoot Stuff.ini"
Found file [0xFFFFFFFFFFFFFFFF] "Shoot Stuff\digite SHOOTSTUFF tecla M muda pra ped.txt" with handler "<none>"
Found file [0xFFFFFFFFFFFFFFFF] "Skin Selector (n)\aperta Tab + E + bolinha do mouse.txt" with handler "<none>"
Found file [0x00000002AF078E73] "Skin Selector (n)\CLEO\skin_n.cs" with handler "gta3.std.asi"
Found file [0xFFFFFFFFFFFFFFFF] "Skin Selector (n)\CLEO\skin_n.txt" with handler "<none>"
Found file [0x00000001ECA6E96D] "Smooth Camera\CLEO\SmoothCameraWork.fxt" with handler "gta3.std.text"
Found file [0x00000002D7AC9C6E] "Smooth Camera\CLEO\SmoothCameraWork_Ver05.cs" with handler "gta3.std.asi"
Found file [0xFFFFFFFFFFFFFFFF] "Smooth Camera\CLEO\SmoothCameraWork_Ver05.txt" with handler "<none>"
Found file [0xFFFFFFFFFFFFFFFF] "Smooth Camera\SMCM e controles.txt" with handler "<none>"
Found file [0x000000027A21FCF9] "Spawn CJ\cleo\Spawnar um CJ (Junior_Djjr).cs" with handler "gta3.std.asi"
Found file [0xFFFFFFFFFFFFFFFF] "Spawn CJ\digite SPAWNCJ.txt" with handler "<none>"
Found file [0xFFFFFFFFFFFFFFFF] "Spikes Mod\aperta K em carro de policia.txt" with handler "<none>"
No handler or callme for file "Spikes Mod\cleo\cleo_audio\spikes\spark1.mp3"
No handler or callme for file "Spikes Mod\cleo\cleo_audio\spikes\spark2.mp3"
Found file [0x000000028EC54B9B] "Spikes Mod\cleo\create_spikes.cs" with handler "gta3.std.asi"
No handler or callme for file "Spikes Mod\cleo\spikes.ini"
Found file [0x000000021B42E3B4] "Spikes Mod\cleo\spikes_effect.cs" with handler "gta3.std.asi"
Found file [0xFFFFFFFFFFFFFFFF] "Spikes Mod\digita SPIKES para usar em qualquer carro.txt" with handler "<none>"
Found file [0xFFFFFFFFFFFFFFFF] "Spikes Mod\tutorial.txt" with handler "<none>"
Found file [0x00000002334252BF] "vomitar\CLEO\giventake.cs" with handler "gta3.std.asi"
Found file [0x00000002C9E67A46] "vomitar\CLEO\SitSmkDrkGANG.cs" with handler "gta3.std.asi"
Found file [0x0000000241A9F4A4] "vomitar\CLEO\SitSmokeDrink.cs" with handler "gta3.std.asi"
Found file [0xFFFFFFFFFFFFFFFF] "vomitar\tutorial.txt" with handler "<none>"
Found file [0xFFFFFFFFFFFFFFFF] "waldrivebyleo\aperta 4 para ir pro teto.txt" with handler "<none>"
Found file [0xFFFFFFFFFFFFFFFF] "waldrivebyleo\aperta W + 1 no carro.txt" with handler "<none>"
Found file [0x0000000279957A92] "waldrivebyleo\cleo\waldrivebyleo.cs" with handler "gta3.std.asi"
Found file [0x000000016FF5EE21] "Walkstyle\CLEO\CLEO_TEXT\walkstyle.fxt" with handler "gta3.std.text"
Found file [0x00000002ED01D943] "Walkstyle\CLEO\walkstyle.cs" with handler "gta3.std.asi"
Found file [0xFFFFFFFFFFFFFFFF] "Walkstyle\digite WALKSTYLE.txt" with handler "<none>"

Ignoring mod at "modloader\prioridade 20\"

Ignoring mod at "modloader\prioridade 30\"

Scanning files at "modloader\prioridade 40\"...
Found file [0x0000000C855DA7D6] "Animal Statues Remastered\ASRemastered.ide" with handler "gta3.std.data"
Found file [0x00000604605BF096] "Animal Statues Remastered\ASRemastered.ifp" with handler "gta3.std.stream"
Found file [0x00000204F894A5A9] "Animal Statues Remastered\desn2_peckers.txd" with handler "gta3.std.stream"
Found file [0x00000104FAA3F1F5] "Animal Statues Remastered\desn2_stripsigs1.DFF" with handler "gta3.std.stream"
Found file [0x00000104916555C1] "Animal Statues Remastered\des_bigbull.dff" with handler "gta3.std.stream"
Found file [0x000001049C79A85C] "Animal Statues Remastered\des_cockbody.dff" with handler "gta3.std.stream"
Found file [0x000002046E64FFCA] "Animal Statues Remastered\des_steakhouse.txd" with handler "gta3.std.stream"
Found file [0x000002044C5368E9] "Animal Statues Remastered\des_stownmots1.txd" with handler "gta3.std.stream"
Found file [0xFFFFFFFFFFFFFFFF] "Animal Statues Remastered\loader.txt" with handler "<none>"
Found file [0x0000000347DACB13] "Carros originais ImVehFt\data\carcols.dat" with handler "gta3.std.data"
Found file [0x000000044A52E4AD] "Carros originais ImVehFt\data\carmods.dat" with handler "gta3.std.data"
Found file [0x0000000BDACAD690] "Carros originais ImVehFt\data\handling.cfg" with handler "gta3.std.data"
Found file [0x0000000C7079CFEA] "Carros originais ImVehFt\data\vehicles.ide" with handler "gta3.std.data"
Found file [0x00000000E69BA2E1] "Carros originais ImVehFt\models\generic\vehicle.txd" with handler "gta3.std.fx"
Found file [0x00000104D5904CBF] "Carros originais ImVehFt\models\gta3img\Dffs\admiral.dff" with handler "gta3.std.stream"
Found file [0x000001045D90E421] "Carros originais ImVehFt\models\gta3img\Dffs\alpha.dff" with handler "gta3.std.stream"
Found file [0x00000104D4133AFB] "Carros originais ImVehFt\models\gta3img\Dffs\ambulan.DFF" with handler "gta3.std.stream"
Found file [0x00000104FBBF5803] "Carros originais ImVehFt\models\gta3img\Dffs\artict1.dff" with handler "gta3.std.stream"
Found file [0x000001047D6927E8] "Carros originais ImVehFt\models\gta3img\Dffs\artict2.DFF" with handler "gta3.std.stream"
Found file [0x00000104C7D32EF1] "Carros originais ImVehFt\models\gta3img\Dffs\artict3.DFF" with handler "gta3.std.stream"
Found file [0x000001044275EC3B] "Carros originais ImVehFt\models\gta3img\Dffs\bagboxa.dff" with handler "gta3.std.stream"
Found file [0x00000104841F56A0] "Carros originais ImVehFt\models\gta3img\Dffs\bagboxb.dff" with handler "gta3.std.stream"
Found file [0x00000104A42F32BB] "Carros originais ImVehFt\models\gta3img\Dffs\baggage.dff" with handler "gta3.std.stream"
Found file [0x00000104611B1480] "Carros originais ImVehFt\models\gta3img\Dffs\bandito.dff" with handler "gta3.std.stream"
Found file [0x000001041B1D6C69] "Carros originais ImVehFt\models\gta3img\Dffs\banshee.DFF" with handler "gta3.std.stream"
Found file [0x000001045C47422A] "Carros originais ImVehFt\models\gta3img\Dffs\barracks.dff" with handler "gta3.std.stream"
Found file [0x0000010454824AF6] "Carros originais ImVehFt\models\gta3img\Dffs\benson.DFF" with handler "gta3.std.stream"
Found file [0x00000104C55C1A55] "Carros originais ImVehFt\models\gta3img\Dffs\bf400.dff" with handler "gta3.std.stream"
Found file [0x000001044D08E680] "Carros originais ImVehFt\models\gta3img\Dffs\bfinject.dff" with handler "gta3.std.stream"
Found file [0x00000104743357B3] "Carros originais ImVehFt\models\gta3img\Dffs\blade.DFF" with handler "gta3.std.stream"
Found file [0x00000104FAAECDE3] "Carros originais ImVehFt\models\gta3img\Dffs\blistac.DFF" with handler "gta3.std.stream"
Found file [0x00000104E78AE10A] "Carros originais ImVehFt\models\gta3img\Dffs\bloodra.dff" with handler "gta3.std.stream"
Found file [0x0000010417059A21] "Carros originais ImVehFt\models\gta3img\Dffs\bloodrb.dff" with handler "gta3.std.stream"
Found file [0x0000010480594FB4] "Carros originais ImVehFt\models\gta3img\Dffs\bobcat.DFF" with handler "gta3.std.stream"
Found file [0x00000104EFB7B324] "Carros originais ImVehFt\models\gta3img\Dffs\boxburg.dff" with handler "gta3.std.stream"
Found file [0x00000104EA622576] "Carros originais ImVehFt\models\gta3img\Dffs\boxville.DFF" with handler "gta3.std.stream"
Found file [0x00000104AD997F40] "Carros originais ImVehFt\models\gta3img\Dffs\bravura.dff" with handler "gta3.std.stream"
Found file [0x00000104FB3E602E] "Carros originais ImVehFt\models\gta3img\Dffs\broadway.DFF" with handler "gta3.std.stream"
Found file [0x00000104FC050A9D] "Carros originais ImVehFt\models\gta3img\Dffs\buccanee.DFF" with handler "gta3.std.stream"
Found file [0x000001045B5141C2] "Carros originais ImVehFt\models\gta3img\Dffs\buffalo.DFF" with handler "gta3.std.stream"
Found file [0x000001046A3418F7] "Carros originais ImVehFt\models\gta3img\Dffs\bullet.DFF" with handler "gta3.std.stream"
Found file [0x0000010493D3F35A] "Carros originais ImVehFt\models\gta3img\Dffs\burrito.DFF" with handler "gta3.std.stream"
Found file [0x00000104772BF57F] "Carros originais ImVehFt\models\gta3img\Dffs\bus.DFF" with handler "gta3.std.stream"
Found file [0x000001047FB7D83D] "Carros originais ImVehFt\models\gta3img\Dffs\cabbie.dff" with handler "gta3.std.stream"
Found file [0x00000104B2E2C294] "Carros originais ImVehFt\models\gta3img\Dffs\caddy.dff" with handler "gta3.std.stream"
Found file [0x000001049E8CB67F] "Carros originais ImVehFt\models\gta3img\Dffs\cadrona.DFF" with handler "gta3.std.stream"
Found file [0x00000104C24B56BD] "Carros originais ImVehFt\models\gta3img\Dffs\camper.DFF" with handler "gta3.std.stream"
Found file [0x000001043BF34CA7] "Carros originais ImVehFt\models\gta3img\Dffs\cement.dff" with handler "gta3.std.stream"
Found file [0x000001041A0C470B] "Carros originais ImVehFt\models\gta3img\Dffs\cheetah.dff" with handler "gta3.std.stream"
Found file [0x0000010434802034] "Carros originais ImVehFt\models\gta3img\Dffs\clover.DFF" with handler "gta3.std.stream"
Found file [0x00000104E7D44E5F] "Carros originais ImVehFt\models\gta3img\Dffs\club.DFF" with handler "gta3.std.stream"
Found file [0x00000104E012261B] "Carros originais ImVehFt\models\gta3img\Dffs\coach.DFF" with handler "gta3.std.stream"
Found file [0x00000104E69CBB2A] "Carros originais ImVehFt\models\gta3img\Dffs\combine.dff" with handler "gta3.std.stream"
Found file [0x000001040847116D] "Carros originais ImVehFt\models\gta3img\Dffs\comet.DFF" with handler "gta3.std.stream"
Found file [0x00000104D4625858] "Carros originais ImVehFt\models\gta3img\Dffs\copbike.DFF" with handler "gta3.std.stream"
Found file [0x00000104C376F6FE] "Carros originais ImVehFt\models\gta3img\Dffs\copcarla.DFF" with handler "gta3.std.stream"
Found file [0x0000010499603564] "Carros originais ImVehFt\models\gta3img\Dffs\copcarru.DFF" with handler "gta3.std.stream"
Found file [0x0000010446019BE4] "Carros originais ImVehFt\models\gta3img\Dffs\copcarsf.DFF" with handler "gta3.std.stream"
Found file [0x0000010471D77E4A] "Carros originais ImVehFt\models\gta3img\Dffs\copcarvg.DFF" with handler "gta3.std.stream"
Found file [0x0000010425B2CD62] "Carros originais ImVehFt\models\gta3img\Dffs\dft30.DFF" with handler "gta3.std.stream"
Found file [0x0000010488301347] "Carros originais ImVehFt\models\gta3img\Dffs\dozer.dff" with handler "gta3.std.stream"
Found file [0x00000104A89686D4] "Carros originais ImVehFt\models\gta3img\Dffs\dumper.dff" with handler "gta3.std.stream"
Found file [0x0000010499F04FDB] "Carros originais ImVehFt\models\gta3img\Dffs\duneride.dff" with handler "gta3.std.stream"
Found file [0x00000104772D4A43] "Carros originais ImVehFt\models\gta3img\Dffs\elegant.DFF" with handler "gta3.std.stream"
Found file [0x00000104F72E1DB9] "Carros originais ImVehFt\models\gta3img\Dffs\elegy.DFF" with handler "gta3.std.stream"
Found file [0x00000104AAB4D37D] "Carros originais ImVehFt\models\gta3img\Dffs\emperor.DFF" with handler "gta3.std.stream"
Found file [0x000001043359968B] "Carros originais ImVehFt\models\gta3img\Dffs\enforcer.dff" with handler "gta3.std.stream"
Found file [0x000001040D280A9F] "Carros originais ImVehFt\models\gta3img\Dffs\esperant.DFF" with handler "gta3.std.stream"
Found file [0x000001049EB0FF0B] "Carros originais ImVehFt\models\gta3img\Dffs\euros.dff" with handler "gta3.std.stream"
Found file [0x00000104B2A48F0A] "Carros originais ImVehFt\models\gta3img\Dffs\faggio.DFF" with handler "gta3.std.stream"
Found file [0x00000104B19A634A] "Carros originais ImVehFt\models\gta3img\Dffs\fbicar.dff" with handler "gta3.std.stream"
Found file [0x00000104804EAF82] "Carros originais ImVehFt\models\gta3img\Dffs\fbiranch.DFF" with handler "gta3.std.stream"
Found file [0x00000104DA4A0409] "Carros originais ImVehFt\models\gta3img\Dffs\fbitruck.dff" with handler "gta3.std.stream"
Found file [0x000001047978A82F] "Carros originais ImVehFt\models\gta3img\Dffs\fbmp_a_f.dff" with handler "gta3.std.stream"
Found file [0x0000010450F27BB5] "Carros originais ImVehFt\models\gta3img\Dffs\fbmp_a_l.dff" with handler "gta3.std.stream"
Found file [0x000001040B138342] "Carros originais ImVehFt\models\gta3img\Dffs\fbmp_a_s.DFF" with handler "gta3.std.stream"
Found file [0x00000104512BEC96] "Carros originais ImVehFt\models\gta3img\Dffs\fbmp_a_st.dff" with handler "gta3.std.stream"
Found file [0x00000104FC3F6704] "Carros originais ImVehFt\models\gta3img\Dffs\fbmp_a_u.dff" with handler "gta3.std.stream"
Found file [0x000001041D680259] "Carros originais ImVehFt\models\gta3img\Dffs\fbmp_c_f.dff" with handler "gta3.std.stream"
Found file [0x00000104C8B2E923] "Carros originais ImVehFt\models\gta3img\Dffs\fbmp_c_l.dff" with handler "gta3.std.stream"
Found file [0x0000010408BE52B4] "Carros originais ImVehFt\models\gta3img\Dffs\fbmp_c_s.DFF" with handler "gta3.std.stream"
Found file [0x00000104CC814CF4] "Carros originais ImVehFt\models\gta3img\Dffs\fbmp_c_st.dff" with handler "gta3.std.stream"
Found file [0x000001048E26A2B2] "Carros originais ImVehFt\models\gta3img\Dffs\fbmp_c_u.dff" with handler "gta3.std.stream"
Found file [0x0000010429C879F0] "Carros originais ImVehFt\models\gta3img\Dffs\fbmp_lr_sv1.dff" with handler "gta3.std.stream"
Found file [0x00000104226A7C4B] "Carros originais ImVehFt\models\gta3img\Dffs\fbmp_lr_sv2.dff" with handler "gta3.std.stream"
Found file [0x000001046145C105] "Carros originais ImVehFt\models\gta3img\Dffs\fcr900.dff" with handler "gta3.std.stream"
Found file [0x000001048ACE269F] "Carros originais ImVehFt\models\gta3img\Dffs\feltzer.DFF" with handler "gta3.std.stream"
Found file [0x000001041A42B026] "Carros originais ImVehFt\models\gta3img\Dffs\firela.dff" with handler "gta3.std.stream"
Found file [0x00000104F10E9A79] "Carros originais ImVehFt\models\gta3img\Dffs\firetruk.dff" with handler "gta3.std.stream"
Found file [0x0000010459F91AEF] "Carros originais ImVehFt\models\gta3img\Dffs\flash.DFF" with handler "gta3.std.stream"
Found file [0x00000104F4048C8F] "Carros originais ImVehFt\models\gta3img\Dffs\flatbed.DFF" with handler "gta3.std.stream"
Found file [0x00000104EA3C0888] "Carros originais ImVehFt\models\gta3img\Dffs\forklift.dff" with handler "gta3.std.stream"
Found file [0x00000104903085FE] "Carros originais ImVehFt\models\gta3img\Dffs\fortune.DFF" with handler "gta3.std.stream"
Found file [0x000001041D8EAF36] "Carros originais ImVehFt\models\gta3img\Dffs\freeway.DFF" with handler "gta3.std.stream"
Found file [0x0000010493D60B8B] "Carros originais ImVehFt\models\gta3img\Dffs\glendale.DFF" with handler "gta3.std.stream"
Found file [0x0000010460D93E19] "Carros originais ImVehFt\models\gta3img\Dffs\glenshit.dff" with handler "gta3.std.stream"
Found file [0x0000010408FD3361] "Carros originais ImVehFt\models\gta3img\Dffs\greenwoo.DFF" with handler "gta3.std.stream"
Found file [0x000001048F751E05] "Carros originais ImVehFt\models\gta3img\Dffs\hermes.DFF" with handler "gta3.std.stream"
Found file [0x00000104D6926946] "Carros originais ImVehFt\models\gta3img\Dffs\hotdog.DFF" with handler "gta3.std.stream"
Found file [0x000001042F509C77] "Carros originais ImVehFt\models\gta3img\Dffs\hotknife.dff" with handler "gta3.std.stream"
Found file [0x00000104FF969048] "Carros originais ImVehFt\models\gta3img\Dffs\hotrina.dff" with handler "gta3.std.stream"
Found file [0x000001047DECC163] "Carros originais ImVehFt\models\gta3img\Dffs\hotrinb.dff" with handler "gta3.std.stream"
Found file [0x00000104D4A338FE] "Carros originais ImVehFt\models\gta3img\Dffs\hotring.dff" with handler "gta3.std.stream"
Found file [0x0000010472B76A4E] "Carros originais ImVehFt\models\gta3img\Dffs\huntley.DFF" with handler "gta3.std.stream"
Found file [0x0000010403679E5C] "Carros originais ImVehFt\models\gta3img\Dffs\hustler.DFF" with handler "gta3.std.stream"
Found file [0x00000104DE9E2A61] "Carros originais ImVehFt\models\gta3img\Dffs\infernus.dff" with handler "gta3.std.stream"
Found file [0x00000104976DC186] "Carros originais ImVehFt\models\gta3img\Dffs\intruder.dff" with handler "gta3.std.stream"
Found file [0x000001043868D1C4] "Carros originais ImVehFt\models\gta3img\Dffs\jester.dff" with handler "gta3.std.stream"
Found file [0x0000010473D95249] "Carros originais ImVehFt\models\gta3img\Dffs\journey.dff" with handler "gta3.std.stream"
Found file [0x00000104A900C061] "Carros originais ImVehFt\models\gta3img\Dffs\kart.dff" with handler "gta3.std.stream"
Found file [0x00000104E440F0C2] "Carros originais ImVehFt\models\gta3img\Dffs\landstal.DFF" with handler "gta3.std.stream"
Found file [0x0000010490AB950B] "Carros originais ImVehFt\models\gta3img\Dffs\lgt_b_rspt.dff" with handler "gta3.std.stream"
Found file [0x000001046FDB5E64] "Carros originais ImVehFt\models\gta3img\Dffs\lgt_b_sspt.dff" with handler "gta3.std.stream"
Found file [0x000001049488E7B4] "Carros originais ImVehFt\models\gta3img\Dffs\linerun.DFF" with handler "gta3.std.stream"
Found file [0x000001044392CD0B] "Carros originais ImVehFt\models\gta3img\Dffs\majestic.DFF" with handler "gta3.std.stream"
Found file [0x000001047F30D831] "Carros originais ImVehFt\models\gta3img\Dffs\manana.DFF" with handler "gta3.std.stream"
Found file [0x000001047FDCFA3E] "Carros originais ImVehFt\models\gta3img\Dffs\merit.dff" with handler "gta3.std.stream"
Found file [0x0000010489D2EE45] "Carros originais ImVehFt\models\gta3img\Dffs\mesa.dff" with handler "gta3.std.stream"
Found file [0x000001040AB31017] "Carros originais ImVehFt\models\gta3img\Dffs\monster.dff" with handler "gta3.std.stream"
Found file [0x00000104B6D163D4] "Carros originais ImVehFt\models\gta3img\Dffs\monstera.dff" with handler "gta3.std.stream"
Found file [0x00000104AF6AE4AF] "Carros originais ImVehFt\models\gta3img\Dffs\monsterb.dff" with handler "gta3.std.stream"
Found file [0x00000104D76E1579] "Carros originais ImVehFt\models\gta3img\Dffs\moonbeam.DFF" with handler "gta3.std.stream"
Found file [0x000001043CD665CB] "Carros originais ImVehFt\models\gta3img\Dffs\mower.dff" with handler "gta3.std.stream"
Found file [0x000001046587A183] "Carros originais ImVehFt\models\gta3img\Dffs\mrwhoop.DFF" with handler "gta3.std.stream"
Found file [0x000001040007EE68] "Carros originais ImVehFt\models\gta3img\Dffs\mule.DFF" with handler "gta3.std.stream"
Found file [0x00000104B69E325A] "Carros originais ImVehFt\models\gta3img\Dffs\nebula.DFF" with handler "gta3.std.stream"
Found file [0x000001043D1C9C61] "Carros originais ImVehFt\models\gta3img\Dffs\newsvan.dff" with handler "gta3.std.stream"
Found file [0x00000104B15ACC8B] "Carros originais ImVehFt\models\gta3img\Dffs\nrg500.dff" with handler "gta3.std.stream"
Found file [0x000001041EAC3A27] "Carros originais ImVehFt\models\gta3img\Dffs\oceanic.dff" with handler "gta3.std.stream"
Found file [0x00000104D7345F15] "Carros originais ImVehFt\models\gta3img\Dffs\packer.DFF" with handler "gta3.std.stream"
Found file [0x000001048DBF3AC0] "Carros originais ImVehFt\models\gta3img\Dffs\patriot.dff" with handler "gta3.std.stream"
Found file [0x0000010403727134] "Carros originais ImVehFt\models\gta3img\Dffs\pcj600.dff" with handler "gta3.std.stream"
Found file [0x0000010470C3E8D5] "Carros originais ImVehFt\models\gta3img\Dffs\peren.DFF" with handler "gta3.std.stream"
Found file [0x00000104988D9EC7] "Carros originais ImVehFt\models\gta3img\Dffs\petro.dff" with handler "gta3.std.stream"
Found file [0x00000104EBD97BE1] "Carros originais ImVehFt\models\gta3img\Dffs\petrotr.dff" with handler "gta3.std.stream"
Found file [0x000001042B38C624] "Carros originais ImVehFt\models\gta3img\Dffs\phoenix.dff" with handler "gta3.std.stream"
Found file [0x00000104DC2E25E5] "Carros originais ImVehFt\models\gta3img\Dffs\picador.DFF" with handler "gta3.std.stream"
Found file [0x0000010492F6409F] "Carros originais ImVehFt\models\gta3img\Dffs\pizzaboy.dff" with handler "gta3.std.stream"
Found file [0x00000104D759E9DB] "Carros originais ImVehFt\models\gta3img\Dffs\pony.DFF" with handler "gta3.std.stream"
Found file [0x0000010403D633BD] "Carros originais ImVehFt\models\gta3img\Dffs\premier.DFF" with handler "gta3.std.stream"
Found file [0x00000104C04D0F0E] "Carros originais ImVehFt\models\gta3img\Dffs\previon.DFF" with handler "gta3.std.stream"
Found file [0x00000104136371BE] "Carros originais ImVehFt\models\gta3img\Dffs\primo.dff" with handler "gta3.std.stream"
Found file [0x0000010496BF3042] "Carros originais ImVehFt\models\gta3img\Dffs\quad.dff" with handler "gta3.std.stream"
Found file [0x000001042DA04466] "Carros originais ImVehFt\models\gta3img\Dffs\rancher.DFF" with handler "gta3.std.stream"
Found file [0x00000104F000C63F] "Carros originais ImVehFt\models\gta3img\Dffs\rbmp_lr_bl1.dff" with handler "gta3.std.stream"
Found file [0x00000104C4ABD524] "Carros originais ImVehFt\models\gta3img\Dffs\rbmp_lr_bl2.dff" with handler "gta3.std.stream"
Found file [0x000001040AC2CEDD] "Carros originais ImVehFt\models\gta3img\Dffs\rdtrain.DFF" with handler "gta3.std.stream"
Found file [0x0000010437F4D4AB] "Carros originais ImVehFt\models\gta3img\Dffs\rdtraint.dff" with handler "gta3.std.stream"
Found file [0x000001049D6DEB7B] "Carros originais ImVehFt\models\gta3img\Dffs\regina.DFF" with handler "gta3.std.stream"
Found file [0x000001040140FE15] "Carros originais ImVehFt\models\gta3img\Dffs\remingtn.DFF" with handler "gta3.std.stream"
Found file [0x000001045A1D31C3] "Carros originais ImVehFt\models\gta3img\Dffs\rhino.dff" with handler "gta3.std.stream"
Found file [0x00000104C33B9264] "Carros originais ImVehFt\models\gta3img\Dffs\rnchlure.dff" with handler "gta3.std.stream"
Found file [0x000001049042ECE1] "Carros originais ImVehFt\models\gta3img\Dffs\romero.dff" with handler "gta3.std.stream"
Found file [0x0000010489D2F32E] "Carros originais ImVehFt\models\gta3img\Dffs\rumpo.DFF" with handler "gta3.std.stream"
Found file [0x00000104D97934E8] "Carros originais ImVehFt\models\gta3img\Dffs\sabre.DFF" with handler "gta3.std.stream"
Found file [0x000001047B3C3046] "Carros originais ImVehFt\models\gta3img\Dffs\sadler.DFF" with handler "gta3.std.stream"
Found file [0x00000104869D4F11] "Carros originais ImVehFt\models\gta3img\Dffs\sadlshit.dff" with handler "gta3.std.stream"
Found file [0x00000104EC4A1827] "Carros originais ImVehFt\models\gta3img\Dffs\sanchez.dff" with handler "gta3.std.stream"
Found file [0x00000104D3A654A0] "Carros originais ImVehFt\models\gta3img\Dffs\sandking.dff" with handler "gta3.std.stream"
Found file [0x00000104081CD461] "Carros originais ImVehFt\models\gta3img\Dffs\savanna.DFF" with handler "gta3.std.stream"
Found file [0x00000104CED55318] "Carros originais ImVehFt\models\gta3img\Dffs\securica.DFF" with handler "gta3.std.stream"
Found file [0x000001040A75E77B] "Carros originais ImVehFt\models\gta3img\Dffs\sentinel.DFF" with handler "gta3.std.stream"
Found file [0x000001042FAABFC3] "Carros originais ImVehFt\models\gta3img\Dffs\slamvan.DFF" with handler "gta3.std.stream"
Found file [0x000001048F6EBA89] "Carros originais ImVehFt\models\gta3img\Dffs\solair.DFF" with handler "gta3.std.stream"
Found file [0x00000104CA14105C] "Carros originais ImVehFt\models\gta3img\Dffs\stafford.DFF" with handler "gta3.std.stream"
Found file [0x00000104ACCBE057] "Carros originais ImVehFt\models\gta3img\Dffs\stallion.DFF" with handler "gta3.std.stream"
Found file [0x00000104A595D365] "Carros originais ImVehFt\models\gta3img\Dffs\stratum.DFF" with handler "gta3.std.stream"
Found file [0x0000010465694F76] "Carros originais ImVehFt\models\gta3img\Dffs\stretch.DFF" with handler "gta3.std.stream"
Found file [0x00000104DCF1ABD2] "Carros originais ImVehFt\models\gta3img\Dffs\sultan.dff" with handler "gta3.std.stream"
Found file [0x0000010482AD7024] "Carros originais ImVehFt\models\gta3img\Dffs\sunrise.DFF" with handler "gta3.std.stream"
Found file [0x00000104F1ECFAB1] "Carros originais ImVehFt\models\gta3img\Dffs\supergt.dff" with handler "gta3.std.stream"
Found file [0x00000104C7061C01] "Carros originais ImVehFt\models\gta3img\Dffs\swatvan.dff" with handler "gta3.std.stream"
Found file [0x000001043AC6D704] "Carros originais ImVehFt\models\gta3img\Dffs\sweeper.dff" with handler "gta3.std.stream"
Found file [0x000001047D656D53] "Carros originais ImVehFt\models\gta3img\Dffs\tahoma.DFF" with handler "gta3.std.stream"
Found file [0x000001041974D916] "Carros originais ImVehFt\models\gta3img\Dffs\tampa.DFF" with handler "gta3.std.stream"
Found file [0x0000010456CB6E7B] "Carros originais ImVehFt\models\gta3img\Dffs\taxi.DFF" with handler "gta3.std.stream"
Found file [0x000001042E9F2BC3] "Carros originais ImVehFt\models\gta3img\Dffs\topfun.DFF" with handler "gta3.std.stream"
Found file [0x00000104AC8751DA] "Carros originais ImVehFt\models\gta3img\Dffs\tornado.DFF" with handler "gta3.std.stream"
Found file [0x00000104BD8E7194] "Carros originais ImVehFt\models\gta3img\Dffs\towtruck.DFF" with handler "gta3.std.stream"
Found file [0x00000104FD1934D0] "Carros originais ImVehFt\models\gta3img\Dffs\tractor.dff" with handler "gta3.std.stream"
Found file [0x00000104503D86A3] "Carros originais ImVehFt\models\gta3img\Dffs\trash.DFF" with handler "gta3.std.stream"
Found file [0x0000010462313371] "Carros originais ImVehFt\models\gta3img\Dffs\tug.dff" with handler "gta3.std.stream"
Found file [0x00000104131DA4E4] "Carros originais ImVehFt\models\gta3img\Dffs\tugstair.dff" with handler "gta3.std.stream"
Found file [0x0000010457B0AF14] "Carros originais ImVehFt\models\gta3img\Dffs\turismo.DFF" with handler "gta3.std.stream"
Found file [0x00000104FAB609FB] "Carros originais ImVehFt\models\gta3img\Dffs\uranus.DFF" with handler "gta3.std.stream"
Found file [0x00000104A3416775] "Carros originais ImVehFt\models\gta3img\Dffs\utility.dff" with handler "gta3.std.stream"
Found file [0x000001044B79BF40] "Carros originais ImVehFt\models\gta3img\Dffs\vincent.DFF" with handler "gta3.std.stream"
Found file [0x0000010412A166BC] "Carros originais ImVehFt\models\gta3img\Dffs\virgo.dff" with handler "gta3.std.stream"
Found file [0x00000104F77AAC5D] "Carros originais ImVehFt\models\gta3img\Dffs\voodoo.dff" with handler "gta3.std.stream"
Found file [0x00000104E4EB1E78] "Carros originais ImVehFt\models\gta3img\Dffs\walton.DFF" with handler "gta3.std.stream"
Found file [0x00000104459C827A] "Carros originais ImVehFt\models\gta3img\Dffs\washing.dff" with handler "gta3.std.stream"
Found file [0x000001047240F172] "Carros originais ImVehFt\models\gta3img\Dffs\wayfarer.DFF" with handler "gta3.std.stream"
Found file [0x000001042306ED6A] "Carros originais ImVehFt\models\gta3img\Dffs\willard.dff" with handler "gta3.std.stream"
Found file [0x00000104A7FDD20B] "Carros originais ImVehFt\models\gta3img\Dffs\windsor.DFF" with handler "gta3.std.stream"
Found file [0x0000010483623FCA] "Carros originais ImVehFt\models\gta3img\Dffs\yankee.dff" with handler "gta3.std.stream"
Found file [0x00000104DE8C9258] "Carros originais ImVehFt\models\gta3img\Dffs\yosemite.dff" with handler "gta3.std.stream"
Found file [0x00000104B7FA1CD1] "Carros originais ImVehFt\models\gta3img\Dffs\zr350.DFF" with handler "gta3.std.stream"
Found file [0x00000204EFB78553] "Carros originais ImVehFt\models\gta3img\Txds\admiral.txd" with handler "gta3.std.stream"
Found file [0x000002044368188D] "Carros originais ImVehFt\models\gta3img\Txds\alpha.txd" with handler "gta3.std.stream"
Found file [0x00000204D5EC2E37] "Carros originais ImVehFt\models\gta3img\Txds\ambulan.txd" with handler "gta3.std.stream"
Found file [0x000002040D98652F] "Carros originais ImVehFt\models\gta3img\Txds\artict1.txd" with handler "gta3.std.stream"
Found file [0x0000020467406218] "Carros originais ImVehFt\models\gta3img\Txds\artict2.txd" with handler "gta3.std.stream"
Found file [0x00000204CDFA471D] "Carros originais ImVehFt\models\gta3img\Txds\artict3.txd" with handler "gta3.std.stream"
Found file [0x00000204444D4D77] "Carros originais ImVehFt\models\gta3img\Txds\bagboxa.txd" with handler "gta3.std.stream"
Found file [0x000002049E468F40] "Carros originais ImVehFt\models\gta3img\Txds\bagboxb.txd" with handler "gta3.std.stream"
Found file [0x00000204A60693F7] "Carros originais ImVehFt\models\gta3img\Txds\baggage.txd" with handler "gta3.std.stream"
Found file [0x000002047B424D20] "Carros originais ImVehFt\models\gta3img\Txds\bandito.txd" with handler "gta3.std.stream"
Found file [0x000002041145FEA5] "Carros originais ImVehFt\models\gta3img\Txds\banshee.txd" with handler "gta3.std.stream"
Found file [0x000002047220551A] "Carros originais ImVehFt\models\gta3img\Txds\barracks.txd" with handler "gta3.std.stream"
Found file [0x00000204525B379E] "Carros originais ImVehFt\models\gta3img\Txds\benson.txd" with handler "gta3.std.stream"
Found file [0x00000204E333A699] "Carros originais ImVehFt\models\gta3img\Txds\bf400.txd" with handler "gta3.std.stream"
Found file [0x0000020467301F20] "Carros originais ImVehFt\models\gta3img\Txds\bfinject.txd" with handler "gta3.std.stream"
Found file [0x00000204665A515F] "Carros originais ImVehFt\models\gta3img\Txds\blade.txd" with handler "gta3.std.stream"
Found file [0x000002040C87DA0F] "Carros originais ImVehFt\models\gta3img\Txds\blistac.txd" with handler "gta3.std.stream"
Found file [0x00000204FD6261FA] "Carros originais ImVehFt\models\gta3img\Txds\bloodra.txd" with handler "gta3.std.stream"
Found file [0x00000204FCDCCE8D] "Carros originais ImVehFt\models\gta3img\Txds\bloodrb.txd" with handler "gta3.std.stream"
Found file [0x0000020492807BFC] "Carros originais ImVehFt\models\gta3img\Txds\bobcat.txd" with handler "gta3.std.stream"
Found file [0x00000204E18EFAAC] "Carros originais ImVehFt\models\gta3img\Txds\boxburg.txd" with handler "gta3.std.stream"
Found file [0x00000204E83B121E] "Carros originais ImVehFt\models\gta3img\Txds\boxville.txd" with handler "gta3.std.stream"
Found file [0x00000204C7C24AE0] "Carros originais ImVehFt\models\gta3img\Txds\bravura.txd" with handler "gta3.std.stream"
Found file [0x00000204E966E606] "Carros originais ImVehFt\models\gta3img\Txds\broadway.txd" with handler "gta3.std.stream"
Found file [0x00000204EA2BFE71] "Carros originais ImVehFt\models\gta3img\Txds\buccanee.txd" with handler "gta3.std.stream"
Found file [0x0000020461785AE2] "Carros originais ImVehFt\models\gta3img\Txds\buffalo.txd" with handler "gta3.std.stream"
Found file [0x00000204740B85BB] "Carros originais ImVehFt\models\gta3img\Txds\bullet.txd" with handler "gta3.std.stream"
Found file [0x0000020489FAF28A] "Carros originais ImVehFt\models\gta3img\Txds\burrito.txd" with handler "gta3.std.stream"
Found file [0x0000020491532D13] "Carros originais ImVehFt\models\gta3img\Txds\bus.txd" with handler "gta3.std.stream"
Found file [0x000002046DE05E11] "Carros originais ImVehFt\models\gta3img\Txds\cabbie.txd" with handler "gta3.std.stream"
Found file [0x00000204C50B81DC] "Carros originais ImVehFt\models\gta3img\Txds\caddy.txd" with handler "gta3.std.stream"
Found file [0x00000204B8B3EE13] "Carros originais ImVehFt\models\gta3img\Txds\cadrona.txd" with handler "gta3.std.stream"
Found file [0x00000204B073DC91] "Carros originais ImVehFt\models\gta3img\Txds\camper.txd" with handler "gta3.std.stream"
Found file [0x00000204261A39EB] "Carros originais ImVehFt\models\gta3img\Txds\cement.txd" with handler "gta3.std.stream"
Found file [0x00000204FC3327C7] "Carros originais ImVehFt\models\gta3img\Txds\cheetah.txd" with handler "gta3.std.stream"
Found file [0x0000020446A74C7C] "Carros originais ImVehFt\models\gta3img\Txds\clover.txd" with handler "gta3.std.stream"
Found file [0x0000020401FD19F3] "Carros originais ImVehFt\models\gta3img\Txds\club.txd" with handler "gta3.std.stream"
Found file [0x00000204E1EB1A57] "Carros originais ImVehFt\models\gta3img\Txds\coach.txd" with handler "gta3.std.stream"
Found file [0x00000204FC75CE1A] "Carros originais ImVehFt\models\gta3img\Txds\combine.txd" with handler "gta3.std.stream"
Found file [0x00000204162017C1] "Carros originais ImVehFt\models\gta3img\Txds\comet.txd" with handler "gta3.std.stream"
Found file [0x00000204DE8B0A08] "Carros originais ImVehFt\models\gta3img\Txds\copbike.txd" with handler "gta3.std.stream"
Found file [0x00000204D14FFD56] "Carros originais ImVehFt\models\gta3img\Txds\copcarla.txd" with handler "gta3.std.stream"
Found file [0x000002048B390FEC] "Carros originais ImVehFt\models\gta3img\Txds\copcarru.txd" with handler "gta3.std.stream"
Found file [0x0000020437DA766C] "Carros originais ImVehFt\models\gta3img\Txds\copcarsf.txd" with handler "gta3.std.stream"
Found file [0x0000020487B0913A] "Carros originais ImVehFt\models\gta3img\Txds\copcarvg.txd" with handler "gta3.std.stream"
Found file [0x000002042BD9E582] "Carros originais ImVehFt\models\gta3img\Txds\dft30.txd" with handler "gta3.std.stream"
Found file [0x000002047256FF8B] "Carros originais ImVehFt\models\gta3img\Txds\dozer.txd" with handler "gta3.std.stream"
Found file [0x00000204BABDB21C] "Carros originais ImVehFt\models\gta3img\Txds\dumper.txd" with handler "gta3.std.stream"
Found file [0x000002049BC7B017] "Carros originais ImVehFt\models\gta3img\Txds\duneride.txd" with handler "gta3.std.stream"
Found file [0x000002048904C46F] "Carros originais ImVehFt\models\gta3img\Txds\elegant.txd" with handler "gta3.std.stream"
Found file [0x000002040D073175] "Carros originais ImVehFt\models\gta3img\Txds\elegy.txd" with handler "gta3.std.stream"
Found file [0x0000020438A208CA] "Carros originais ImVehFt\models\gta3img\Txds\elegy1.txd" with handler "gta3.std.stream"
Found file [0x00000204381C759D] "Carros originais ImVehFt\models\gta3img\Txds\elegy2.txd" with handler "gta3.std.stream"
Found file [0x00000204D1629098] "Carros originais ImVehFt\models\gta3img\Txds\elegy3.txd" with handler "gta3.std.stream"
Found file [0x00000204CE77AF9B] "Carros originais ImVehFt\models\gta3img\Txds\elegy4.txd" with handler "gta3.std.stream"
Found file [0x00000204CA710576] "Carros originais ImVehFt\models\gta3img\Txds\elegy5.txd" with handler "gta3.std.stream"
Found file [0x0000020498DBC651] "Carros originais ImVehFt\models\gta3img\Txds\emperor.txd" with handler "gta3.std.stream"
Found file [0x0000020415807747] "Carros originais ImVehFt\models\gta3img\Txds\enforcer.txd" with handler "gta3.std.stream"
Found file [0x00000204274F4333] "Carros originais ImVehFt\models\gta3img\Txds\esperant.txd" with handler "gta3.std.stream"
Found file [0x0000020480D7DFC7] "Carros originais ImVehFt\models\gta3img\Txds\euros.txd" with handler "gta3.std.stream"
Found file [0x00000204C87C0FFA] "Carros originais ImVehFt\models\gta3img\Txds\faggio.txd" with handler "gta3.std.stream"
Found file [0x00000204C773763A] "Carros originais ImVehFt\models\gta3img\Txds\fbicar.txd" with handler "gta3.std.stream"
Found file [0x0000020486775BA2] "Carros originais ImVehFt\models\gta3img\Txds\fbiranch.txd" with handler "gta3.std.stream"
Found file [0x00000204D0729745] "Carros originais ImVehFt\models\gta3img\Txds\fbitruck.txd" with handler "gta3.std.stream"
Found file [0x000002045F6CCDC9] "Carros originais ImVehFt\models\gta3img\Txds\fcr900.txd" with handler "gta3.std.stream"
Found file [0x00000204A4F55F33] "Carros originais ImVehFt\models\gta3img\Txds\feltzer.txd" with handler "gta3.std.stream"
Found file [0x000002043869EE8E] "Carros originais ImVehFt\models\gta3img\Txds\firela.txd" with handler "gta3.std.stream"
Found file [0x0000020406E61A35] "Carros originais ImVehFt\models\gta3img\Txds\firetruk.txd" with handler "gta3.std.stream"
Found file [0x0000020453D06EC3] "Carros originais ImVehFt\models\gta3img\Txds\flash.txd" with handler "gta3.std.stream"
Found file [0x00000204EDDD7463] "Carros originais ImVehFt\models\gta3img\Txds\flatbed.txd" with handler "gta3.std.stream"
Found file [0x00000204D414D6B8] "Carros originais ImVehFt\models\gta3img\Txds\forklift.txd" with handler "gta3.std.stream"
Found file [0x000002049E098C56] "Carros originais ImVehFt\models\gta3img\Txds\fortune.txd" with handler "gta3.std.stream"
Found file [0x000002041B6609DE] "Carros originais ImVehFt\models\gta3img\Txds\freeway.txd" with handler "gta3.std.stream"
Found file [0x0000020475FCEC47] "Carros originais ImVehFt\models\gta3img\Txds\glendale.txd" with handler "gta3.std.stream"
Found file [0x0000020476B0BED5] "Carros originais ImVehFt\models\gta3img\Txds\glenshit.txd" with handler "gta3.std.stream"
Found file [0x00000204EED5FACD] "Carros originais ImVehFt\models\gta3img\Txds\greenwoo.txd" with handler "gta3.std.stream"
Found file [0x000002048D9C2AC9] "Carros originais ImVehFt\models\gta3img\Txds\hermes.txd" with handler "gta3.std.stream"
Found file [0x00000204F4B9A7AE] "Carros originais ImVehFt\models\gta3img\Txds\hotdog.txd" with handler "gta3.std.stream"
Found file [0x000002043928093B] "Carros originais ImVehFt\models\gta3img\Txds\hotknife.txd" with handler "gta3.std.stream"
Found file [0x00000204E96F5E78] "Carros originais ImVehFt\models\gta3img\Txds\hotrina.txd" with handler "gta3.std.stream"
Found file [0x000002048FC5CD8F] "Carros originais ImVehFt\models\gta3img\Txds\hotrinb.txd" with handler "gta3.std.stream"
Found file [0x00000204E27C3F56] "Carros originais ImVehFt\models\gta3img\Txds\hotring.txd" with handler "gta3.std.stream"
Found file [0x0000020460DFF026] "Carros originais ImVehFt\models\gta3img\Txds\huntley.txd" with handler "gta3.std.stream"
Found file [0x00000204E5901114] "Carros originais ImVehFt\models\gta3img\Txds\hustler.txd" with handler "gta3.std.stream"
Found file [0x00000204C476F1CD] "Carros originais ImVehFt\models\gta3img\Txds\infernus.txd" with handler "gta3.std.stream"
Found file [0x00000204B59500EE] "Carros originais ImVehFt\models\gta3img\Txds\intruder.txd" with handler "gta3.std.stream"
Found file [0x000002042A41AC4C] "Carros originais ImVehFt\models\gta3img\Txds\jester.txd" with handler "gta3.std.stream"
Found file [0x000002046A005185] "Carros originais ImVehFt\models\gta3img\Txds\journey.txd" with handler "gta3.std.stream"
Found file [0x000002048ED987CD] "Carros originais ImVehFt\models\gta3img\Txds\kart.txd" with handler "gta3.std.stream"
Found file [0x00000204EA6809E2] "Carros originais ImVehFt\models\gta3img\Txds\landstal.txd" with handler "gta3.std.stream"
Found file [0x00000204A6B013FC] "Carros originais ImVehFt\models\gta3img\Txds\linerun.txd" with handler "gta3.std.stream"
Found file [0x0000020425B9ADC7] "Carros originais ImVehFt\models\gta3img\Txds\majestic.txd" with handler "gta3.std.stream"
Found file [0x000002048557F15D] "Carros originais ImVehFt\models\gta3img\Txds\manana.txd" with handler "gta3.std.stream"
Found file [0x000002048DB46D96] "Carros originais ImVehFt\models\gta3img\Txds\merit.txd" with handler "gta3.std.stream"
Found file [0x0000020487FB8D09] "Carros originais ImVehFt\models\gta3img\Txds\mesa.txd" with handler "gta3.std.stream"
Found file [0x00000204148A7DDB] "Carros originais ImVehFt\models\gta3img\Txds\monster.txd" with handler "gta3.std.stream"
Found file [0x00000204C8F88F1C] "Carros originais ImVehFt\models\gta3img\Txds\monstera.txd" with handler "gta3.std.stream"
Found file [0x00000204A943CB83] "Carros originais ImVehFt\models\gta3img\Txds\monsterb.txd" with handler "gta3.std.stream"
Found file [0x00000204ED459535] "Carros originais ImVehFt\models\gta3img\Txds\moonbeam.txd" with handler "gta3.std.stream"
Found file [0x000002041EFED887] "Carros originais ImVehFt\models\gta3img\Txds\mower.txd" with handler "gta3.std.stream"
Found file [0x000002047760AEAF] "Carros originais ImVehFt\models\gta3img\Txds\mrwhoop.txd" with handler "gta3.std.stream"
Found file [0x00000204E9DF2898] "Carros originais ImVehFt\models\gta3img\Txds\mule.txd" with handler "gta3.std.stream"
Found file [0x00000204ACC5318A] "Carros originais ImVehFt\models\gta3img\Txds\nebula.txd" with handler "gta3.std.stream"
Found file [0x0000020422F563CD] "Carros originais ImVehFt\models\gta3img\Txds\newsvan.txd" with handler "gta3.std.stream"
Found file [0x000002049381AD47] "Carros originais ImVehFt\models\gta3img\Txds\nrg500.txd" with handler "gta3.std.stream"
Found file [0x0000020408D3276B] "Carros originais ImVehFt\models\gta3img\Txds\oceanic.txd" with handler "gta3.std.stream"
Found file [0x00000204F50D7F59] "Carros originais ImVehFt\models\gta3img\Txds\packer.txd" with handler "gta3.std.stream"
Found file [0x00000204A7E80660] "Carros originais ImVehFt\models\gta3img\Txds\patriot.txd" with handler "gta3.std.stream"
Found file [0x0000020415999D7C] "Carros originais ImVehFt\models\gta3img\Txds\pcj600.txd" with handler "gta3.std.stream"
Found file [0x000002048E9B7519] "Carros originais ImVehFt\models\gta3img\Txds\peren.txd" with handler "gta3.std.stream"
Found file [0x0000020482B48B0B] "Carros originais ImVehFt\models\gta3img\Txds\petro.txd" with handler "gta3.std.stream"
Found file [0x00000204D1B2434D] "Carros originais ImVehFt\models\gta3img\Txds\petrotr.txd" with handler "gta3.std.stream"
Found file [0x000002041D100DAC] "Carros originais ImVehFt\models\gta3img\Txds\phoenix.txd" with handler "gta3.std.stream"
Found file [0x00000204DA5531A9] "Carros originais ImVehFt\models\gta3img\Txds\picador.txd" with handler "gta3.std.stream"
Found file [0x00000204AD1D7933] "Carros originais ImVehFt\models\gta3img\Txds\pizzaboy.txd" with handler "gta3.std.stream"
Found file [0x00000204D9314A17] "Carros originais ImVehFt\models\gta3img\Txds\pony.txd" with handler "gta3.std.stream"
Found file [0x00000204F1FEB991] "Carros originais ImVehFt\models\gta3img\Txds\premier.txd" with handler "gta3.std.stream"
Found file [0x00000204AE7402E6] "Carros originais ImVehFt\models\gta3img\Txds\previon.txd" with handler "gta3.std.stream"
Found file [0x00000204213AE516] "Carros originais ImVehFt\models\gta3img\Txds\primo.txd" with handler "gta3.std.stream"
Found file [0x000002049CE64962] "Carros originais ImVehFt\models\gta3img\Txds\quad.txd" with handler "gta3.std.stream"
Found file [0x000002044BC915CE] "Carros originais ImVehFt\models\gta3img\Txds\rancher.txd" with handler "gta3.std.stream"
Found file [0x00000204F8EB54B1] "Carros originais ImVehFt\models\gta3img\Txds\rdtrain.txd" with handler "gta3.std.stream"
Found file [0x000002041A1D4867] "Carros originais ImVehFt\models\gta3img\Txds\rdtraint.txd" with handler "gta3.std.stream"
Found file [0x000002049F46DEB7] "Carros originais ImVehFt\models\gta3img\Txds\regina.txd" with handler "gta3.std.stream"
Found file [0x000002041F1A1E59] "Carros originais ImVehFt\models\gta3img\Txds\remingtn.txd" with handler "gta3.std.stream"
Found file [0x000002046BF4ABEF] "Carros originais ImVehFt\models\gta3img\Txds\rhino.txd" with handler "gta3.std.stream"
Found file [0x00000204B5146CEC] "Carros originais ImVehFt\models\gta3img\Txds\rnchlure.txd" with handler "gta3.std.stream"
Found file [0x00000204761BB44D] "Carros originais ImVehFt\models\gta3img\Txds\romero.txd" with handler "gta3.std.stream"
Found file [0x0000020477FB7906] "Carros originais ImVehFt\models\gta3img\Txds\rumpo.txd" with handler "gta3.std.stream"
Found file [0x00000204C3506F18] "Carros originais ImVehFt\models\gta3img\Txds\sabre.txd" with handler "gta3.std.stream"
Found file [0x0000020499636EAE] "Carros originais ImVehFt\models\gta3img\Txds\sadler.txd" with handler "gta3.std.stream"
Found file [0x000002048CC5FB3D] "Carros originais ImVehFt\models\gta3img\Txds\sadlshit.txd" with handler "gta3.std.stream"
Found file [0x00000204D671056B] "Carros originais ImVehFt\models\gta3img\Txds\sanchez.txd" with handler "gta3.std.stream"
Found file [0x00000204EDCD8D40] "Carros originais ImVehFt\models\gta3img\Txds\sandking.txd" with handler "gta3.std.stream"
Found file [0x00000204EDF59BCD] "Carros originais ImVehFt\models\gta3img\Txds\savanna.txd" with handler "gta3.std.stream"
Found file [0x00000204D8FC72C8] "Carros originais ImVehFt\models\gta3img\Txds\securica.txd" with handler "gta3.std.stream"
Found file [0x000002040C4EDAB7] "Carros originais ImVehFt\models\gta3img\Txds\sentinel.txd" with handler "gta3.std.stream"
Found file [0x00000204418239EF] "Carros originais ImVehFt\models\gta3img\Txds\slamvan.txd" with handler "gta3.std.stream"
Found file [0x0000020485974DC5] "Carros originais ImVehFt\models\gta3img\Txds\solair.txd" with handler "gta3.std.stream"
Found file [0x00000204AC3C8314] "Carros originais ImVehFt\models\gta3img\Txds\stafford.txd" with handler "gta3.std.stream"
Found file [0x00000204B6A4E01B] "Carros originais ImVehFt\models\gta3img\Txds\stallion.txd" with handler "gta3.std.stream"
Found file [0x00000204A3BCDF29] "Carros originais ImVehFt\models\gta3img\Txds\stratum.txd" with handler "gta3.std.stream"
Found file [0x0000020463423C1E] "Carros originais ImVehFt\models\gta3img\Txds\stretch.txd" with handler "gta3.std.stream"
Found file [0x00000204C2C8E032] "Carros originais ImVehFt\models\gta3img\Txds\sultan.txd" with handler "gta3.std.stream"
Found file [0x000002047484B7AC] "Carros originais ImVehFt\models\gta3img\Txds\sunrise.txd" with handler "gta3.std.stream"
Found file [0x00000204F81413DD] "Carros originais ImVehFt\models\gta3img\Txds\supergt.txd" with handler "gta3.std.stream"
Found file [0x00000204ACDEE46D] "Carros originais ImVehFt\models\gta3img\Txds\swatvan.txd" with handler "gta3.std.stream"
Found file [0x000002042C9FB18C] "Carros originais ImVehFt\models\gta3img\Txds\sweeper.txd" with handler "gta3.std.stream"
Found file [0x000002046F8DF9FF] "Carros originais ImVehFt\models\gta3img\Txds\tahoma.txd" with handler "gta3.std.stream"
Found file [0x00000204174DC6BE] "Carros originais ImVehFt\models\gta3img\Txds\tampa.txd" with handler "gta3.std.stream"
Found file [0x0000020458A461B7] "Carros originais ImVehFt\models\gta3img\Txds\taxi.txd" with handler "gta3.std.stream"
Found file [0x000002044076A5EF] "Carros originais ImVehFt\models\gta3img\Txds\topfun.txd" with handler "gta3.std.stream"
Found file [0x00000204A2AE510A] "Carros originais ImVehFt\models\gta3img\Txds\tornado.txd" with handler "gta3.std.stream"
Found file [0x00000204CFB730DC] "Carros originais ImVehFt\models\gta3img\Txds\towtruck.txd" with handler "gta3.std.stream"
Found file [0x00000204F6F21BB0] "Carros originais ImVehFt\models\gta3img\Txds\tractor.txd" with handler "gta3.std.stream"
Found file [0x00000204621500CF] "Carros originais ImVehFt\models\gta3img\Txds\trash.txd" with handler "gta3.std.stream"
Found file [0x0000020468584B9D] "Carros originais ImVehFt\models\gta3img\Txds\tug.txd" with handler "gta3.std.stream"
Found file [0x0000020404F67F6C] "Carros originais ImVehFt\models\gta3img\Txds\tugstair.txd" with handler "gta3.std.stream"
Found file [0x0000020469D96E5C] "Carros originais ImVehFt\models\gta3img\Txds\turismo.txd" with handler "gta3.std.stream"
Found file [0x00000204FC8EFD37] "Carros originais ImVehFt\models\gta3img\Txds\uranus.txd" with handler "gta3.std.stream"
Found file [0x00000204C11A86B9] "Carros originais ImVehFt\models\gta3img\Txds\utility.txd" with handler "gta3.std.stream"
Found file [0x0000020465A28AE0] "Carros originais ImVehFt\models\gta3img\Txds\vincent.txd" with handler "gta3.std.stream"
Found file [0x00000204F4C84774] "Carros originais ImVehFt\models\gta3img\Txds\virgo.txd" with handler "gta3.std.stream"
Found file [0x00000204E5A33231] "Carros originais ImVehFt\models\gta3img\Txds\voodoo.txd" with handler "gta3.std.stream"
Found file [0x00000204EF123D28] "Carros originais ImVehFt\models\gta3img\Txds\walton.txd" with handler "gta3.std.stream"
Found file [0x000002043BC381AA] "Carros originais ImVehFt\models\gta3img\Txds\washing.txd" with handler "gta3.std.stream"
Found file [0x000002045819B8D2] "Carros originais ImVehFt\models\gta3img\Txds\wayfarer.txd" with handler "gta3.std.stream"
Found file [0x0000020438DE6D5A] "Carros originais ImVehFt\models\gta3img\Txds\willard.txd" with handler "gta3.std.stream"
Found file [0x000002048A24B2C7] "Carros originais ImVehFt\models\gta3img\Txds\windsor.txd" with handler "gta3.std.stream"
Found file [0x00000204993B52BA] "Carros originais ImVehFt\models\gta3img\Txds\yankee.txd" with handler "gta3.std.stream"
Found file [0x00000204E8B54408] "Carros originais ImVehFt\models\gta3img\Txds\yosemite.txd" with handler "gta3.std.stream"
Found file [0x00000204BE2135FD] "Carros originais ImVehFt\models\gta3img\Txds\zr350.txd" with handler "gta3.std.stream"
No handler or callme for file "ImVehFt\grunge\vehiclegrunge256.png"
No handler or callme for file "ImVehFt\ImVehFt\effect\dirt_layer.fx"
No handler or callme for file "ImVehFt\ImVehFt\grunge\vehiclegrunge256.png"
No handler or callme for file "ImVehFt\ImVehFt\grunge\vehiclegrunge512.png"
No handler or callme for file "ImVehFt\ImVehFt\grunge\vehiclegrunge_iv.png"
No handler or callme for file "ImVehFt\ImVehFt\ImVehFt.ini"
No handler or callme for file "ImVehFt\ImVehFt\plates\plateback1.dds"
No handler or callme for file "ImVehFt\ImVehFt\plates\plateback1_l.dds"
No handler or callme for file "ImVehFt\ImVehFt\plates\plateback2.dds"
No handler or callme for file "ImVehFt\ImVehFt\plates\plateback2_l.dds"
No handler or callme for file "ImVehFt\ImVehFt\plates\plateback3.dds"
No handler or callme for file "ImVehFt\ImVehFt\plates\plateback3_l.dds"
No handler or callme for file "ImVehFt\ImVehFt\plates\platecharset.png"
No handler or callme for file "ImVehFt\ImVehFt\shadows\backfire.png"
No handler or callme for file "ImVehFt\ImVehFt\shadows\headlight_l.png"
No handler or callme for file "ImVehFt\ImVehFt\shadows\headlight_s.png"
No handler or callme for file "ImVehFt\ImVehFt\shadows\pointlight.png"
No handler or callme for file "ImVehFt\ImVehFt\shadows\taillight.png"
No handler or callme for file "ImVehFt\ImVehFt\tyres\tyrewall_dirt_1.png"
No handler or callme for file "ImVehFt\ImVehFt\tyres\tyrewall_dirt_10.png"
No handler or callme for file "ImVehFt\ImVehFt\tyres\tyrewall_dirt_11.png"
No handler or callme for file "ImVehFt\ImVehFt\tyres\tyrewall_dirt_12.png"
No handler or callme for file "ImVehFt\ImVehFt\tyres\tyrewall_dirt_13.png"
No handler or callme for file "ImVehFt\ImVehFt\tyres\tyrewall_dirt_14.png"
No handler or callme for file "ImVehFt\ImVehFt\tyres\tyrewall_dirt_15.png"
No handler or callme for file "ImVehFt\ImVehFt\tyres\tyrewall_dirt_16.png"
No handler or callme for file "ImVehFt\ImVehFt\tyres\tyrewall_dirt_2.png"
No handler or callme for file "ImVehFt\ImVehFt\tyres\tyrewall_dirt_3.png"
No handler or callme for file "ImVehFt\ImVehFt\tyres\tyrewall_dirt_4.png"
No handler or callme for file "ImVehFt\ImVehFt\tyres\tyrewall_dirt_5.png"
No handler or callme for file "ImVehFt\ImVehFt\tyres\tyrewall_dirt_6.png"
No handler or callme for file "ImVehFt\ImVehFt\tyres\tyrewall_dirt_7.png"
No handler or callme for file "ImVehFt\ImVehFt\tyres\tyrewall_dirt_8.png"
No handler or callme for file "ImVehFt\ImVehFt\tyres\tyrewall_dirt_9.png"
Found file [0x00000001CB363F09] "ImVehFt\ImVehFt.asi" with handler "gta3.std.asi"
No handler or callme for file "ImVehFt\ImVehFt.log"
Found file [0x00000001A3ABDCEC] "ImVehFt\ImVehFtFix.asi" with handler "gta3.std.asi"
No handler or callme for file "ImVehFt\ImVehFtFix.log"
No handler or callme for file "ImVehFt\plates\plateback1.dds"
No handler or callme for file "ImVehFt\plates\plateback1_l.dds"
No handler or callme for file "ImVehFt\plates\plateback2.dds"
No handler or callme for file "ImVehFt\plates\plateback2_l.dds"
No handler or callme for file "ImVehFt\plates\plateback3.dds"
No handler or callme for file "ImVehFt\plates\plateback3_l.dds"
No handler or callme for file "ImVehFt\plates\platecharset.png"
Found file [0x00000104A4B8AC54] "NeXtGen Remaster Weapons\Cutscenes  weapons - items\cs9mm.dff" with handler "gta3.std.stream"
Found file [0x00000204B6DFD79C] "NeXtGen Remaster Weapons\Cutscenes  weapons - items\cs9mm.txd" with handler "gta3.std.stream"
Found file [0x000001041B29326A] "NeXtGen Remaster Weapons\Cutscenes  weapons - items\csbat.dff" with handler "gta3.std.stream"
Found file [0x000002043100B25A] "NeXtGen Remaster Weapons\Cutscenes  weapons - items\csbat.txd" with handler "gta3.std.stream"
Found file [0x000001041E2B9A5E] "NeXtGen Remaster Weapons\Cutscenes  weapons - items\csbball.dff" with handler "gta3.std.stream"
Found file [0x000002042C030DB6] "NeXtGen Remaster Weapons\Cutscenes  weapons - items\csbball.txd" with handler "gta3.std.stream"
Found file [0x000001041A9442F3] "NeXtGen Remaster Weapons\Cutscenes  weapons - items\csbooka.dff" with handler "gta3.std.stream"
Found file [0x000002040CBCCE9F] "NeXtGen Remaster Weapons\Cutscenes  weapons - items\csbooka.txd" with handler "gta3.std.stream"
Found file [0x000001041CAD5EB8] "NeXtGen Remaster Weapons\Cutscenes  weapons - items\cscamera.dff" with handler "gta3.std.stream"
Found file [0x0000020426D47E68] "NeXtGen Remaster Weapons\Cutscenes  weapons - items\cscamera.txd" with handler "gta3.std.stream"
Found file [0x00000104B1A64D06] "NeXtGen Remaster Weapons\Cutscenes  weapons - items\cscolt45.dff" with handler "gta3.std.stream"
Found file [0x00000204CFCD8C6E] "NeXtGen Remaster Weapons\Cutscenes  weapons - items\cscolt45.txd" with handler "gta3.std.stream"
Found file [0x00000104A9FFBE67] "NeXtGen Remaster Weapons\Cutscenes  weapons - items\cscopmobile.dff" with handler "gta3.std.stream"
Found file [0x0000020494283DAB] "NeXtGen Remaster Weapons\Cutscenes  weapons - items\cscopmobile.txd" with handler "gta3.std.stream"
Found file [0x0000010454508BE7] "NeXtGen Remaster Weapons\Cutscenes  weapons - items\cscrowbar.dff" with handler "gta3.std.stream"
Found file [0x000002043E790B2B] "NeXtGen Remaster Weapons\Cutscenes  weapons - items\cscrowbar.txd" with handler "gta3.std.stream"
Found file [0x0000010466D772E2] "NeXtGen Remaster Weapons\Cutscenes  weapons - items\csdeserteagle.dff" with handler "gta3.std.stream"
Found file [0x000002046CFE8B02] "NeXtGen Remaster Weapons\Cutscenes  weapons - items\csdeserteagle.txd" with handler "gta3.std.stream"
Found file [0x00000104F82F5362] "NeXtGen Remaster Weapons\Cutscenes  weapons - items\csflame.dff" with handler "gta3.std.stream"
Found file [0x00000204FE566B82] "NeXtGen Remaster Weapons\Cutscenes  weapons - items\csflame.txd" with handler "gta3.std.stream"
Found file [0x00000104B6DDFA3F] "NeXtGen Remaster Weapons\Cutscenes  weapons - items\csgreengoo.dff" with handler "gta3.std.stream"
Found file [0x00000204D10532D3] "NeXtGen Remaster Weapons\Cutscenes  weapons - items\csgreengoo.txd" with handler "gta3.std.stream"
Found file [0x00000104899BE0DD] "NeXtGen Remaster Weapons\Cutscenes  weapons - items\csjetpack.dff" with handler "gta3.std.stream"
Found file [0x0000020477C466B1] "NeXtGen Remaster Weapons\Cutscenes  weapons - items\csjetpack.txd" with handler "gta3.std.stream"
Found file [0x00000104775A55EC] "NeXtGen Remaster Weapons\Cutscenes  weapons - items\csknife.dff" with handler "gta3.std.stream"
Found file [0x0000020479334924] "NeXtGen Remaster Weapons\Cutscenes  weapons - items\csknife.txd" with handler "gta3.std.stream"
Found file [0x00000104FCCFD447] "NeXtGen Remaster Weapons\Cutscenes  weapons - items\csm16.dff" with handler "gta3.std.stream"
Found file [0x00000204E6F6C08B] "NeXtGen Remaster Weapons\Cutscenes  weapons - items\csm16.txd" with handler "gta3.std.stream"
Found file [0x00000104EAAAFA60] "NeXtGen Remaster Weapons\Cutscenes  weapons - items\csmoneystck.dff" with handler "gta3.std.stream"
Found file [0x0000020404D23200] "NeXtGen Remaster Weapons\Cutscenes  weapons - items\csmoneystck.txd" with handler "gta3.std.stream"
Found file [0x000001049A38B4DA] "NeXtGen Remaster Weapons\Cutscenes  weapons - items\cssilenced.dff" with handler "gta3.std.stream"
Found file [0x00000204905FB40A] "NeXtGen Remaster Weapons\Cutscenes  weapons - items\cssilenced.txd" with handler "gta3.std.stream"
Found file [0x0000010422512258] "NeXtGen Remaster Weapons\Cutscenes  weapons - items\cssmg.dff" with handler "gta3.std.stream"
Found file [0x000002042C79D408] "NeXtGen Remaster Weapons\Cutscenes  weapons - items\cssmg.txd" with handler "gta3.std.stream"
Found file [0x0000010468D18884] "NeXtGen Remaster Weapons\Cutscenes  weapons - items\csspade.dff" with handler "gta3.std.stream"
Found file [0x000002045AAA630C] "NeXtGen Remaster Weapons\Cutscenes  weapons - items\csspade.txd" with handler "gta3.std.stream"
Found file [0x000001046773E11C] "NeXtGen Remaster Weapons\Cutscenes  weapons - items\csspray.dff" with handler "gta3.std.stream"
Found file [0x00000204499AC1D4] "NeXtGen Remaster Weapons\Cutscenes  weapons - items\csspray.txd" with handler "gta3.std.stream"
Found file [0x0000010465631826] "NeXtGen Remaster Weapons\Cutscenes  weapons - items\csthrowknife.dff" with handler "gta3.std.stream"
Found file [0x00000204838A568E] "NeXtGen Remaster Weapons\Cutscenes  weapons - items\csthrowknife.txd" with handler "gta3.std.stream"
No handler or callme for file "NeXtGen Remaster Weapons\Cutscenes  weapons - items\desktop.ini"
Found file [0xFFFFFFFFFFFFFFFF] "NeXtGen Remaster Weapons\diminuir prioridade.txt" with handler "<none>"
Found file [0x000001043895548E] "NeXtGen Remaster Weapons\Gameplay  pickups\adrenaline.dff" with handler "gta3.std.stream"
Found file [0x00000204E8484880] "NeXtGen Remaster Weapons\Gameplay  pickups\bballx.txd" with handler "gta3.std.stream"
Found file [0x0000010474898B07] "NeXtGen Remaster Weapons\Gameplay  pickups\bball_col.dff" with handler "gta3.std.stream"
Found file [0x000001049016E148] "NeXtGen Remaster Weapons\Gameplay  pickups\bball_ingame.dff" with handler "gta3.std.stream"
Found file [0x00000104192FD63F] "NeXtGen Remaster Weapons\Gameplay  pickups\bodyarmour.dff" with handler "gta3.std.stream"
Found file [0x0000020477619FB9] "NeXtGen Remaster Weapons\Gameplay  pickups\breifcase.txd" with handler "gta3.std.stream"
Found file [0x00000104D2500D8F] "NeXtGen Remaster Weapons\Gameplay  pickups\bribe.dff" with handler "gta3.std.stream"
Found file [0x00000104D4136535] "NeXtGen Remaster Weapons\Gameplay  pickups\briefcase.dff" with handler "gta3.std.stream"
Found file [0x000001047B9E3CA6] "NeXtGen Remaster Weapons\Gameplay  pickups\camerapickup.dff" with handler "gta3.std.stream"
Found file [0x00000104AF7B0BAC] "NeXtGen Remaster Weapons\Gameplay  pickups\cj_horse_shoe.dff" with handler "gta3.std.stream"
Found file [0x00000104935BA30A] "NeXtGen Remaster Weapons\Gameplay  pickups\cj_money_bag.dff" with handler "gta3.std.stream"
Found file [0x000002041CBF89AD] "NeXtGen Remaster Weapons\Gameplay  pickups\cj_money_bags.txd" with handler "gta3.std.stream"
Found file [0x00000104B00F373B] "NeXtGen Remaster Weapons\Gameplay  pickups\cj_oyster.dff" with handler "gta3.std.stream"
Found file [0x000001042B615F17] "NeXtGen Remaster Weapons\Gameplay  pickups\clothesp.dff" with handler "gta3.std.stream"
Found file [0x00000104A4A9C66D] "NeXtGen Remaster Weapons\Gameplay  pickups\cylinder.dff" with handler "gta3.std.stream"
No handler or callme for file "NeXtGen Remaster Weapons\Gameplay  pickups\desktop.ini"
Found file [0x00000204FCB1B5B9] "NeXtGen Remaster Weapons\Gameplay  pickups\diamond.txd" with handler "gta3.std.stream"
Found file [0x0000010452D4D57F] "NeXtGen Remaster Weapons\Gameplay  pickups\diamond_3.dff" with handler "gta3.std.stream"
Found file [0x000001048939EB96] "NeXtGen Remaster Weapons\Gameplay  pickups\dynamite.dff" with handler "gta3.std.stream"
Found file [0x000002048712D93E] "NeXtGen Remaster Weapons\Gameplay  pickups\dynamite.txd" with handler "gta3.std.stream"
Found file [0x00000204C2312B3E] "NeXtGen Remaster Weapons\Gameplay  pickups\dyn_keycard.txd" with handler "gta3.std.stream"
Found file [0x000002048E6C1474] "NeXtGen Remaster Weapons\Gameplay  pickups\gloopx.txd" with handler "gta3.std.stream"
Found file [0x0000010478D2AE4C] "NeXtGen Remaster Weapons\Gameplay  pickups\green_gloop.dff" with handler "gta3.std.stream"
Found file [0x000001045709F539] "NeXtGen Remaster Weapons\Gameplay  pickups\health.dff" with handler "gta3.std.stream"
Found file [0x00000204DBD212AC] "NeXtGen Remaster Weapons\Gameplay  pickups\horse_shoe_pick.txd" with handler "gta3.std.stream"
Found file [0x00000204A920D62B] "NeXtGen Remaster Weapons\Gameplay  pickups\icons.txd" with handler "gta3.std.stream"
Found file [0x00000204D542A89C] "NeXtGen Remaster Weapons\Gameplay  pickups\icons1.txd" with handler "gta3.std.stream"
Found file [0x00000204B58DE503] "NeXtGen Remaster Weapons\Gameplay  pickups\icons2.txd" with handler "gta3.std.stream"
Found file [0x00000204E9F60F5E] "NeXtGen Remaster Weapons\Gameplay  pickups\icons3.txd" with handler "gta3.std.stream"
Found file [0x000002049011E785] "NeXtGen Remaster Weapons\Gameplay  pickups\icons4.txd" with handler "gta3.std.stream"
Found file [0x0000020453C377C0] "NeXtGen Remaster Weapons\Gameplay  pickups\icons5.txd" with handler "gta3.std.stream"
Found file [0x00000204F9CA35F7] "NeXtGen Remaster Weapons\Gameplay  pickups\icons6.txd" with handler "gta3.std.stream"
Found file [0x000002042E5B01B2] "NeXtGen Remaster Weapons\Gameplay  pickups\icons7.txd" with handler "gta3.std.stream"
Found file [0x00000204B1065EF9] "NeXtGen Remaster Weapons\Gameplay  pickups\icons8.txd" with handler "gta3.std.stream"
Found file [0x00000204D7EA6B24] "NeXtGen Remaster Weapons\Gameplay  pickups\icons9.txd" with handler "gta3.std.stream"
Found file [0x0000010444DC9C43] "NeXtGen Remaster Weapons\Gameplay  pickups\info.dff" with handler "gta3.std.stream"
Found file [0x00000204B230BAE8] "NeXtGen Remaster Weapons\Gameplay  pickups\ingame.txd" with handler "gta3.std.stream"
Found file [0x00000104B31ECA0E] "NeXtGen Remaster Weapons\Gameplay  pickups\keycard.dff" with handler "gta3.std.stream"
Found file [0x0000020486D0B4A5] "NeXtGen Remaster Weapons\Gameplay  pickups\kmb_chute.txd" with handler "gta3.std.stream"
Found file [0x00000104CFF08D82] "NeXtGen Remaster Weapons\Gameplay  pickups\kmb_holdall.dff" with handler "gta3.std.stream"
Found file [0x00000204215176F1] "NeXtGen Remaster Weapons\Gameplay  pickups\kmb_notebook.txd" with handler "gta3.std.stream"
Found file [0x0000010413175636] "NeXtGen Remaster Weapons\Gameplay  pickups\kmb_packet.dff" with handler "gta3.std.stream"
Found file [0x0000020410EEB0DE] "NeXtGen Remaster Weapons\Gameplay  pickups\kmb_packet.txd" with handler "gta3.std.stream"
Found file [0x00000104B3EF4D4F] "NeXtGen Remaster Weapons\Gameplay  pickups\kmb_parachute.dff" with handler "gta3.std.stream"
Found file [0x0000010427012E11] "NeXtGen Remaster Weapons\Gameplay  pickups\kmb_rhymesbook.dff" with handler "gta3.std.stream"
Found file [0x00000204B2CBFDA1] "NeXtGen Remaster Weapons\Gameplay  pickups\parapakx.txd" with handler "gta3.std.stream"
Found file [0x000001046B5D4143] "NeXtGen Remaster Weapons\Gameplay  pickups\para_pack.dff" with handler "gta3.std.stream"
Found file [0x000001049FD1668C] "NeXtGen Remaster Weapons\Gameplay  pickups\pickupsave.dff" with handler "gta3.std.stream"
Found file [0x00000104E515CDFE] "NeXtGen Remaster Weapons\Gameplay  pickups\property_fsale.dff" with handler "gta3.std.stream"
Found file [0x0000010425501EC5] "NeXtGen Remaster Weapons\Gameplay  pickups\property_locked.dff" with handler "gta3.std.stream"
Found file [0x0000020424340E49] "NeXtGen Remaster Weapons\Gameplay  pickups\shell_pick.txd" with handler "gta3.std.stream"
No handler or callme for file "NeXtGen Remaster Weapons\Gameplay  pickups\Thumbs.db"
Found file [0x00000104ED114BF0] "NeXtGen Remaster Weapons\Gameplay  weapons - items\ak47.dff" with handler "gta3.std.stream"
Found file [0x00000204E6EA32D0] "NeXtGen Remaster Weapons\Gameplay  weapons - items\ak47.txd" with handler "gta3.std.stream"
Found file [0x0000010446986727] "NeXtGen Remaster Weapons\Gameplay  weapons - items\armour.dff" with handler "gta3.std.stream"
Found file [0x0000020430BF546B] "NeXtGen Remaster Weapons\Gameplay  weapons - items\armour.txd" with handler "gta3.std.stream"
Found file [0x000001042AAEB2C4] "NeXtGen Remaster Weapons\Gameplay  weapons - items\bat.dff" with handler "gta3.std.stream"
Found file [0x000002041C878D4C] "NeXtGen Remaster Weapons\Gameplay  weapons - items\bat.txd" with handler "gta3.std.stream"
Found file [0x00000104735C9097] "NeXtGen Remaster Weapons\Gameplay  weapons - items\bomb.dff" with handler "gta3.std.stream"
Found file [0x000002047D33FE5B] "NeXtGen Remaster Weapons\Gameplay  weapons - items\bomb.txd" with handler "gta3.std.stream"
Found file [0x0000010454363361] "NeXtGen Remaster Weapons\Gameplay  weapons - items\brassknuckle.dff" with handler "gta3.std.stream"
Found file [0x000002043A0EFACD] "NeXtGen Remaster Weapons\Gameplay  weapons - items\brassknuckle.txd" with handler "gta3.std.stream"
Found file [0x00000104E9B117B2] "NeXtGen Remaster Weapons\Gameplay  weapons - items\camera.dff" with handler "gta3.std.stream"
Found file [0x00000204CF89DF12] "NeXtGen Remaster Weapons\Gameplay  weapons - items\camera.txd" with handler "gta3.std.stream"
Found file [0x00000104852E24F1] "NeXtGen Remaster Weapons\Gameplay  weapons - items\cellphone.dff" with handler "gta3.std.stream"
Found file [0x000002048B553D1D] "NeXtGen Remaster Weapons\Gameplay  weapons - items\cellphone.txd" with handler "gta3.std.stream"
Found file [0x00000104BC7F8D1F] "NeXtGen Remaster Weapons\Gameplay  weapons - items\chnsaw.dff" with handler "gta3.std.stream"
Found file [0x00000204D6A6C5B3] "NeXtGen Remaster Weapons\Gameplay  weapons - items\chnsaw.txd" with handler "gta3.std.stream"
Found file [0x00000104E72C1A31] "NeXtGen Remaster Weapons\Gameplay  weapons - items\chromegun.dff" with handler "gta3.std.stream"
Found file [0x00000204ED53335D] "NeXtGen Remaster Weapons\Gameplay  weapons - items\chromegun.txd" with handler "gta3.std.stream"
Found file [0x00000104C162BAD0] "NeXtGen Remaster Weapons\Gameplay  weapons - items\colt45.dff" with handler "gta3.std.stream"
Found file [0x00000204BB3BA1B0] "NeXtGen Remaster Weapons\Gameplay  weapons - items\colt45.txd" with handler "gta3.std.stream"
Found file [0x00000104D1D4CAF9] "NeXtGen Remaster Weapons\Gameplay  weapons - items\cuntgun.dff" with handler "gta3.std.stream"
Found file [0x00000204E7AC4AB5] "NeXtGen Remaster Weapons\Gameplay  weapons - items\cuntgun.txd" with handler "gta3.std.stream"
Found file [0x0000010401CA910D] "NeXtGen Remaster Weapons\Gameplay  weapons - items\desert_eagle.dff" with handler "gta3.std.stream"
Found file [0x000002040FA20561] "NeXtGen Remaster Weapons\Gameplay  weapons - items\desert_eagle.txd" with handler "gta3.std.stream"
No handler or callme for file "NeXtGen Remaster Weapons\Gameplay  weapons - items\desktop.ini"
Found file [0x000001041E0BB659] "NeXtGen Remaster Weapons\Gameplay  weapons - items\fire_ex.dff" with handler "gta3.std.stream"
Found file [0x0000020433E4C915] "NeXtGen Remaster Weapons\Gameplay  weapons - items\fire_ex.txd" with handler "gta3.std.stream"
Found file [0x0000010425E8C404] "NeXtGen Remaster Weapons\Gameplay  weapons - items\flame.dff" with handler "gta3.std.stream"
Found file [0x0000020417C19E8C] "NeXtGen Remaster Weapons\Gameplay  weapons - items\flame.txd" with handler "gta3.std.stream"
Found file [0x000001045DCA0365] "NeXtGen Remaster Weapons\Gameplay  weapons - items\flare.dff" with handler "gta3.std.stream"
Found file [0x000002045BF10F29] "NeXtGen Remaster Weapons\Gameplay  weapons - items\flare.txd" with handler "gta3.std.stream"
Found file [0x0000010406A68633] "NeXtGen Remaster Weapons\Gameplay  weapons - items\flowera.dff" with handler "gta3.std.stream"
Found file [0x00000204F8CD7FDF] "NeXtGen Remaster Weapons\Gameplay  weapons - items\flowera.txd" with handler "gta3.std.stream"
Found file [0x00000104AECBC687] "NeXtGen Remaster Weapons\Gameplay  weapons - items\golfclub.dff" with handler "gta3.std.stream"
Found file [0x0000020498F446CB] "NeXtGen Remaster Weapons\Gameplay  weapons - items\golfclub.txd" with handler "gta3.std.stream"
Found file [0x0000010478C1FC5F] "NeXtGen Remaster Weapons\Gameplay  weapons - items\grenade.dff" with handler "gta3.std.stream"
Found file [0x0000020492EAC7F3] "NeXtGen Remaster Weapons\Gameplay  weapons - items\grenade.txd" with handler "gta3.std.stream"
Found file [0x00000104F4ABBEE1] "NeXtGen Remaster Weapons\Gameplay  weapons - items\gun_cane.dff" with handler "gta3.std.stream"
Found file [0x00000204DA84864D] "NeXtGen Remaster Weapons\Gameplay  weapons - items\gun_cane.txd" with handler "gta3.std.stream"
Found file [0x00000104AE1FB367] "NeXtGen Remaster Weapons\Gameplay  weapons - items\gun_dildo1.dff" with handler "gta3.std.stream"
Found file [0x00000204984832AB] "NeXtGen Remaster Weapons\Gameplay  weapons - items\gun_dildo1.txd" with handler "gta3.std.stream"
Found file [0x00000104E03FC5EC] "NeXtGen Remaster Weapons\Gameplay  weapons - items\gun_dildo2.dff" with handler "gta3.std.stream"
Found file [0x00000204E218B924] "NeXtGen Remaster Weapons\Gameplay  weapons - items\gun_dildo2.txd" with handler "gta3.std.stream"
Found file [0x000001045C42B0B4] "NeXtGen Remaster Weapons\Gameplay  weapons - items\gun_para.dff" with handler "gta3.std.stream"
Found file [0x000002046E69DCFC] "NeXtGen Remaster Weapons\Gameplay  weapons - items\gun_para.txd" with handler "gta3.std.stream"
Found file [0x00000104A4DF402B] "NeXtGen Remaster Weapons\Gameplay  weapons - items\gun_vibe1.dff" with handler "gta3.std.stream"
Found file [0x000002048707B3E7] "NeXtGen Remaster Weapons\Gameplay  weapons - items\gun_vibe1.txd" with handler "gta3.std.stream"
Found file [0x000001041F96E350] "NeXtGen Remaster Weapons\Gameplay  weapons - items\gun_vibe2.dff" with handler "gta3.std.stream"
Found file [0x00000204196FCA30] "NeXtGen Remaster Weapons\Gameplay  weapons - items\gun_vibe2.txd" with handler "gta3.std.stream"
Found file [0x00000104A85B4AA1] "NeXtGen Remaster Weapons\Gameplay  weapons - items\heatseek.dff" with handler "gta3.std.stream"
Found file [0x000002048E327F0D] "NeXtGen Remaster Weapons\Gameplay  weapons - items\heatseek.txd" with handler "gta3.std.stream"
Found file [0x00000104B2030D56] "NeXtGen Remaster Weapons\Gameplay  weapons - items\irgoggles.dff" with handler "gta3.std.stream"
Found file [0x00000204AFDBFAFE] "NeXtGen Remaster Weapons\Gameplay  weapons - items\irgoggles.txd" with handler "gta3.std.stream"
Found file [0x0000010478E35367] "NeXtGen Remaster Weapons\Gameplay  weapons - items\jetpack.dff" with handler "gta3.std.stream"
Found file [0x00000204630BD2AB] "NeXtGen Remaster Weapons\Gameplay  weapons - items\jetpack.txd" with handler "gta3.std.stream"
Found file [0x0000010409A75E59] "NeXtGen Remaster Weapons\Gameplay  weapons - items\katana.dff" with handler "gta3.std.stream"
Found file [0x000002041F807115] "NeXtGen Remaster Weapons\Gameplay  weapons - items\katana.txd" with handler "gta3.std.stream"
Found file [0x00000104EC116618] "NeXtGen Remaster Weapons\Gameplay  weapons - items\knifecur.dff" with handler "gta3.std.stream"
Found file [0x00000204F63885C8] "NeXtGen Remaster Weapons\Gameplay  weapons - items\knifecur.txd" with handler "gta3.std.stream"
Found file [0x000001043567FBB0] "NeXtGen Remaster Weapons\Gameplay  weapons - items\m4.dff" with handler "gta3.std.stream"
Found file [0x000002042F40E290] "NeXtGen Remaster Weapons\Gameplay  weapons - items\m4.txd" with handler "gta3.std.stream"
Found file [0x000001042A37D55A] "NeXtGen Remaster Weapons\Gameplay  weapons - items\micro_uzi.dff" with handler "gta3.std.stream"
Found file [0x00000204205ED48A] "NeXtGen Remaster Weapons\Gameplay  weapons - items\micro_uzi.txd" with handler "gta3.std.stream"
Found file [0x00000104E66D323C] "NeXtGen Remaster Weapons\Gameplay  weapons - items\minigun.dff" with handler "gta3.std.stream"
Found file [0x00000204C89412F4] "NeXtGen Remaster Weapons\Gameplay  weapons - items\minigun.txd" with handler "gta3.std.stream"
Found file [0x000001044CF53F01] "NeXtGen Remaster Weapons\Gameplay  weapons - items\missile.dff" with handler "gta3.std.stream"
Found file [0x0000020432CE076D] "NeXtGen Remaster Weapons\Gameplay  weapons - items\missile.txd" with handler "gta3.std.stream"
Found file [0x0000010466D3C17F] "NeXtGen Remaster Weapons\Gameplay  weapons - items\molotov.dff" with handler "gta3.std.stream"
Found file [0x0000020480FAF913] "NeXtGen Remaster Weapons\Gameplay  weapons - items\molotov.txd" with handler "gta3.std.stream"
Found file [0x000001047B8D56CA] "NeXtGen Remaster Weapons\Gameplay  weapons - items\mp5lng.dff" with handler "gta3.std.stream"
Found file [0x00000204916669BA] "NeXtGen Remaster Weapons\Gameplay  weapons - items\mp5lng.txd" with handler "gta3.std.stream"
Found file [0x00000104330D263B] "NeXtGen Remaster Weapons\Gameplay  weapons - items\nitestick.dff" with handler "gta3.std.stream"
Found file [0x0000020434E48777] "NeXtGen Remaster Weapons\Gameplay  weapons - items\nitestick.txd" with handler "gta3.std.stream"
Found file [0x000001046E4816A1] "NeXtGen Remaster Weapons\Gameplay  weapons - items\nvgoggles.dff" with handler "gta3.std.stream"
Found file [0x00000204541F4B0D] "NeXtGen Remaster Weapons\Gameplay  weapons - items\nvgoggles.txd" with handler "gta3.std.stream"
Found file [0x00000104622FA4B4] "NeXtGen Remaster Weapons\Gameplay  weapons - items\parachute.DFF" with handler "gta3.std.stream"
Found file [0x000002048EFD748C] "NeXtGen Remaster Weapons\Gameplay  weapons - items\paracx.txd" with handler "gta3.std.stream"
Found file [0x000001040A67E232] "NeXtGen Remaster Weapons\Gameplay  weapons - items\poolcue.dff" with handler "gta3.std.stream"
Found file [0x00000204F040A992] "NeXtGen Remaster Weapons\Gameplay  weapons - items\poolcue.txd" with handler "gta3.std.stream"
Found file [0x00000104DA77CB5A] "NeXtGen Remaster Weapons\Gameplay  weapons - items\rocketla.dff" with handler "gta3.std.stream"
Found file [0x00000204D09ECA8A] "NeXtGen Remaster Weapons\Gameplay  weapons - items\rocketla.txd" with handler "gta3.std.stream"
Found file [0x00000104A8964DEB] "NeXtGen Remaster Weapons\Gameplay  weapons - items\satchel.dff" with handler "gta3.std.stream"
Found file [0x000002048ABD2DA7] "NeXtGen Remaster Weapons\Gameplay  weapons - items\satchel.txd" with handler "gta3.std.stream"
Found file [0x00000104C91E2D7F] "NeXtGen Remaster Weapons\Gameplay  weapons - items\sawnoff.dff" with handler "gta3.std.stream"
Found file [0x00000204E3456513] "NeXtGen Remaster Weapons\Gameplay  weapons - items\sawnoff.txd" with handler "gta3.std.stream"
Found file [0x00000104E9835D30] "NeXtGen Remaster Weapons\Gameplay  weapons - items\shotgspa.dff" with handler "gta3.std.stream"
Found file [0x00000204E35C4410] "NeXtGen Remaster Weapons\Gameplay  weapons - items\shotgspa.txd" with handler "gta3.std.stream"
Found file [0x000001048964BEBE] "NeXtGen Remaster Weapons\Gameplay  weapons - items\shovel.dff" with handler "gta3.std.stream"
Found file [0x00000204973C3216] "NeXtGen Remaster Weapons\Gameplay  weapons - items\shovel.txd" with handler "gta3.std.stream"
Found file [0x0000010447988688] "NeXtGen Remaster Weapons\Gameplay  weapons - items\silenced.dff" with handler "gta3.std.stream"
Found file [0x00000204317154B8] "NeXtGen Remaster Weapons\Gameplay  weapons - items\silenced.txd" with handler "gta3.std.stream"
Found file [0x00000104283C5CE5] "NeXtGen Remaster Weapons\Gameplay  weapons - items\skateboard.dff" with handler "gta3.std.stream"
Found file [0x00000204266368A9] "NeXtGen Remaster Weapons\Gameplay  weapons - items\skateboard.txd" with handler "gta3.std.stream"
Found file [0x000001042390588E] "NeXtGen Remaster Weapons\Gameplay  weapons - items\sniper.dff" with handler "gta3.std.stream"
Found file [0x0000020411B74C66] "NeXtGen Remaster Weapons\Gameplay  weapons - items\sniper.txd" with handler "gta3.std.stream"
Found file [0x00000104A46DFD7C] "NeXtGen Remaster Weapons\Gameplay  weapons - items\spraycan.dff" with handler "gta3.std.stream"
Found file [0x0000020486967034] "NeXtGen Remaster Weapons\Gameplay  weapons - items\spraycan.txd" with handler "gta3.std.stream"
Found file [0x0000010491A15D1A] "NeXtGen Remaster Weapons\Gameplay  weapons - items\teargas.dff" with handler "gta3.std.stream"
Found file [0x0000020487C9F04A] "NeXtGen Remaster Weapons\Gameplay  weapons - items\teargas.txd" with handler "gta3.std.stream"
Found file [0x00000104F00FD9B6] "NeXtGen Remaster Weapons\Gameplay  weapons - items\tec9.dff" with handler "gta3.std.stream"
Found file [0x00000204EDE7345E] "NeXtGen Remaster Weapons\Gameplay  weapons - items\tec9.txd" with handler "gta3.std.stream"
No handler or callme for file "NeXtGen Remaster Weapons\Gameplay  weapons - items\Thumbs.db"

Scanning files at "modloader\prioridade 5\"...
Found file [0x0000000287647448] "Car Speed Dependant FOV\CLEO\SA.CarSpeedDependantFOV.cs" with handler "gta3.std.asi"
Found file [0x00000204CA5FF586] "CJ House Interior\carlslounge.txd" with handler "gta3.std.stream"
Found file [0x00000204AA640513] "CJ House Interior\carlspics.txd" with handler "gta3.std.stream"
Found file [0x000002047D609B56] "CJ House Interior\carls_kit1.txd" with handler "gta3.std.stream"
Found file [0x000002041A296109] "CJ House Interior\carls_kit2.txd" with handler "gta3.std.stream"
Found file [0x000002040D8ECA23] "CJ House Interior\cj_beds.txd" with handler "gta3.std.stream"
Found file [0x000002041A790990] "CJ House Interior\cj_bed_furn.txd" with handler "gta3.std.stream"
Found file [0x000002041F25200C] "CJ House Interior\cj_games.txd" with handler "gta3.std.stream"
Found file [0x000002049D2BED8B] "CJ House Interior\cj_lighting.txd" with handler "gta3.std.stream"
Found file [0x0000020478956814] "CJ House Interior\cj_seating.txd" with handler "gta3.std.stream"
Found file [0x00000204B366BCB3] "CJ House Interior\crlsbits.txd" with handler "gta3.std.stream"
Found file [0x00000204F56F562E] "CJ House Interior\gb_books01.txd" with handler "gta3.std.stream"
Found file [0x000002049A570EEF] "CJ House Interior\gb_cleancrock01.txd" with handler "gta3.std.stream"
Found file [0x000002044232AB56] "CJ House Interior\gb_dirtycrock01.txd" with handler "gta3.std.stream"
Found file [0x00000204F3342472] "CJ House Interior\gb_foodwrap01.txd" with handler "gta3.std.stream"
Found file [0x00000204FA1A0D79] "CJ House Interior\gb_magazines01.txd" with handler "gta3.std.stream"
Found file [0x00000204C28A6DC1] "CJ House Interior\picture_frame.txd" with handler "gta3.std.stream"
Found file [0x000002041BF2D5C6] "CJ House Interior\plants_galss.txd" with handler "gta3.std.stream"
Found file [0x0000020481772751] "CJ House Interior\plants_tabletop.txd" with handler "gta3.std.stream"
Found file [0x00000204F1ADFC05] "CJ House Interior\surf_boards.txd" with handler "gta3.std.stream"
Found file [0x00000001A4E492DC] "FxsFuncs\FxsFuncs.asi" with handler "gta3.std.asi"
No handler or callme for file "FxsFuncs\FxsFuncs.ini"
No handler or callme for file "FxsFuncs\FxsFuncs.log"
Found file [0x000000023C3550FF] "NextGen Effects\CLEO\Effects Mod - missions fx.cs" with handler "gta3.std.asi"
Found file [0x0000000F81332DF3] "NextGen Effects\data\object.dat" with handler "gta3.std.data"
Found file [0x000001048DD26A77] "NextGen Effects\Map\arch_1.dff" with handler "gta3.std.stream"
Found file [0x0000010437C3E53C] "NextGen Effects\Map\arch_2.dff" with handler "gta3.std.stream"
Found file [0x000001043244E605] "NextGen Effects\Map\arch_3.dff" with handler "gta3.std.stream"
Found file [0x00000104BBDF97AE] "NextGen Effects\Map\atrex_bl_1.dff" with handler "gta3.std.stream"
Found file [0x00000104EE0CF3F5] "NextGen Effects\Map\atrex_bl_2.dff" with handler "gta3.std.stream"
Found file [0x000001042E76C32C] "NextGen Effects\Map\atrex_bl_3.dff" with handler "gta3.std.stream"
Found file [0x00000104280E0BE7] "NextGen Effects\Map\atr_bl_1.dff" with handler "gta3.std.stream"
Found file [0x000001045A2E1E6C] "NextGen Effects\Map\atr_bl_2.dff" with handler "gta3.std.stream"
Found file [0x00000104174B7835] "NextGen Effects\Map\atr_bl_3.dff" with handler "gta3.std.stream"
Found file [0x00000104389B72C1] "NextGen Effects\Map\badlnds_1.dff" with handler "gta3.std.stream"
Found file [0x000001040920B9AA] "NextGen Effects\Map\badlnds_2.dff" with handler "gta3.std.stream"
Found file [0x00000104004791FD] "NextGen Effects\Map\bistr_1.dff" with handler "gta3.std.stream"
Found file [0x00000104F143CC16] "NextGen Effects\Map\bistr_2.dff" with handler "gta3.std.stream"
Found file [0x000001043433BB0F] "NextGen Effects\Map\bistr_3.dff" with handler "gta3.std.stream"
Found file [0x00000104B21AFC00] "NextGen Effects\Map\bistr_4.dff" with handler "gta3.std.stream"
Found file [0x00000104A18A68A9] "NextGen Effects\Map\bistr_5.dff" with handler "gta3.std.stream"
Found file [0x0000010499120FD2] "NextGen Effects\Map\bld1_bhls.dff" with handler "gta3.std.stream"
Found file [0x000001043FBE2833] "NextGen Effects\Map\bld2_bhls.dff" with handler "gta3.std.stream"
Found file [0x000001047776B0CE] "NextGen Effects\Map\bnk_1.dff" with handler "gta3.std.stream"
Found file [0x00000104A9A40C15] "NextGen Effects\Map\bnk_2.dff" with handler "gta3.std.stream"
Found file [0x0000010476B436CC] "NextGen Effects\Map\bnk_3.dff" with handler "gta3.std.stream"
Found file [0x0000010467DE0131] "NextGen Effects\Map\clbnk_1.dff" with handler "gta3.std.stream"
Found file [0x000001047863AD5A] "NextGen Effects\Map\clbnk_2.dff" with handler "gta3.std.stream"
Found file [0x0000010499515543] "NextGen Effects\Map\clbnk_3.dff" with handler "gta3.std.stream"
Found file [0x0000010496B9DE44] "NextGen Effects\Map\conc_bounce1.dff" with handler "gta3.std.stream"
Found file [0x00000104D940E968] "NextGen Effects\Map\conc_bounce1x.dff" with handler "gta3.std.stream"
Found file [0x000001044EB529DF] "NextGen Effects\Map\conc_bounce2.dff" with handler "gta3.std.stream"
Found file [0x00000104FF0FA12D] "NextGen Effects\Map\conc_bounce2x.dff" with handler "gta3.std.stream"
Found file [0x00000104F81B7632] "NextGen Effects\Map\dana_bh.dff" with handler "gta3.std.stream"
Found file [0x00000104C7A98CB0] "NextGen Effects\Map\dana_bh2.dff" with handler "gta3.std.stream"
Found file [0x00000104AF88FC59] "NextGen Effects\Map\dana_bh3.dff" with handler "gta3.std.stream"
Found file [0x00000104C03FDE9F] "NextGen Effects\Map\dana_cnc1.dff" with handler "gta3.std.stream"
Found file [0x0000010405CA2A04] "NextGen Effects\Map\dana_cnc2.dff" with handler "gta3.std.stream"
Found file [0x00000104C5605ACD] "NextGen Effects\Map\dana_cnc3.dff" with handler "gta3.std.stream"
Found file [0x000001040B90781C] "NextGen Effects\Map\dr_dc1x.dff" with handler "gta3.std.stream"
Found file [0x000001042EEF9AE6] "NextGen Effects\Map\d_short.dff" with handler "gta3.std.stream"
Found file [0x000001042291AF8C] "NextGen Effects\Map\d_short2.dff" with handler "gta3.std.stream"
Found file [0x000001046B1FC4B1] "NextGen Effects\Map\d_tall.dff" with handler "gta3.std.stream"
Found file [0x000001043CF211D9] "NextGen Effects\Map\d_tall2.dff" with handler "gta3.std.stream"
Found file [0x000001047A487E0C] "NextGen Effects\Map\d_tall_t.dff" with handler "gta3.std.stream"
Found file [0x00000104306BF27A] "NextGen Effects\Map\d_tall_t2.dff" with handler "gta3.std.stream"
Found file [0x00000304DC31EEAD] "NextGen Effects\Map\effects.col" with handler "gta3.std.stream"
Found file [0x0000000C6B70FE75] "NextGen Effects\Map\effects.ide" with handler "gta3.std.data"
Found file [0x0000000D5F70EB40] "NextGen Effects\Map\effects.IPL" with handler "gta3.std.data"
Found file [0x00000204C706ECCF] "NextGen Effects\Map\effects.txd" with handler "gta3.std.stream"
Found file [0x000001042CAC8E78] "NextGen Effects\Map\endfl_1.dff" with handler "gta3.std.stream"
Found file [0x00000104B2944E93] "NextGen Effects\Map\endfl_2.dff" with handler "gta3.std.stream"
Found file [0x000001048AB47AAA] "NextGen Effects\Map\endfl_3.dff" with handler "gta3.std.stream"
Found file [0x00000104FC941991] "NextGen Effects\Map\fog_1.dff" with handler "gta3.std.stream"
Found file [0x000001040D19C5BA] "NextGen Effects\Map\fog_2.dff" with handler "gta3.std.stream"
Found file [0x00000104BD283123] "NextGen Effects\Map\fog_3.dff" with handler "gta3.std.stream"
Found file [0x00000104C5D6D53C] "NextGen Effects\Map\fog_4.dff" with handler "gta3.std.stream"
Found file [0x00000104997410D2] "NextGen Effects\Map\grey_imp1.dff" with handler "gta3.std.stream"
Found file [0x00000104EADB2BC9] "NextGen Effects\Map\grey_imp2.dff" with handler "gta3.std.stream"
Found file [0xFFFFFFFFFFFFFFFF] "NextGen Effects\Map\gtadat.txt" with handler "<none>"
Found file [0x0000010494AA44D8] "NextGen Effects\Map\jz_cn_hls1.dff" with handler "gta3.std.stream"
Found file [0x000001048B714273] "NextGen Effects\Map\jz_cn_hls2.dff" with handler "gta3.std.stream"
Found file [0x00000104C98EE3D1] "NextGen Effects\Map\jz_wd_hls.dff" with handler "gta3.std.stream"
Found file [0x00000104EC935C79] "NextGen Effects\Map\jz_wd_hls2.dff" with handler "gta3.std.stream"
Found file [0x0000010404B3ECD0] "NextGen Effects\Map\jz_wd_hls3.dff" with handler "gta3.std.stream"
Found file [0x000001042442E397] "NextGen Effects\Map\losz_1.dff" with handler "gta3.std.stream"
Found file [0x000001045AD926DC] "NextGen Effects\Map\losz_2.dff" with handler "gta3.std.stream"
Found file [0x0000010452DFBEA5] "NextGen Effects\Map\losz_3.dff" with handler "gta3.std.stream"
Found file [0x00000104A21DAA5A] "NextGen Effects\Map\losz_4.dff" with handler "gta3.std.stream"
Found file [0x00000104C30B5243] "NextGen Effects\Map\losz_5.dff" with handler "gta3.std.stream"
Found file [0x0000010444B38E28] "NextGen Effects\Map\losz_6.dff" with handler "gta3.std.stream"
Found file [0x00000104C61D6AC1] "NextGen Effects\Map\manydrums.dff" with handler "gta3.std.stream"
Found file [0x00000104228E1812] "NextGen Effects\Map\mbys_1.dff" with handler "gta3.std.stream"
Found file [0x0000010473F53309] "NextGen Effects\Map\mbys_2.dff" with handler "gta3.std.stream"
Found file [0x00000104112C21E0] "NextGen Effects\Map\mbys_3.dff" with handler "gta3.std.stream"
Found file [0x0000010466704C0D] "NextGen Effects\Map\mdgmns_1.dff" with handler "gta3.std.stream"
Found file [0x0000010456CD23E6] "NextGen Effects\Map\mdgmns_2.dff" with handler "gta3.std.stream"
Found file [0x000001045ED3D4DF] "NextGen Effects\Map\mdgmns_3.dff" with handler "gta3.std.stream"
Found file [0x00000104CDACD89B] "NextGen Effects\Map\mdgrf_1.dff" with handler "gta3.std.stream"
Found file [0x000001040F564300] "NextGen Effects\Map\mdgrf_2.dff" with handler "gta3.std.stream"
Found file [0x00000104FEC5AFA9] "NextGen Effects\Map\mdgrf_3.dff" with handler "gta3.std.stream"
Found file [0x000001048403C0C7] "NextGen Effects\Map\mit_1.dff" with handler "gta3.std.stream"
Found file [0x00000104B623D34C] "NextGen Effects\Map\mit_2.dff" with handler "gta3.std.stream"
Found file [0x00000104E913A895] "NextGen Effects\Map\mit_3.dff" with handler "gta3.std.stream"
Found file [0x00000104D6B6490F] "NextGen Effects\Map\motgls.dff" with handler "gta3.std.stream"
Found file [0x00000104E853F230] "NextGen Effects\Map\mtl_1.dff" with handler "gta3.std.stream"
Found file [0x00000104E0F7878B] "NextGen Effects\Map\mtl_2.dff" with handler "gta3.std.stream"
Found file [0x00000104B917B3A2] "NextGen Effects\Map\mtl_3.dff" with handler "gta3.std.stream"
Found file [0x000001040F7EA9AF] "NextGen Effects\Map\mtl_rf.dff" with handler "gta3.std.stream"
Found file [0x00000104EEDB69A6] "NextGen Effects\Map\mtl_sd.dff" with handler "gta3.std.stream"
Found file [0x000001046E87D7D9] "NextGen Effects\Map\outr_1.dff" with handler "gta3.std.stream"
Found file [0x00000104576C29A2] "NextGen Effects\Map\outr_2.dff" with handler "gta3.std.stream"
Found file [0x00000104F3AEC372] "NextGen Effects\Map\pierwd.dff" with handler "gta3.std.stream"
Found file [0x00000104D81A29DF] "NextGen Effects\Map\plnalrm.dff" with handler "gta3.std.stream"
Found file [0x000001042F9B5E37] "NextGen Effects\Map\plnalrm2.dff" with handler "gta3.std.stream"
Found file [0x00000104234C1418] "NextGen Effects\Map\pln_clds.dff" with handler "gta3.std.stream"
Found file [0x00000104410D90F9] "NextGen Effects\Map\pool_refl.dff" with handler "gta3.std.stream"
Found file [0x00000104422028BC] "NextGen Effects\Map\p_blowp.dff" with handler "gta3.std.stream"
Found file [0x00000104556A6B5F] "NextGen Effects\Map\vaultfx.dff" with handler "gta3.std.stream"
Found file [0x00000104AFAE1625] "NextGen Effects\Map\waves0.dff" with handler "gta3.std.stream"
Found file [0x00000104DD282E7F] "NextGen Effects\Map\waves0x.dff" with handler "gta3.std.stream"
Found file [0x00000104C2323D57] "NextGen Effects\Map\waves0x2.dff" with handler "gta3.std.stream"
Found file [0x00000104B7A77E5C] "NextGen Effects\Map\waves1.dff" with handler "gta3.std.stream"
Found file [0x0000010481113B17] "NextGen Effects\Map\waves2.dff" with handler "gta3.std.stream"
Found file [0x00000104790A8A5E] "NextGen Effects\Map\waves3.dff" with handler "gta3.std.stream"
Found file [0x00000104EE6655B1] "NextGen Effects\Map\waves4.dff" with handler "gta3.std.stream"
Found file [0x00000104A181E5A8] "NextGen Effects\Map\waves5.dff" with handler "gta3.std.stream"
Found file [0x000001041FD9A9C3] "NextGen Effects\Map\waves6.dff" with handler "gta3.std.stream"
Found file [0x00000000CB298549] "NextGen Effects\models\effects.fxp" with handler "gta3.std.fx"
Found file [0x000000003EB48530] "NextGen Effects\models\effectsPC.txd" with handler "gta3.std.fx"
Found file [0x000000007D55484D] "NextGen Effects\models\particle.txd" with handler "gta3.std.fx"
Found file [0x000000014321C33A] "Widescreen Fix by ThirteenAG\GTASA.WidescreenFix.asi" with handler "gta3.std.asi"
No handler or callme for file "Widescreen Fix by ThirteenAG\GTASA.WidescreenFix.ini"

Scanning files at "modloader\prioridade 50\"...
Found file [0x00000000E69BA2E1] "ECG - VehicleTXD\vehicle.txd" with handler "gta3.std.fx"
Found file [0x000000028DC8EC16] "Enhance ParticleTXD\cleo\Enhance ParticleTXD (Junior_Djjr).cs" with handler "gta3.std.asi"
No handler or callme for file "Enhance ParticleTXD\cleo\Enhance ParticleTXD.ini"
Found file [0x000000007D55484D] "Enhance ParticleTXD\particle.txd" with handler "gta3.std.fx"
Found file [0x00000002410A00E5] "TheBirdsUpdate\CLEO\BirdDevTool.cs" with handler "gta3.std.asi"
Found file [0x000000014ECAAC03] "TheBirdsUpdate\CLEO\cleo_text\BirdDevTool.fxt" with handler "gta3.std.text"
No handler or callme for file "TheBirdsUpdate\data\birds.dat"
Found file [0x00000204CBBECA31] "TheBirdsUpdate\models\birds\birds.txd" with handler "gta3.std.stream"
Found file [0x0000000035EC4F22] "TheBirdsUpdate\models\txd\BIRDD.txd" with handler "gta3.std.sprites"
Found file [0x00000001F93B1DE2] "TheBirdsUpdate\TheBirdsUpdate.asi" with handler "gta3.std.asi"

Scanning files at "modloader\prioridade 60\"...
Found file [0x00000002683CDDBA] "Fix\Bike Flip Fix\cleo\Flip Fix (nadalao).cs" with handler "gta3.std.asi"
Found file [0x00000002CD8FD0E7] "Fix\Food Eating Fix\cleo\Food Eating Fix (Junior_Djjr).cs" with handler "gta3.std.asi"
No handler or callme for file "Fix\Food Eating Fix\cleo\Food Eating Fix.ini"
Found file [0x00000304CFDACB74] "Fix\Food Eating Fix\food models\food eating fix.col" with handler "gta3.std.stream"
Found file [0x0000000CC70356EE] "Fix\Food Eating Fix\food models\food eating fix.IDE" with handler "gta3.std.data"
Found file [0xFFFFFFFFFFFFFFFF] "Fix\Food Eating Fix\food models\food eating fix.txt" with handler "<none>"
Found file [0x0000010420F5BD95] "Fix\Food Eating Fix\food models\friedchick.dff" with handler "gta3.std.stream"
Found file [0x000002043ECEDDD9] "Fix\Food Eating Fix\food models\friedchick.txd" with handler "gta3.std.stream"
Found file [0x000001040E015CE2] "Fix\Food Eating Fix\food models\hotdogfood.dff" with handler "gta3.std.stream"
Found file [0x0000020414287502] "Fix\Food Eating Fix\food models\hotdogfood.txd" with handler "gta3.std.stream"
Found file [0x000001044CB8718E] "Fix\Food Eating Fix\food models\rustysep.dff" with handler "gta3.std.stream"
Found file [0x000002043ADF6566] "Fix\Food Eating Fix\food models\rustysep.txd" with handler "gta3.std.stream"
No handler or callme for file "Mapas\8-Tracks Random\-.png"
Found file [0x000001043BA6B045] "Mapas\8-Tracks Random\8Tracks\8bar5.dff" with handler "gta3.std.stream"
Found file [0x00000204D69C474F] "Mapas\8-Tracks Random\8Tracks\8bars.txd" with handler "gta3.std.stream"
Found file [0x000001044D8F4D63] "Mapas\8-Tracks Random\8Tracks\8road2.dff" with handler "gta3.std.stream"
Found file [0x000001043CDF4771] "Mapas\8-Tracks Random\8Tracks\8screen.dff" with handler "gta3.std.stream"
Found file [0x0000010404490910] "Mapas\8-Tracks Random\8Tracks\8screen01.dff" with handler "gta3.std.stream"
Found file [0x000001043347F8C7] "Mapas\8-Tracks Random\8Tracks\8stad.dff" with handler "gta3.std.stream"
Found file [0x000002041D6EE50B] "Mapas\8-Tracks Random\8Tracks\8stad.txd" with handler "gta3.std.stream"
Found file [0x000001042B31D597] "Mapas\8-Tracks Random\8Tracks\8track1.dff" with handler "gta3.std.stream"
Found file [0x000001048C2F2FF8] "Mapas\8-Tracks Random\8Tracks\bridge.dff" with handler "gta3.std.stream"
Found file [0x0000020496564EA8] "Mapas\8-Tracks Random\8Tracks\bridge.txd" with handler "gta3.std.stream"
Found file [0x00000104561902A1] "Mapas\8-Tracks Random\8Tracks\cockbars.dff" with handler "gta3.std.stream"
Found file [0x000002046D735EC9] "Mapas\8-Tracks Random\8Tracks\crowds.txd" with handler "gta3.std.stream"
Found file [0x0000010428956FA9] "Mapas\8-Tracks Random\8Tracks\inner.dff" with handler "gta3.std.stream"
Found file [0x00000204EB87AD82] "Mapas\8-Tracks Random\8Tracks\innertrack.txd" with handler "gta3.std.stream"
Found file [0x00000204BDC08747] "Mapas\8-Tracks Random\8Tracks\innertrak.txd" with handler "gta3.std.stream"
Found file [0x00000204D18ECBC9] "Mapas\8-Tracks Random\8Tracks\road.txd" with handler "gta3.std.stream"
Found file [0x00000304B1F36975] "Mapas\8-Tracks Random\8Tracks\stadint_2.col" with handler "gta3.std.stream"
Found file [0x00000104F44D26D8] "Mapas\8-Tracks Random\8Tracks\stands.dff" with handler "gta3.std.stream"
No handler or callme for file "Mapas\8-Tracks Random\Download 8 Track for GTA San Andreas.url"
Found file [0xFFFFFFFFFFFFFFFF] "Mapas\8-Tracks Random\Readme_EG.txt" with handler "<none>"
Found file [0xFFFFFFFFFFFFFFFF] "Mapas\8-Tracks Random\Readme_ESP.txt" with handler "<none>"
No handler or callme for file "Mapas\8-Tracks Random\SS\enb 2022_09_03 19_59_40_59.jpg"
No handler or callme for file "Mapas\8-Tracks Random\SS\enb 2022_09_03 20_02_10_22.jpg"
No handler or callme for file "Mapas\8-Tracks Random\SS\enb 2022_09_03 20_02_43_14.jpg"
No handler or callme for file "Mapas\8-Tracks Random\SS\enb 2022_09_03 20_03_04_84.jpg"
No handler or callme for file "Mapas\8-Tracks Random\SS\enb 2022_09_03 20_03_29_32.jpg"
No handler or callme for file "Mapas\8-Tracks Random\SS\enb 2022_09_03 20_03_53_60.jpg"
No handler or callme for file "Mapas\8-Tracks Random\SS\enb 2022_09_03 20_04_56_24.jpg"
No handler or callme for file "Mapas\8-Tracks Random\SS\enb 2022_09_03 20_05_29_44.jpg"
No handler or callme for file "Mapas\8-Tracks Random\SS\enb 2022_09_03 20_06_54_53.jpg"
No handler or callme for file "Mapas\Dam Extended\8c_picture_528a4db4.jpg"
Found file [0x0000000DA2149F1A] "Mapas\Dam Extended\Dam with alot addons with waterfall\countryN.ipl" with handler "gta3.std.data"
Found file [0x00000204B0252C92] "Mapas\Dam Extended\desertdam.txd" with handler "gta3.std.stream"
Found file [0x00000204B7F212F7] "Mapas\Dam Extended\des_wdam.txd" with handler "gta3.std.stream"
No handler or callme for file "Mapas\Dam Extended\Download New dam in the desert for GTA San Andreas.url"
Found file [0xFFFFFFFFFFFFFFFF] "Mapas\Dam Extended\Read me first.txt" with handler "<none>"
Found file [0xFFFFFFFFFFFFFFFF] "Mapas\Dam Extended\READ ME.txt" with handler "<none>"
No handler or callme for file "Mapas\Dam Extended\Screenshots\Light Shadows Night.png"
No handler or callme for file "Mapas\Dam Extended\Screenshots\Screenshot Day (SAMP).png"
No handler or callme for file "Mapas\Dam Extended\Screenshots\Screenshot Night.png"
No handler or callme for file "Mapas\Dam Extended\Screenshots\Screenshot pathway night 1.png"
No handler or callme for file "Mapas\Dam Extended\Screenshots\Screenshot pathway night 2.png"
No handler or callme for file "Mapas\Dam Extended\Screenshots\Screenshot pathway night 3.png"
No handler or callme for file "Mapas\Dam Extended\Screenshots\Thumbs.db"
No handler or callme for file "Mapas\Dam Extended\Thumbs.db"
Found file [0x0000000960C14AF1] "Mapas\Generic Mod\data\gta.dat" with handler "gta3.std.data"
Found file [0x0000000D07112AEB] "Mapas\Generic Mod\data\maps\generic\generic_airtrain.ipl" with handler "gta3.std.data"
Found file [0x0000000DE0AEC8D8] "Mapas\Generic Mod\data\maps\generic\generic_LA.ipl" with handler "gta3.std.data"
Found file [0x0000000D0C5F9526] "Mapas\Generic Mod\data\maps\generic\generic_SF.ipl" with handler "gta3.std.data"
No handler or callme for file "Mapas\Generic Mod\Download Props Mod by Hisui for GTA San Andreas.url"
Found file [0x00000104F3D6F49A] "Mapas\Generic Mod\models\gta3.img\ap_jumbo_01.dff" with handler "gta3.std.stream"
Found file [0xFFFFFFFFFFFFFFFF] "Mapas\Generic Mod\readme.txt" with handler "<none>"
Found file [0xFFFFFFFFFFFFFFFF] "Mapas\Handling\handling ambulan.txt" with handler "<none>"
Found file [0xFFFFFFFFFFFFFFFF] "Mapas\Handling\handling bravura.txt" with handler "<none>"
Found file [0xFFFFFFFFFFFFFFFF] "Mapas\Handling\handling buffalo.txt" with handler "<none>"
Found file [0xFFFFFFFFFFFFFFFF] "Mapas\Handling\handling hpv1000.txt" with handler "<none>"
Found file [0xFFFFFFFFFFFFFFFF] "Mapas\Handling\handling landstal.txt" with handler "<none>"
Found file [0xFFFFFFFFFFFFFFFF] "Mapas\Handling\handling peren.txt" with handler "<none>"
Found file [0xFFFFFFFFFFFFFFFF] "Mapas\Handling\handling police_la.txt" with handler "<none>"
Found file [0xFFFFFFFFFFFFFFFF] "Mapas\Handling\handling tractor.txt" with handler "<none>"
No handler or callme for file "Mapas\San Andreas Bus Station\8c_picture_528a4db4.jpg"
Found file [0x0000020469F36BEA] "Mapas\San Andreas Bus Station\break_s_sf.txd" with handler "gta3.std.stream"
No handler or callme for file "Mapas\San Andreas Bus Station\Bus Station 1.JPG"
No handler or callme for file "Mapas\San Andreas Bus Station\Bus Station 2.JPG"
No handler or callme for file "Mapas\San Andreas Bus Station\Bus Station 3.JPG"
No handler or callme for file "Mapas\San Andreas Bus Station\Download San Andreas Bus Station for GTA San Andreas.url"
Found file [0xFFFFFFFFFFFFFFFF] "Mapas\San Andreas Bus Station\leeme.txt" with handler "<none>"
Found file [0x0000000CB904BD9C] "Mapas\San Andreas Bus Station\maps\generic\dynamic.IDE" with handler "gta3.std.data"
Found file [0x0000000CDC291022] "Mapas\San Andreas Bus Station\maps\generic\dynamic2.IDE" with handler "gta3.std.data"
Found file [0x0000000C013128D7] "Mapas\San Andreas Bus Station\maps\generic\multiobj.IDE" with handler "gta3.std.data"
Found file [0x0000000C5A44AA8C] "Mapas\San Andreas Bus Station\maps\generic\procobj.ide" with handler "gta3.std.data"
Found file [0x0000000CFD1547A4] "Mapas\San Andreas Bus Station\maps\interior\propext.IDE" with handler "gta3.std.data"
Found file [0x0000000CF85095E3] "Mapas\San Andreas Bus Station\maps\leveldes\levelxre.IDE" with handler "gta3.std.data"
Found file [0x0000000CE91F351B] "Mapas\San Andreas Bus Station\maps\vegas\vegasS.IDE" with handler "gta3.std.data"
Found file [0x0000000DFD1F5496] "Mapas\San Andreas Bus Station\maps\vegas\vegasS.IPL" with handler "gta3.std.data"
Found file [0xFFFFFFFFFFFFFFFF] "Mapas\San Andreas Bus Station\readme.txt" with handler "<none>"
No handler or callme for file "Mapas\San Andreas Bus Station\Thumbs.db"
Found file [0x0000020459AFFE96] "Mapas\San Andreas Bus Station\vgsbikeschool.txd" with handler "gta3.std.stream"
Found file [0x000002041F626441] "Mapas\Toyota Showroom\billbrd01_lan2.txd" with handler "gta3.std.stream"
Found file [0x00000002E5D7917D] "Mapas\Toyota Showroom\cleo\toyotaparkedvehicles.cs" with handler "gta3.std.asi"
Found file [0x000003049E82BBC5] "Mapas\Toyota Showroom\countrye_2.col" with handler "gta3.std.stream"
Found file [0x0000000CBCB222B7] "Mapas\Toyota Showroom\data\maps\country\countryE.IDE" with handler "gta3.std.data"
Found file [0x0000000DC8B235DA] "Mapas\Toyota Showroom\data\maps\country\countryE.IPL" with handler "gta3.std.data"
No handler or callme for file "Mapas\Toyota Showroom\Download Toyota - dealer center for GTA San Andreas.url"
No handler or callme for file "Mapas\Toyota Showroom\location.PNG"
Found file [0x00000104284FC0A5] "Mapas\Toyota Showroom\ls_toyota.dff" with handler "gta3.std.stream"
Found file [0x0000020426786069] "Mapas\Toyota Showroom\ls_toyota.txd" with handler "gta3.std.stream"
Found file [0x000001045DA4F57E] "Mapas\Toyota Showroom\toyotabase.dff" with handler "gta3.std.stream"
Found file [0x000002046B7DFBD6] "Mapas\Toyota Showroom\toyotabase.txd" with handler "gta3.std.stream"
Found file [0x000002040B12FC68] "Mapas\Toyota Showroom\vgnretail3.txd" with handler "gta3.std.stream"
Found file [0x00000001D0F1254B] "Peds Extender\PedsExtender.SA.asi" with handler "gta3.std.asi"
No handler or callme for file "Peds Extender\PedsExtender.SA.log"
Found file [0x000001049DD27A93] "Restored Unused Peds\blue2.dff" with handler "gta3.std.stream"
Found file [0x000002048FF9743F] "Restored Unused Peds\blue2.txd" with handler "gta3.std.stream"
Found file [0x0000010475F2A6AA] "Restored Unused Peds\blue3.dff" with handler "gta3.std.stream"
Found file [0x000002048BCBB99A] "Restored Unused Peds\blue3.txd" with handler "gta3.std.stream"
Found file [0xFFFFFFFFFFFFFFFF] "Restored Unused Peds\data\gta.dat.txt" with handler "<none>"
Found file [0x0000000CF4DFA2C2] "Restored Unused Peds\data\maps\Restored Unused Peds.ide" with handler "gta3.std.data"
Found file [0x00000023ED966072] "Restored Unused Peds\data\pedgrp.dat" with handler "gta3.std.data"
Found file [0x0000000C3B9AC65B] "Restored Unused Peds\data\peds.ide" with handler "gta3.std.data"
Found file [0x000001042DB98AB7] "Restored Unused Peds\fam4.dff" with handler "gta3.std.stream"
Found file [0x0000020437928B7B] "Restored Unused Peds\fam4.txd" with handler "gta3.std.stream"
Found file [0x00000104233870FE] "Restored Unused Peds\fam5.dff" with handler "gta3.std.stream"
Found file [0x0000020431117756] "Restored Unused Peds\fam5.txd" with handler "gta3.std.stream"
Found file [0x000001049761D698] "Restored Unused Peds\igho.dff" with handler "gta3.std.stream"
Found file [0x00000204A188F648] "Restored Unused Peds\igho.txd" with handler "gta3.std.stream"
Found file [0x00000104C331A94D] "Restored Unused Peds\IGpro1.dff" with handler "gta3.std.stream"
Found file [0x00000204D10AAFA1] "Restored Unused Peds\IGpro1.txd" with handler "gta3.std.stream"
Found file [0x00000104FF9728F3] "Restored Unused Peds\IMYST.dff" with handler "gta3.std.stream"
Found file [0x00000204F1BFB49F] "Restored Unused Peds\IMYST.txd" with handler "gta3.std.stream"
Found file [0x00000104EBFA3C10] "Restored Unused Peds\IRFYST.dff" with handler "gta3.std.stream"
Found file [0x00000204E5D190F0] "Restored Unused Peds\IRFYST.txd" with handler "gta3.std.stream"
Found file [0x00000104148AC275] "Restored Unused Peds\IRMYST.dff" with handler "gta3.std.stream"
Found file [0x000002043263E1B9] "Restored Unused Peds\IRMYST.txd" with handler "gta3.std.stream"
Found file [0x000001048C462C45] "Restored Unused Peds\poolgy2.dff" with handler "gta3.std.stream"
Found file [0x000002048A6ECB09] "Restored Unused Peds\poolgy2.txd" with handler "gta3.std.stream"
Found file [0x00000104943E4845] "Restored Unused Peds\WMYSKAT.dff" with handler "gta3.std.stream"
Found file [0x000002049266E709] "Restored Unused Peds\WMYSKAT.txd" with handler "gta3.std.stream"
Found file [0x00000104CF314DB5] "Restored Unused Peds\WMYTX1.dff" with handler "gta3.std.stream"
Found file [0x00000204ED08DAF9] "Restored Unused Peds\WMYTX1.txd" with handler "gta3.std.stream"
Found file [0x000001049D03F26E] "Restored Unused Peds\WMYTX2.dff" with handler "gta3.std.stream"
Found file [0x000002048B2AE546] "Restored Unused Peds\WMYTX2.txd" with handler "gta3.std.stream"
Found file [0x000001044621F1BC] "Veículos\Avioes\Angry bird plane\at400.dff" with handler "gta3.std.stream"
Found file [0x0000010445C86246] "Veículos\Avioes\Aviao Barata\rustler.dff" with handler "gta3.std.stream"
Found file [0x0000020463EFA0AE] "Veículos\Avioes\Aviao Barata\rustler.txd" with handler "gta3.std.stream"
No handler or callme for file "Veículos\Avioes\Aviao Barata\Thumbs.db"
Found file [0x000001043F8C9795] "Veículos\Avioes\Aviao Moto\hunter.dff" with handler "gta3.std.stream"
Found file [0x000002045D65B7D9] "Veículos\Avioes\Aviao Moto\hunter.txd" with handler "gta3.std.stream"
No handler or callme for file "Veículos\Avioes\Aviao Moto\Thumbs.db"
Found file [0x000001048B3FE8BF] "Veículos\Avioes\Aviao Papel\dodo.dff" with handler "gta3.std.stream"
Found file [0x00000204A5672153] "Veículos\Avioes\Aviao Papel\dodo.txd" with handler "gta3.std.stream"
No handler or callme for file "Veículos\Avioes\Aviao Papel\Thumbs.db"
Found file [0x00000104ECA4A021] "Veículos\Avioes\Shark Plane\beagle.dff" with handler "gta3.std.stream"
Found file [0x00000204D27BD48D] "Veículos\Avioes\Shark Plane\beagle.txd" with handler "gta3.std.stream"
Found file [0x00000104D0E95293] "Veículos\Avioes\Xbox Controller plane\shamal.dff" with handler "gta3.std.stream"
Found file [0x00000204C3104C3F] "Veículos\Avioes\Xbox Controller plane\shamal.txd" with handler "gta3.std.stream"
Found file [0x000001044F28C222] "Veículos\Barcos\Barco Ambulancia\coastg.dff" with handler "gta3.std.stream"
Found file [0x00000204554FDB42] "Veículos\Barcos\Barco Ambulancia\coastg.txd" with handler "gta3.std.stream"
No handler or callme for file "Veículos\Barcos\Barco Ambulancia\Thumbs.db"
Found file [0x00000104710ADFBE] "Veículos\Barcos\Barco Banheira\dinghy.dff" with handler "gta3.std.stream"
Found file [0x000002047EE25316] "Veículos\Barcos\Barco Banheira\dinghy.txd" with handler "gta3.std.stream"
No handler or callme for file "Veículos\Barcos\Barco Banheira\Thumbs.db"
Found file [0x000001045ACD6EF5] "Veículos\Barcos\Barco Golfinho\speeder.dff" with handler "gta3.std.stream"
Found file [0x0000020478A68E39] "Veículos\Barcos\Barco Golfinho\speeder.txd" with handler "gta3.std.stream"
No handler or callme for file "Veículos\Barcos\Barco Golfinho\Thumbs.db"
Found file [0x0000010468544D6F] "Veículos\Barcos\Barco Navio Fantasma\marquis.dff" with handler "gta3.std.stream"
Found file [0x00000204622BA143] "Veículos\Barcos\Barco Navio Fantasma\marquis.txd" with handler "gta3.std.stream"
No handler or callme for file "Veículos\Barcos\Barco Navio Fantasma\Thumbs.db"
Found file [0x00000104710ADFBE] "Veículos\Barcos\Jaguars_raft\dinghy.dff" with handler "gta3.std.stream"
Found file [0x000002047EE25316] "Veículos\Barcos\Jaguars_raft\dinghy.txd" with handler "gta3.std.stream"
No handler or callme for file "Veículos\Barcos\Jaguars_raft\Thumbs.db"
Found file [0x00000104D4133AFB] "Veículos\Carros\Ambulance\ambulan.dff" with handler "gta3.std.stream"
Found file [0x00000204D5EC2E37] "Veículos\Carros\Ambulance\ambulan.txd" with handler "gta3.std.stream"
Found file [0x000001045C47422A] "Veículos\Carros\Barracks\barracks.dff" with handler "gta3.std.stream"
Found file [0x000002047220551A] "Veículos\Carros\Barracks\barracks.txd" with handler "gta3.std.stream"
Found file [0x00000104743357B3] "Veículos\Carros\Blade com Teto\blade.dff" with handler "gta3.std.stream"
Found file [0x00000204665A515F] "Veículos\Carros\Blade com Teto\blade.txd" with handler "gta3.std.stream"
Found file [0x00000104611B1480] "Veículos\Carros\Bola\bandito.dff" with handler "gta3.std.stream"
Found file [0x000002047B424D20] "Veículos\Carros\Bola\bandito.txd" with handler "gta3.std.stream"
No handler or callme for file "Veículos\Carros\Bola\Thumbs.db"
Found file [0x00000104EFB7B324] "Veículos\Carros\Boxville\boxburg.dff" with handler "gta3.std.stream"
Found file [0x00000204E18EFAAC] "Veículos\Carros\Boxville\boxburg.txd" with handler "gta3.std.stream"
No handler or callme for file "Veículos\Carros\Boxville\Thumbs.db"
Found file [0x0000010493D3F35A] "Veículos\Carros\Burrito Game\burrito.dff" with handler "gta3.std.stream"
Found file [0x0000020489FAF28A] "Veículos\Carros\Burrito Game\burrito.txd" with handler "gta3.std.stream"
No handler or callme for file "Veículos\Carros\Burrito Game\Thumbs.db"
Found file [0x000001047FB7D83D] "Veículos\Carros\Cabbie\cabbie.dff" with handler "gta3.std.stream"
Found file [0x000002046DE05E11] "Veículos\Carros\Cabbie\cabbie.txd" with handler "gta3.std.stream"
No handler or callme for file "Veículos\Carros\Cabbie\Thumbs.db"
Found file [0x00000104B2E2C294] "Veículos\Carros\Caddy\caddy.dff" with handler "gta3.std.stream"
Found file [0x00000204C50B81DC] "Veículos\Carros\Caddy\caddy.txd" with handler "gta3.std.stream"
Found file [0x000001043AC6D704] "Veículos\Carros\Cadeira de Rodas\sweeper.dff" with handler "gta3.std.stream"
Found file [0x000002042C9FB18C] "Veículos\Carros\Cadeira de Rodas\sweeper.txd" with handler "gta3.std.stream"
Found file [0x000001049E8CB67F] "Veículos\Carros\Cadrona\cadrona.dff" with handler "gta3.std.stream"
Found file [0x00000204B8B3EE13] "Veículos\Carros\Cadrona\cadrona.txd" with handler "gta3.std.stream"
No handler or callme for file "Veículos\Carros\Cadrona\Thumbs.db"
Found file [0x000001043CD665CB] "Veículos\Carros\Carrinho Bate Bate\mower.dff" with handler "gta3.std.stream"
Found file [0x000002041EFED887] "Veículos\Carros\Carrinho Bate Bate\mower.txd" with handler "gta3.std.stream"
No handler or callme for file "Veículos\Carros\Carrinho Bate Bate\Thumbs.db"
Found file [0x00000104162A947E] "Veículos\Carros\Carrinho Mercado\farmtr1.dff" with handler "gta3.std.stream"
Found file [0x0000020424039AD6] "Veículos\Carros\Carrinho Mercado\farmtr1.txd" with handler "gta3.std.stream"
No handler or callme for file "Veículos\Carros\Carrinho Mercado\Thumbs.db"
Found file [0x0000010489D2F32E] "Veículos\Carros\Carro Sorvete 2\rumpo.dff" with handler "gta3.std.stream"
Found file [0x0000020477FB7906] "Veículos\Carros\Carro Sorvete 2\rumpo.txd" with handler "gta3.std.stream"
No handler or callme for file "Veículos\Carros\Carro Sorvete 2\Thumbs.db"
Found file [0x0000010434802034] "Veículos\Carros\Clover\clover.dff" with handler "gta3.std.stream"
Found file [0x0000020446A74C7C] "Veículos\Carros\Clover\clover.txd" with handler "gta3.std.stream"
No handler or callme for file "Veículos\Carros\Clover\Thumbs.db"
Found file [0x000001040847116D] "Veículos\Carros\Comet Plus+\comet.dff" with handler "gta3.std.stream"
Found file [0x00000204162017C1] "Veículos\Carros\Comet Plus+\comet.txd" with handler "gta3.std.stream"
Found file [0xFFFFFFFFFFFFFFFF] "Veículos\Carros\Comet Plus+\lineas comet.txt" with handler "<none>"
No handler or callme for file "Veículos\Carros\Comet Plus+\Thumbs.db"
Found file [0x00000104D97934E8] "Veículos\Carros\Fiat 147\sabre.dff" with handler "gta3.std.stream"
Found file [0x00000204C3506F18] "Veículos\Carros\Fiat 147\sabre.txd" with handler "gta3.std.stream"
Found file [0x000001041D8EAF36] "Veículos\Carros\Freeway Plus\freeway.dff" with handler "gta3.std.stream"
Found file [0x000002041B6609DE] "Veículos\Carros\Freeway Plus\freeway.txd" with handler "gta3.std.stream"
Found file [0xFFFFFFFFFFFFFFFF] "Veículos\Carros\Freeway Plus\Lines.txt" with handler "<none>"
Found file [0x000001048F751E05] "Veículos\Carros\hermes\hermes.dff" with handler "gta3.std.stream"
Found file [0x000002048D9C2AC9] "Veículos\Carros\hermes\hermes.txd" with handler "gta3.std.stream"
No handler or callme for file "Veículos\Carros\hermes\Thumbs.db"
Found file [0x00000104D6926946] "Veículos\Carros\Hotdog\hotdog.dff" with handler "gta3.std.stream"
Found file [0x00000204F4B9A7AE] "Veículos\Carros\Hotdog\hotdog.txd" with handler "gta3.std.stream"
Found file [0x000000013D4C3499] "Veículos\Carros\Hotknife\cleo\cleo_text\hotknife.fxt" with handler "gta3.std.text"
Found file [0x00000002A79EF75B] "Veículos\Carros\Hotknife\cleo\hotknife.cs" with handler "gta3.std.asi"
Found file [0x000001042F509C77] "Veículos\Carros\Hotknife\hotknife.dff" with handler "gta3.std.stream"
Found file [0x000002043928093B] "Veículos\Carros\Hotknife\hotknife.txd" with handler "gta3.std.stream"
Found file [0xFFFFFFFFFFFFFFFF] "Veículos\Carros\Hotknife\hotknife.txt" with handler "<none>"
No handler or callme for file "Veículos\Carros\Hotknife\ImVehFt\colors\HTRD.ivfc"
Found file [0x000002049E398D2C] "Veículos\Carros\Hotknife\paintjob\hotknife1.txd" with handler "gta3.std.stream"
Found file [0x00000204F1DE6F53] "Veículos\Carros\Hotknife\paintjob\hotknife2.txd" with handler "gta3.std.stream"
Found file [0x00000204EDD7C42E] "Veículos\Carros\Hotknife\paintjob\hotknife3.txd" with handler "gta3.std.stream"
Found file [0x000002045B833555] "Veículos\Carros\Hotknife\paintjob\hotknife4.txd" with handler "gta3.std.stream"
Found file [0x0000020457A52CD0] "Veículos\Carros\Hotknife\paintjob\hotknife5.txd" with handler "gta3.std.stream"
No handler or callme for file "Veículos\Carros\Hotknife\paintjob\Thumbs.db"
No handler or callme for file "Veículos\Carros\Hotknife\Thumbs.db"
Found file [0x0000010472B76A4E] "Veículos\Carros\Huntley\huntley.dff" with handler "gta3.std.stream"
Found file [0x0000020460DFF026] "Veículos\Carros\Huntley\huntley.txd" with handler "gta3.std.stream"
No handler or callme for file "Veículos\Carros\Huntley\Thumbs.db"
Found file [0x0000010403679E5C] "Veículos\Carros\HUSTLER\hustler.dff" with handler "gta3.std.stream"
Found file [0x00000204E5901114] "Veículos\Carros\HUSTLER\hustler.txd" with handler "gta3.std.stream"
No handler or callme for file "Veículos\Carros\HUSTLER\Thumbs.db"
Found file [0x00000104FAB609FB] "Veículos\Carros\Invisible Car\uranus.dff" with handler "gta3.std.stream"
Found file [0x000001045611F6D4] "Veículos\Carros\Kibom Bike\bike.dff" with handler "gta3.std.stream"
Found file [0x000002046839221C] "Veículos\Carros\Kibom Bike\bike.txd" with handler "gta3.std.stream"
Found file [0xFFFFFFFFFFFFFFFF] "Veículos\Carros\Mesa Plus+\Lines.txt" with handler "<none>"
Found file [0x0000010489D2EE45] "Veículos\Carros\Mesa Plus+\mesa.dff" with handler "gta3.std.stream"
Found file [0x0000020487FB8D09] "Veículos\Carros\Mesa Plus+\mesa.txd" with handler "gta3.std.stream"
No handler or callme for file "Veículos\Carros\Mesa Plus+\Thumbs.db"
Found file [0x0000010459F91AEF] "Veículos\Carros\Minicooper Mr Bean\flash.dff" with handler "gta3.std.stream"
Found file [0x0000020453D06EC3] "Veículos\Carros\Minicooper Mr Bean\flash.txd" with handler "gta3.std.stream"
No handler or callme for file "Veículos\Carros\Minicooper Mr Bean\Thumbs.db"
Found file [0x000001046145C105] "Veículos\Carros\Moto Fam2\fcr900.dff" with handler "gta3.std.stream"
Found file [0x000002045F6CCDC9] "Veículos\Carros\Moto Fam2\fcr900.txd" with handler "gta3.std.stream"
No handler or callme for file "Veículos\Carros\Moto Fam2\Thumbs.db"
Found file [0x000001046587A183] "Veículos\Carros\Mr Whoopee\mrwhoop.dff" with handler "gta3.std.stream"
Found file [0x000002047760AEAF] "Veículos\Carros\Mr Whoopee\mrwhoop.txd" with handler "gta3.std.stream"
No handler or callme for file "Veículos\Carros\Mr Whoopee\Thumbs.db"
No handler or callme for file "Veículos\Carros\Nemesis strike vortex 2\Thumbs.db"
Found file [0x000001046DD85DFF] "Veículos\Carros\Nemesis strike vortex 2\vortex.dff" with handler "gta3.std.stream"
Found file [0x0000020487FF9593] "Veículos\Carros\Nemesis strike vortex 2\vortex.txd" with handler "gta3.std.stream"
Found file [0x00000104B15ACC8B] "Veículos\Carros\NRG 500 Remastered by Ezekiel\nrg500.dff" with handler "gta3.std.stream"
Found file [0x000002049381AD47] "Veículos\Carros\NRG 500 Remastered by Ezekiel\nrg500.txd" with handler "gta3.std.stream"
No handler or callme for file "Veículos\Carros\NRG 500 Remastered by Ezekiel\Thumbs.db"
Found file [0x00000104871D2D63] "Veículos\Carros\Ovo\rccam.dff" with handler "gta3.std.stream"
Found file [0x0000020498F6398F] "Veículos\Carros\Ovo\rccam.txd" with handler "gta3.std.stream"
No handler or callme for file "Veículos\Carros\Ovo\Thumbs.db"
Found file [0x00000104A900C061] "Veículos\Carros\Papelao Kart\kart.dff" with handler "gta3.std.stream"
Found file [0x000002048ED987CD] "Veículos\Carros\Papelao Kart\kart.txd" with handler "gta3.std.stream"
Found file [0xFFFFFFFFFFFFFFFF] "Veículos\Carros\PCJ600 Remastered HD\data.txt" with handler "<none>"
Found file [0x0000010403727134] "Veículos\Carros\PCJ600 Remastered HD\pcj600.dff" with handler "gta3.std.stream"
Found file [0x0000020415999D7C] "Veículos\Carros\PCJ600 Remastered HD\pcj600.txd" with handler "gta3.std.stream"
Found file [0x00000204E727A2DC] "Veículos\Carros\PCJ600 Remastered HD\pcj600_1.txd" with handler "gta3.std.stream"
Found file [0x00000204C7714C43] "Veículos\Carros\PCJ600 Remastered HD\pcj600_2.txd" with handler "gta3.std.stream"
Found file [0x00000204FBDB089E] "Veículos\Carros\PCJ600 Remastered HD\pcj600_3.txd" with handler "gta3.std.stream"
Found file [0x00000204A4714AC5] "Veículos\Carros\PCJ600 Remastered HD\pcj600_4.txd" with handler "gta3.std.stream"
Found file [0x0000020465A6DE00] "Veículos\Carros\PCJ600 Remastered HD\pcj600_5.txd" with handler "gta3.std.stream"
No handler or callme for file "Veículos\Carros\PCJ600 Remastered HD\Thumbs.db"
Found file [0x0000010471D77E4A] "Veículos\Carros\Police LV Tuner\copcarvg.dff" with handler "gta3.std.stream"
Found file [0x0000020487B0913A] "Veículos\Carros\Police LV Tuner\copcarvg.txd" with handler "gta3.std.stream"
No handler or callme for file "Veículos\Carros\Police LV Tuner\Thumbs.db"
Found file [0x0000010496BF3042] "Veículos\Carros\Quad\quad.dff" with handler "gta3.std.stream"
Found file [0x000002049CE64962] "Veículos\Carros\Quad\quad.txd" with handler "gta3.std.stream"
No handler or callme for file "Veículos\Carros\Quad\Thumbs.db"
Found file [0x000001042DA04466] "Veículos\Carros\Rancher\rancher.dff" with handler "gta3.std.stream"
Found file [0x000002044BC915CE] "Veículos\Carros\Rancher\rancher.txd" with handler "gta3.std.stream"
No handler or callme for file "Veículos\Carros\Rancher\Thumbs.db"
Found file [0x000001047C3A1110] "Veículos\Carros\RC Bandit\rcbandit.dff" with handler "gta3.std.stream"
Found file [0x00000204761165F0] "Veículos\Carros\RC Bandit\rcbandit.txd" with handler "gta3.std.stream"
No handler or callme for file "Veículos\Carros\RC Bandit\Thumbs.db"
Found file [0x000001049D6DEB7B] "Veículos\Carros\Regina CopCarLV\regina.dff" with handler "gta3.std.stream"
Found file [0x000002049F46DEB7] "Veículos\Carros\Regina CopCarLV\regina.txd" with handler "gta3.std.stream"
Found file [0x00000104D3A654A0] "Veículos\Carros\Sandking\sandking.dff" with handler "gta3.std.stream"
Found file [0x00000204EDCD8D40] "Veículos\Carros\Sandking\sandking.txd" with handler "gta3.std.stream"
No handler or callme for file "Veículos\Carros\Sandking\Thumbs.db"
Found file [0x0000010462313371] "Veículos\Carros\Sofá\tug.dff" with handler "gta3.std.stream"
Found file [0x0000020468584B9D] "Veículos\Carros\Sofá\tug.txd" with handler "gta3.std.stream"
Found file [0x000001048F6EBA89] "Veículos\Carros\Solair\solair.dff" with handler "gta3.std.stream"
Found file [0x0000020485974DC5] "Veículos\Carros\Solair\solair.txd" with handler "gta3.std.stream"
Found file [0x00000104E7D44E5F] "Veículos\Carros\Spongebob Burger\club.dff" with handler "gta3.std.stream"
Found file [0x0000020401FD19F3] "Veículos\Carros\Spongebob Burger\club.txd" with handler "gta3.std.stream"
No handler or callme for file "Veículos\Carros\Spongebob Burger\Thumbs.db"
Found file [0x00000104ACCBE057] "Veículos\Carros\stallion\stallion.dff" with handler "gta3.std.stream"
Found file [0x00000204B6A4E01B] "Veículos\Carros\stallion\stallion.txd" with handler "gta3.std.stream"
Found file [0x00000104DCF1ABD2] "Veículos\Carros\Sultan Hatch\sultan.dff" with handler "gta3.std.stream"
Found file [0x00000204C2C8E032] "Veículos\Carros\Sultan Hatch\sultan.txd" with handler "gta3.std.stream"
No handler or callme for file "Veículos\Carros\Thumbs.db"
Found file [0x000001042E9F2BC3] "Veículos\Carros\Topfun\topfun.dff" with handler "gta3.std.stream"
Found file [0x000002044076A5EF] "Veículos\Carros\Topfun\topfun.txd" with handler "gta3.std.stream"
No handler or callme for file "Veículos\Carros\Tram\Thumbs.db"
Found file [0x000001041020E11F] "Veículos\Carros\Tram\tram.dff" with handler "gta3.std.stream"
Found file [0x000002042A4819B3] "Veículos\Carros\Tram\tram.txd" with handler "gta3.std.stream"
Found file [0xFFFFFFFFFFFFFFFF] "Veículos\Carros\Wayfarer Plus+\Lines.txt" with handler "<none>"
No handler or callme for file "Veículos\Carros\Wayfarer Plus+\Thumbs.db"
Found file [0x000001047240F172] "Veículos\Carros\Wayfarer Plus+\wayfarer.dff" with handler "gta3.std.stream"
Found file [0x000002045819B8D2] "Veículos\Carros\Wayfarer Plus+\wayfarer.txd" with handler "gta3.std.stream"
Found file [0x00000104B7FA1CD1] "Veículos\Carros\ZR 350\zr350.dff" with handler "gta3.std.stream"
Found file [0x00000204BE2135FD] "Veículos\Carros\ZR 350\zr350.txd" with handler "gta3.std.stream"
Found file [0x00000104F3A4C659] "Veículos\Trem\Walter's Brown Streak\streak.dff" with handler "gta3.std.stream"
Found file [0x00000204097DD915] "Veículos\Trem\Walter's Brown Streak\streak.txd" with handler "gta3.std.stream"
Found file [0x000001045F880398] "Veículos\Trem\Walter's Brown Streak\streakc.dff" with handler "gta3.std.stream"
Found file [0x0000020469AF2348] "Veículos\Trem\Walter's Brown Streak\streakc.txd" with handler "gta3.std.stream"
Found file [0x000001049391C460] "Veículos\Trem\Walter's Freight\Freibox\freibox.dff" with handler "gta3.std.stream"
Found file [0x00000204ADB8FC00] "Veículos\Trem\Walter's Freight\Freibox\freibox.txd" with handler "gta3.std.stream"
Found file [0xFFFFFFFFFFFFFFFF] "Veículos\Trem\Walter's Freight\Freibox\line.txt" with handler "<none>"
Found file [0x00000104C4CFDD70] "Veículos\Trem\Walter's Freight\Freiflat\freiflat.dff" with handler "gta3.std.stream"
Found file [0x00000204BEA8C450] "Veículos\Trem\Walter's Freight\Freiflat\freiflat.txd" with handler "gta3.std.stream"
Found file [0x00000104194151B0] "Veículos\Trem\Walter's Freight\Freight\freight.dff" with handler "gta3.std.stream"
Found file [0x00000204131A3890] "Veículos\Trem\Walter's Freight\Freight\freight.txd" with handler "gta3.std.stream"
Found file [0x00000104EA622576] "Veículos\VEH BR\boxville.dff" with handler "gta3.std.stream"
Found file [0x00000204E83B121E] "Veículos\VEH BR\boxville.txd" with handler "gta3.std.stream"
Found file [0x00000104FC050A9D] "Veículos\VEH BR\buccanee.dff" with handler "gta3.std.stream"
Found file [0x00000204EA2BFE71] "Veículos\VEH BR\buccanee.txd" with handler "gta3.std.stream"
Found file [0x00000104E012261B] "Veículos\VEH BR\coach.dff" with handler "gta3.std.stream"
Found file [0x00000204E1EB1A57] "Veículos\VEH BR\coach.txd" with handler "gta3.std.stream"
Found file [0x0000010488301347] "Veículos\VEH BR\dozer.dff" with handler "gta3.std.stream"
Found file [0x000002047256FF8B] "Veículos\VEH BR\dozer.txd" with handler "gta3.std.stream"
Found file [0x00000104F72E1DB9] "Veículos\VEH BR\elegy.dff" with handler "gta3.std.stream"
Found file [0x000002040D073175] "Veículos\VEH BR\elegy.txd" with handler "gta3.std.stream"
Found file [0x000001040D280A9F] "Veículos\VEH BR\esperant.dff" with handler "gta3.std.stream"
Found file [0x00000204274F4333] "Veículos\VEH BR\esperant.txd" with handler "gta3.std.stream"
Found file [0x00000204AD11CC9A] "Veículos\VEH BR\fbitruck1.txd" with handler "gta3.std.stream"
Found file [0x000001041A42B026] "Veículos\VEH BR\firela.dff" with handler "gta3.std.stream"
Found file [0x000002043869EE8E] "Veículos\VEH BR\firela.txd" with handler "gta3.std.stream"
Found file [0x00000104F10E9A79] "Veículos\VEH BR\firetruk.dff" with handler "gta3.std.stream"
Found file [0x0000020406E61A35] "Veículos\VEH BR\firetruk.txd" with handler "gta3.std.stream"
Found file [0x00000104EA3C0888] "Veículos\VEH BR\forklift.dff" with handler "gta3.std.stream"
Found file [0x00000204D414D6B8] "Veículos\VEH BR\forklift.txd" with handler "gta3.std.stream"
Found file [0x000001048F751E05] "Veículos\VEH BR\hermes.dff" with handler "gta3.std.stream"
Found file [0x000002048D9C2AC9] "Veículos\VEH BR\hermes.txd" with handler "gta3.std.stream"
Found file [0x00000104D6926946] "Veículos\VEH BR\hotdog.dff" with handler "gta3.std.stream"
Found file [0x00000204F4B9A7AE] "Veículos\VEH BR\hotdog.txd" with handler "gta3.std.stream"
Found file [0x00000104976DC186] "Veículos\VEH BR\intruder.dff" with handler "gta3.std.stream"
Found file [0x00000204B59500EE] "Veículos\VEH BR\intruder.txd" with handler "gta3.std.stream"
Found file [0x00000104D76E1579] "Veículos\VEH BR\moonbeam.dff" with handler "gta3.std.stream"
Found file [0x00000204ED459535] "Veículos\VEH BR\moonbeam.txd" with handler "gta3.std.stream"
Found file [0xFFFFFFFFFFFFFFFF] "Veículos\VEH BR\moonbean.txt" with handler "<none>"
Found file [0x000001046587A183] "Veículos\VEH BR\mrwhoop.dff" with handler "gta3.std.stream"
Found file [0x000002047760AEAF] "Veículos\VEH BR\mrwhoop.txd" with handler "gta3.std.stream"
Found file [0x0000010403727134] "Veículos\VEH BR\pcj600.dff" with handler "gta3.std.stream"
Found file [0x0000020415999D7C] "Veículos\VEH BR\pcj600.txd" with handler "gta3.std.stream"
Found file [0x00000104988D9EC7] "Veículos\VEH BR\petro.dff" with handler "gta3.std.stream"
Found file [0x0000020482B48B0B] "Veículos\VEH BR\petro.txd" with handler "gta3.std.stream"
Found file [0x00000104EBD97BE1] "Veículos\VEH BR\petrotr.dff" with handler "gta3.std.stream"
Found file [0x00000204D1B2434D] "Veículos\VEH BR\petrotr.txd" with handler "gta3.std.stream"
Found file [0x00000104C04D0F0E] "Veículos\VEH BR\previon.dff" with handler "gta3.std.stream"
Found file [0x00000204AE7402E6] "Veículos\VEH BR\previon.txd" with handler "gta3.std.stream"
Found file [0x000001040DF3FD09] "Veículos\VEH BR\raindanc.dff" with handler "gta3.std.stream"
Found file [0x00000204041C9045] "Veículos\VEH BR\raindanc.txd" with handler "gta3.std.stream"
Found file [0x000001047B3C3046] "Veículos\VEH BR\sadler.dff" with handler "gta3.std.stream"
Found file [0x0000020499636EAE] "Veículos\VEH BR\sadler.txd" with handler "gta3.std.stream"
Found file [0x00000104CED55318] "Veículos\VEH BR\securica.dff" with handler "gta3.std.stream"
Found file [0x00000204D8FC72C8] "Veículos\VEH BR\securica.txd" with handler "gta3.std.stream"
No handler or callme for file "Veículos\VEH BR\Thumbs.db"
Found file [0x00000104A3416775] "Veículos\VEH BR\utility.dff" with handler "gta3.std.stream"
Found file [0x00000204C11A86B9] "Veículos\VEH BR\utility.txd" with handler "gta3.std.stream"
Found file [0x00000104E4EB1E78] "Veículos\VEH BR\walton.dff" with handler "gta3.std.stream"
Found file [0x00000204EF123D28] "Veículos\VEH BR\walton.txd" with handler "gta3.std.stream"
Found file [0x0000010483623FCA] "Veículos\VEH BR\yankee.dff" with handler "gta3.std.stream"
Found file [0x00000204993B52BA] "Veículos\VEH BR\yankee.txd" with handler "gta3.std.stream"

Scanning files at "modloader\prioridade 70\"...
Found file [0x00000204B6DFD79C] "Cutscene\cs9mm.txd" with handler "gta3.std.stream"
Found file [0x000002042C030DB6] "Cutscene\csbball.txd" with handler "gta3.std.stream"
Found file [0x00000104196AD450] "Cutscene\csbdup.dff" with handler "gta3.std.stream"
Found file [0x000002041343BB30] "Cutscene\csbdup.txd" with handler "gta3.std.stream"
Found file [0x00000104FD44327F] "Cutscene\csbigbear.dff" with handler "gta3.std.stream"
Found file [0x00000204176B6A13] "Cutscene\csbigbear.txd" with handler "gta3.std.stream"
Found file [0x00000104F7EC120A] "Cutscene\csbigbearthin.dff" with handler "gta3.std.stream"
Found file [0x000002040DC392FA] "Cutscene\csbigbearthin.txd" with handler "gta3.std.stream"
Found file [0x0000010426F1BD6B] "Cutscene\csburger1.dff" with handler "gta3.std.stream"
Found file [0x0000020409189D27] "Cutscene\csburger1.txd" with handler "gta3.std.stream"
Found file [0x00000104A1A95F90] "Cutscene\csburger2.dff" with handler "gta3.std.stream"
Found file [0x000002049B80B470] "Cutscene\csburger2.txd" with handler "gta3.std.stream"
Found file [0x00000204EFA455D3] "Cutscene\cscard.txd" with handler "gta3.std.stream"
Found file [0x00000204CFABFD3C] "Cutscene\cscarddeck.txd" with handler "gta3.std.stream"
Found file [0x00000204EAF08F9D] "Cutscene\cscase.txd" with handler "gta3.std.stream"
Found file [0x000002047694AA75] "Cutscene\cscopcarla92.txd" with handler "gta3.std.stream"
Found file [0x00000104D5DF8F41] "Cutscene\cskendl.dff" with handler "gta3.std.stream"
Found file [0x00000204BBB856AD] "Cutscene\cskendl.txd" with handler "gta3.std.stream"
Found file [0x000002041B020856] "Cutscene\csmoneysing.txd" with handler "gta3.std.stream"
Found file [0x00000104746D9990] "Cutscene\cspulaski.dff" with handler "gta3.std.stream"
Found file [0x000002046E44EE70] "Cutscene\cspulaski.txd" with handler "gta3.std.stream"
Found file [0x0000010457051517] "Cutscene\csryder.dff" with handler "gta3.std.stream"
Found file [0x0000020460DC82DB] "Cutscene\csryder.txd" with handler "gta3.std.stream"
Found file [0x00000104AF24E490] "Cutscene\cssmoke.dff" with handler "gta3.std.stream"
Found file [0x00000204A8FC3970] "Cutscene\cssmoke.txd" with handler "gta3.std.stream"
Found file [0x000001043C2361C2] "Cutscene\cssmokevest.dff" with handler "gta3.std.stream"
Found file [0x00000204424A7AE2] "Cutscene\cssmokevest.txd" with handler "gta3.std.stream"
Found file [0x0000010441B09E40] "Cutscene\cssmokevest2.dff" with handler "gta3.std.stream"
Found file [0x000002045BD969E0] "Cutscene\cssmokevest2.txd" with handler "gta3.std.stream"
Found file [0x000002048F666FCE] "Cutscene\cssuitcase.txd" with handler "gta3.std.stream"
Found file [0x00000104575EF1AF] "Cutscene\cssweet.dff" with handler "gta3.std.stream"
Found file [0x000002045137D883] "Cutscene\cssweet.txd" with handler "gta3.std.stream"
Found file [0x00000104C7847EB0] "Cutscene\cstorino.dff" with handler "gta3.std.stream"
Found file [0x00000204C15D6590] "Cutscene\cstorino.txd" with handler "gta3.std.stream"
No handler or callme for file "Cutscene\Thumbs.db"
Found file [0x000000000DF05C14] "LoadScreens\LOADSCS.txd" with handler "gta3.std.fx"
No handler or callme for file "LoadScreens\Thumbs.db"
Found file [0x0000000C88F64CD2] "Male01 Nervoso\peds.ide" with handler "gta3.std.data"
Found file [0x00000204EB82C8B5] "Mapa\Cidade\barrierblk.txd" with handler "gta3.std.stream"
Found file [0x00000204F3249D0C] "Mapa\Cidade\benchm.txd" with handler "gta3.std.stream"
Found file [0x000002042320BF31] "Mapa\Cidade\cj_airprt.txd" with handler "gta3.std.stream"
Found file [0x0000020436F4FD61] "Mapa\Cidade\cj_airprt2.txd" with handler "gta3.std.stream"
Found file [0x000002045B5EA0CC] "Mapa\Cidade\cj_airprt3.txd" with handler "gta3.std.stream"
Found file [0x000002046F102E02] "Mapa\Cidade\cj_bar.txd" with handler "gta3.std.stream"
Found file [0x000002042CC86DF2] "Mapa\Cidade\cj_ext_vend.txd" with handler "gta3.std.stream"
Found file [0x00000204C62F62F0] "Mapa\Cidade\cj_ext_vend2.txd" with handler "gta3.std.stream"
Found file [0x000002041CBF89AD] "Mapa\Cidade\cj_money_bags.txd" with handler "gta3.std.stream"
Found file [0x000002047CD14762] "Mapa\Cidade\cj_till_break.txd" with handler "gta3.std.stream"
Found file [0x0000020496435E3D] "Mapa\Cidade\Comercios\cinemart_alpha.txd" with handler "gta3.std.stream"
Found file [0x000002049AFB5BE6] "Mapa\Cidade\Comercios\coast_apts.txd" with handler "gta3.std.stream"
Found file [0x0000020416E63169] "Mapa\Cidade\Comercios\compomark_lae2.txd" with handler "gta3.std.stream"
Found file [0x000002048D3DF325] "Mapa\Cidade\Comercios\eastbeach2a_lae2.txd" with handler "gta3.std.stream"
Found file [0x00000204DCF108B6] "Mapa\Cidade\Comercios\eastbeach3c_lae2.txd" with handler "gta3.std.stream"
Found file [0x000002040A3ACFF3] "Mapa\Cidade\Comercios\eastbeach4a_lae2.txd" with handler "gta3.std.stream"
Found file [0x00000204A9772C72] "Mapa\Cidade\Comercios\eastbeach8_lae2.txd" with handler "gta3.std.stream"
Found file [0x00000204AA492D60] "Mapa\Cidade\Comercios\eastlstr_lae2.txd" with handler "gta3.std.stream"
Found file [0x00000204182A417F] "Mapa\Cidade\Comercios\lae2newtempbx.txd" with handler "gta3.std.stream"
Found file [0x000002049DC81ABA] "Mapa\Cidade\Comercios\lawnstripm.txd" with handler "gta3.std.stream"
Found file [0x00000204F980301F] "Mapa\Cidade\Comercios\mainlcawn.txd" with handler "gta3.std.stream"
Found file [0x000002040D16AC4D] "Mapa\Cidade\Comercios\melrose02_lawn.txd" with handler "gta3.std.stream"
Found file [0x000002040A1EDF1A] "Mapa\Cidade\Comercios\melrose03_lawn.txd" with handler "gta3.std.stream"
Found file [0x00000204AE8DC598] "Mapa\Cidade\Comercios\melrose05_lawn.txd" with handler "gta3.std.stream"
Found file [0x000002046CCEF387] "Mapa\Cidade\Comercios\melrose08_lawn.txd" with handler "gta3.std.stream"
Found file [0x0000020416807EDD] "Mapa\Cidade\Comercios\melrose11_lawn.txd" with handler "gta3.std.stream"
Found file [0x00000204FF0F2729] "Mapa\Cidade\Comercios\melrose15_lawn.txd" with handler "gta3.std.stream"
Found file [0x000002044A12D965] "Mapa\Cidade\Comercios\melrose19_lawn.txd" with handler "gta3.std.stream"
Found file [0x00000204CAC08D72] "Mapa\Cidade\Comercios\melrosetr1_lawn.txd" with handler "gta3.std.stream"
Found file [0x00000204575F61F1] "Mapa\Cidade\Comercios\melrosetr_lawn.txd" with handler "gta3.std.stream"
No handler or callme for file "Mapa\Cidade\Comercios\Thumbs.db"
Found file [0x0000020447818B0B] "Mapa\Cidade\ctscene_las.txd" with handler "gta3.std.stream"
Found file [0x000002049CBEA8E5] "Mapa\Cidade\desn2_roadbloks.txd" with handler "gta3.std.stream"
Found file [0x0000020476926E7E] "Mapa\Cidade\dyn_cash.txd" with handler "gta3.std.stream"
Found file [0x00000204CC48F701] "Mapa\Cidade\dyn_objects.txd" with handler "gta3.std.stream"
Found file [0x000002041354DD50] "Mapa\Cidade\eastls4_lae2.txd" with handler "gta3.std.stream"
Found file [0x000002045868F8CA] "Mapa\Cidade\Fabrica\sprunkworks.txd" with handler "gta3.std.stream"
No handler or callme for file "Mapa\Cidade\Fabrica\Thumbs.db"
Found file [0x00000204A1C191D8] "Mapa\Cidade\fazer\sw_fact02.txd" with handler "gta3.std.stream"
Found file [0x00000204C4CF0F99] "Mapa\Cidade\fazer\sw_well1.txd" with handler "gta3.std.stream"
No handler or callme for file "Mapa\Cidade\fazer\Thumbs.db"
Found file [0x00000204E27BC548] "Mapa\Cidade\foodkarts.txd" with handler "gta3.std.stream"
Found file [0x00000204C1B1C92E] "Mapa\Cidade\graffiti_lan01.txd" with handler "gta3.std.stream"
Found file [0x000002045C91CCA1] "Mapa\Cidade\Greenscreen\con_drivein.txd" with handler "gta3.std.stream"
Found file [0x00000204E43A32BF] "Mapa\Cidade\lae2billboards.txd" with handler "gta3.std.stream"
Found file [0x00000204E82E6C56] "Mapa\Cidade\lanblokb.txd" with handler "gta3.std.stream"
Found file [0x000002044BFE7459] "Mapa\Cidade\melrose06_lawn.txd" with handler "gta3.std.stream"
Found file [0x000002046CCEF387] "Mapa\Cidade\melrose08_lawn.txd" with handler "gta3.std.stream"
Found file [0x00000204BF47E612] "Mapa\Cidade\Posto Ipiranga\barrio1_lae.txd" with handler "gta3.std.stream"
No handler or callme for file "Mapa\Cidade\Posto Ipiranga\Thumbs.db"
Found file [0x0000020403B2F842] "Mapa\Cidade\Posto Ipiranga\wshxrefpump.txd" with handler "gta3.std.stream"
Found file [0x0000020419FF2412] "Mapa\Cidade\roadblkx.txd" with handler "gta3.std.stream"
No handler or callme for file "Mapa\Cidade\SBT\Thumbs.db"
Found file [0x0000020475FB3D0C] "Mapa\Cidade\SBT\tvstudio_law2.txd" with handler "gta3.std.stream"
Found file [0x00000204A3FA6A29] "Mapa\Cidade\telegraph.txd" with handler "gta3.std.stream"
No handler or callme for file "Mapa\Cidade\Thumbs.db"
Found file [0x000002044E91F5CA] "Mapa\Cidade\vend.txd" with handler "gta3.std.stream"
Found file [0x000002047D9DEC56] "Mapa\Interiores\Academia Tozi\Exterior\ganton01_lae2.txd" with handler "gta3.std.stream"
Found file [0x0000020410802A7A] "Mapa\Interiores\Academia Tozi\Exterior\gym_weights.txd" with handler "gta3.std.stream"
Found file [0x00000204B973FEF8] "Mapa\Interiores\Academia Tozi\Exterior\vbmybox.txd" with handler "gta3.std.stream"
Found file [0x000002047FC6DD4E] "Mapa\Interiores\Academia Tozi\Exterior\vegasdwntwn1.txd" with handler "gta3.std.stream"
Found file [0x00000204DF6D63C7] "Mapa\Interiores\Academia Tozi\Exterior\vwmybox.txd" with handler "gta3.std.stream"
Found file [0x000002044D7724F5] "Mapa\Interiores\Academia Tozi\Interior\genintint2_gym.txd" with handler "gta3.std.stream"
Found file [0x000002048B398E55] "Mapa\Interiores\Academia Tozi\Interior\genintint_gym.txd" with handler "gta3.std.stream"
Found file [0x000002042E73AF32] "Mapa\Interiores\Academia Tozi\Interior\intring_gymint3.txd" with handler "gta3.std.stream"
Found file [0x000002045A938158] "Mapa\Interiores\Academia Tozi\Interior\lring_gmint3.txd" with handler "gta3.std.stream"
Found file [0x00000204C23D9BA9] "Mapa\Interiores\Academia Tozi\Interior\punchbag2.txd" with handler "gta3.std.stream"
Found file [0x00000204D6BCE72E] "Mapa\Interiores\Casas\Bdup\bdupsfurn.txd" with handler "gta3.std.stream"
Found file [0x000002048329EAC3] "Mapa\Interiores\Casas\Bdup\bdupshifi.txd" with handler "gta3.std.stream"
Found file [0x000002040ACFF98B] "Mapa\Interiores\Casas\Bdup\bdupslight.txd" with handler "gta3.std.stream"
Found file [0x0000020437C4BD65] "Mapa\Interiores\Casas\Bdup\bdupsnew.txd" with handler "gta3.std.stream"
Found file [0x00000204A97603FF] "Mapa\Interiores\Casas\Bdup\lee_bdupsflat.txd" with handler "gta3.std.stream"
Found file [0x00000204F1ADCC8D] "Mapa\Interiores\Casas\Bdup\lee_bdupsmain.txd" with handler "gta3.std.stream"
No handler or callme for file "Mapa\Interiores\Casas\Bdup\Thumbs.db"
Found file [0x00000204CADD3385] "Mapa\Interiores\Casas\Casa Ryder\csbottle.txd" with handler "gta3.std.stream"
Found file [0x000002040D50A87C] "Mapa\Interiores\Casas\Casa Ryder\cscooker.txd" with handler "gta3.std.stream"
Found file [0x00000204ADC2A2D7] "Mapa\Interiores\Casas\Casa Ryder\csryderbrew.txd" with handler "gta3.std.stream"
Found file [0x00000204946BAEC3] "Mapa\Interiores\Casas\Casa Ryder\rybath.txd" with handler "gta3.std.stream"
Found file [0x000002044BEC6713] "Mapa\Interiores\Casas\Casa Ryder\ryfurn2.txd" with handler "gta3.std.stream"
Found file [0x000002045527D6E1] "Mapa\Interiores\Casas\Casa Ryder\ryhall.txd" with handler "gta3.std.stream"
Found file [0x000002040493A55A] "Mapa\Interiores\Casas\Casa Ryder\rylounge.txd" with handler "gta3.std.stream"
Found file [0x0000020465720946] "Mapa\Interiores\Casas\Casa Ryder\rystuff.txd" with handler "gta3.std.stream"
Found file [0x0000020444927499] "Mapa\Interiores\Casas\Casa Ryder\rywins.txd" with handler "gta3.std.stream"
No handler or callme for file "Mapa\Interiores\Casas\Casa Ryder\Thumbs.db"
Found file [0x000002049A491B25] "Mapa\Interiores\Casas\Casa Sweet\contachou1_lae2.txd" with handler "gta3.std.stream"
Found file [0x00000204A656F0C6] "Mapa\Interiores\Casas\Casa Sweet\csfridge.txd" with handler "gta3.std.stream"
Found file [0x00000204A11AB13A] "Mapa\Interiores\Casas\Casa Sweet\sweetshads.txd" with handler "gta3.std.stream"
Found file [0x00000204B5428C39] "Mapa\Interiores\Casas\Casa Sweet\sweetshall.txd" with handler "gta3.std.stream"
Found file [0x000002043201A36F] "Mapa\Interiores\Casas\Casa Sweet\sweetsmain.txd" with handler "gta3.std.stream"
Found file [0x000002042ED6AA32] "Mapa\Interiores\Casas\Casa Sweet\sweets_bit2.txd" with handler "gta3.std.stream"
Found file [0x000002040D48C845] "Mapa\Interiores\Casas\Casa Sweet\sweets_roon.txd" with handler "gta3.std.stream"
No handler or callme for file "Mapa\Interiores\Casas\Casa Sweet\Thumbs.db"
Found file [0x0000020474438D67] "Mapa\Interiores\Comidas\Burger\burger_tray.txd" with handler "gta3.std.stream"
Found file [0x000002044B36D5FB] "Mapa\Interiores\Comidas\Burger\cj_burg_sign.txd" with handler "gta3.std.stream"
Found file [0x00000204ABCF8893] "Mapa\Interiores\Comidas\Burger\cj_burg_sign2.txd" with handler "gta3.std.stream"
Found file [0x000002040DAC97B2] "Mapa\Interiores\Comidas\Burger\cj_ff_acc1.txd" with handler "gta3.std.stream"
Found file [0x00000204C8DA1EE9] "Mapa\Interiores\Comidas\Burger\cj_ff_counters.txd" with handler "gta3.std.stream"
Found file [0x00000204758E4A6B] "Mapa\Interiores\Comidas\Burger\genintintfastb2.txd" with handler "gta3.std.stream"
Found file [0x000002040BD7407D] "Mapa\Interiores\Comidas\Burger\proc_rub.txd" with handler "gta3.std.stream"
No handler or callme for file "Mapa\Interiores\Comidas\Burger\Thumbs.db"
Found file [0x00000204FBE5AC23] "Mapa\Interiores\Comidas\Frago Assado\cb_details.txd" with handler "gta3.std.stream"
Found file [0x00000204B489D23C] "Mapa\Interiores\Comidas\Frago Assado\chick_tray.txd" with handler "gta3.std.stream"
Found file [0x00000204D623327C] "Mapa\Interiores\Comidas\Frago Assado\cj_cb_sign.txd" with handler "gta3.std.stream"
Found file [0x00000204DC91343F] "Mapa\Interiores\Comidas\Frago Assado\EXTERIOR\bigoldbuild_sfe.txd" with handler "gta3.std.stream"
Found file [0x00000204B26EE9CA] "Mapa\Interiores\Comidas\Frago Assado\EXTERIOR\chinatownmall.txd" with handler "gta3.std.stream"
Found file [0x000002040EBF1839] "Mapa\Interiores\Comidas\Frago Assado\EXTERIOR\cluckbell_sfs.txd" with handler "gta3.std.stream"
Found file [0x00000204E8242311] "Mapa\Interiores\Comidas\Frago Assado\EXTERIOR\cuntwbtzzcs_t.txd" with handler "gta3.std.stream"
Found file [0x0000020464EE5573] "Mapa\Interiores\Comidas\Frago Assado\EXTERIOR\des_dinerw.txd" with handler "gta3.std.stream"
Found file [0x00000204452CD481] "Mapa\Interiores\Comidas\Frago Assado\EXTERIOR\des_ufoinn.txd" with handler "gta3.std.stream"
Found file [0x00000204E22BFB7A] "Mapa\Interiores\Comidas\Frago Assado\EXTERIOR\furniture_lae2.txd" with handler "gta3.std.stream"
Found file [0x000002049E9DDB0E] "Mapa\Interiores\Comidas\Frago Assado\EXTERIOR\lashops6_las2.txd" with handler "gta3.std.stream"
Found file [0x00000204A0D778BA] "Mapa\Interiores\Comidas\Frago Assado\EXTERIOR\lawnabv.txd" with handler "gta3.std.stream"
No handler or callme for file "Mapa\Interiores\Comidas\Frago Assado\EXTERIOR\Thumbs.db"
Found file [0x000002043B62D2D7] "Mapa\Interiores\Comidas\Frago Assado\EXTERIOR\vgndwntwn23.txd" with handler "gta3.std.stream"
Found file [0x00000204109017E8] "Mapa\Interiores\Comidas\Frago Assado\EXTERIOR\vgnshopnmall.txd" with handler "gta3.std.stream"
Found file [0x00000204EEB6753C] "Mapa\Interiores\Comidas\Frago Assado\genintintfasta.txd" with handler "gta3.std.stream"
No handler or callme for file "Mapa\Interiores\Comidas\Frago Assado\Thumbs.db"
Found file [0x00000204FBBEF033] "Mapa\Interiores\Comidas\Frago Assado\wmybell.txd" with handler "gta3.std.stream"
Found file [0x000002045B619C02] "Mapa\Interiores\Comidas\Guaraná\cjtemp.txd" with handler "gta3.std.stream"
Found file [0x000002042219E001] "Mapa\Interiores\Comidas\Guaraná\cj_commercial.txd" with handler "gta3.std.stream"
Found file [0x00000204A73FD997] "Mapa\Interiores\Comidas\Guaraná\cj_furniture.txd" with handler "gta3.std.stream"
Found file [0x0000020456232279] "Mapa\Interiores\Comidas\Guaraná\cj_jucie.txd" with handler "gta3.std.stream"
Found file [0x0000020479F37FA7] "Mapa\Interiores\Comidas\Guaraná\cj_off_lic.txd" with handler "gta3.std.stream"
Found file [0x000002047395BE0C] "Mapa\Interiores\Comidas\Pizza\cj_piz_sign.txd" with handler "gta3.std.stream"
Found file [0x00000204ED940BE4] "Mapa\Interiores\Comidas\Pizza\EXTERIOR PIZZA\ce_bankalley1.txd" with handler "gta3.std.stream"
Found file [0x0000020415462BE4] "Mapa\Interiores\Comidas\Pizza\EXTERIOR PIZZA\ce_pizza.txd" with handler "gta3.std.stream"
Found file [0x00000204E9089CEE] "Mapa\Interiores\Comidas\Pizza\EXTERIOR PIZZA\idlewood3_lae.txd" with handler "gta3.std.stream"
Found file [0x0000020494FCBCA4] "Mapa\Interiores\Comidas\Pizza\EXTERIOR PIZZA\pier69.txd" with handler "gta3.std.stream"
Found file [0x000002044F97831F] "Mapa\Interiores\Comidas\Pizza\EXTERIOR PIZZA\smallertxd.txd" with handler "gta3.std.stream"
Found file [0x00000204EDECC2F5] "Mapa\Interiores\Comidas\Pizza\EXTERIOR PIZZA\sw_block06.txd" with handler "gta3.std.stream"
No handler or callme for file "Mapa\Interiores\Comidas\Pizza\EXTERIOR PIZZA\Thumbs.db"
Found file [0x0000020405E444FE] "Mapa\Interiores\Comidas\Pizza\genintintfastc.txd" with handler "gta3.std.stream"
Found file [0x0000020403066B62] "Mapa\Interiores\Comidas\Pizza\pizza_furn OLD.txd" with handler "gta3.std.stream"
Found file [0x00000204318C2231] "Mapa\Interiores\Comidas\Pizza\pizza_furn.txd" with handler "gta3.std.stream"
Found file [0x000002041465092E] "Mapa\Interiores\Comidas\Pizza\pizza_tray.txd" with handler "gta3.std.stream"
Found file [0x000002049FF29B46] "Mapa\Interiores\Comidas\Pizza\prop_pizzabox.txd" with handler "gta3.std.stream"
No handler or callme for file "Mapa\Interiores\Comidas\Pizza\Thumbs.db"
Found file [0x00000204683EBE69] "Mapa\Interiores\Comidas\Pizza\wmypizz.txd" with handler "gta3.std.stream"
Found file [0x000002044ABF038C] "Mapa\Interiores\Comidas\Subway\Exterior\melrose12_lawn.txd" with handler "gta3.std.stream"
Found file [0x000002047E0F78A6] "Mapa\Interiores\Comidas\Subway\Exterior\telewirelawn.txd" with handler "gta3.std.stream"
Found file [0x000002043BE0D44A] "Mapa\Interiores\Comidas\Subway\Interior\cj_don_sign.txd" with handler "gta3.std.stream"
Found file [0x0000020480DF9A94] "Mapa\Interiores\Comidas\Subway\Interior\donut_tray.txd" with handler "gta3.std.stream"
Found file [0x00000204CAE9162F] "Mapa\Interiores\Comidas\Subway\Interior\d_s.txd" with handler "gta3.std.stream"
Found file [0x00000204AC001D25] "Mapa\Interiores\Comidas\Subway\Interior\genintintfastd.txd" with handler "gta3.std.stream"
Found file [0x00000204E6BD3B04] "Mapa\Interiores\Farmacia\cj_ammun_extra.txd" with handler "gta3.std.stream"
Found file [0x00000204F1B2460D] "Mapa\Interiores\Farmacia\gen_munation.txd" with handler "gta3.std.stream"
Found file [0x00000204AA2A1A13] "Mapa\Interiores\Farmacia\gen_mun_counter.txd" with handler "gta3.std.stream"
Found file [0x0000020449DDC477] "Mapa\Interiores\Farmacia\gen_mun_xtars2.txd" with handler "gta3.std.stream"
Found file [0x00000204B5105743] "Mapa\Interiores\Farmacia\gen_mun_xtra1.txd" with handler "gta3.std.stream"
Found file [0x00000204F61EC28A] "Mapa\Interiores\Farmacia\lasraodnshops.txd" with handler "gta3.std.stream"
No handler or callme for file "Mapa\Interiores\Farmacia\Thumbs.db"
Found file [0x00000204F1680C48] "Mapa\Interiores\Jefferson Motel\imy_motel.txd" with handler "gta3.std.stream"
Found file [0x00000204024822A6] "Mapa\Interiores\Jefferson Motel\imy_motel2.txd" with handler "gta3.std.stream"
Found file [0x00000204660B49AF] "Mapa\Interiores\Jefferson Motel\im_xtra.txd" with handler "gta3.std.stream"
No handler or callme for file "Mapa\Interiores\Jefferson Motel\Thumbs.db"
Found file [0x00000204F56F562E] "Mapa\Interiores\Livros\gb_books01.txd" with handler "gta3.std.stream"
Found file [0x00000204FA1A0D79] "Mapa\Interiores\Livros\gb_magazines01.txd" with handler "gta3.std.stream"
No handler or callme for file "Mapa\Interiores\Livros\Thumbs.db"
Found file [0x00000204FBAE9D29] "Mapa\Interiores\Lojas de Roupas\Centauro\Exterior\rodeo02_law2.txd" with handler "gta3.std.stream"
Found file [0x000002042E40B691] "Mapa\Interiores\Lojas de Roupas\Centauro\Exterior\sunbill_law2.txd" with handler "gta3.std.stream"
Found file [0x000002044415BAE0] "Mapa\Interiores\Lojas de Roupas\Centauro\Interior\cj_pro.txd" with handler "gta3.std.stream"
Found file [0x000002043FBBAD10] "Mapa\Interiores\Lojas de Roupas\Centauro\Interior\genintclothessport.txd" with handler "gta3.std.stream"
Found file [0x00000204605A1DEE] "Mapa\Interiores\Lojas de Roupas\Centauro\Interior\sport_cloth.txd" with handler "gta3.std.stream"
Found file [0x000002044552F0E4] "Mapa\Interiores\Lojas de Roupas\Hering\Exterior\stolenbuild02.txd" with handler "gta3.std.stream"
Found file [0x00000204CE981942] "Mapa\Interiores\Lojas de Roupas\Hering\Interior\cj_gash.txd" with handler "gta3.std.stream"
Found file [0x00000204F4826300] "Mapa\Interiores\Lojas de Roupas\Hering\Interior\cj_zip_sign.txd" with handler "gta3.std.stream"
Found file [0x000002043BC535AC] "Mapa\Interiores\Lojas de Roupas\Hering\Interior\cloth_track_t.txd" with handler "gta3.std.stream"
Found file [0x000002048DD74D0D] "Mapa\Interiores\Lojas de Roupas\Hering\Interior\gap.txd" with handler "gta3.std.stream"
Found file [0x0000020439CF43EB] "Mapa\Interiores\Lojas de Roupas\Hering\Interior\shopping.txd" with handler "gta3.std.stream"
Found file [0x0000020425F79601] "Mapa\Interiores\Lojas de Roupas\KondZilla Wear\gta3\jeffers5a_lae.txd" with handler "gta3.std.stream"
No handler or callme for file "Mapa\Interiores\Lojas de Roupas\KondZilla Wear\gta3\Thumbs.db"
Found file [0x000002041F7A4FD5] "Mapa\Interiores\Lojas de Roupas\KondZilla Wear\gta_int\cj_banner.txd" with handler "gta3.std.stream"
Found file [0x0000020416AEECFD] "Mapa\Interiores\Lojas de Roupas\KondZilla Wear\gta_int\cj_banner2.txd" with handler "gta3.std.stream"
Found file [0x00000204C758F971] "Mapa\Interiores\Lojas de Roupas\KondZilla Wear\gta_int\cj_base5.txd" with handler "gta3.std.stream"
Found file [0x000002041314CD67] "Mapa\Interiores\Lojas de Roupas\KondZilla Wear\gta_int\cj_bobo.txd" with handler "gta3.std.stream"
Found file [0x00000204D1FB4C2C] "Mapa\Interiores\Lojas de Roupas\KondZilla Wear\gta_int\cj_urb.txd" with handler "gta3.std.stream"
Found file [0x000002041B289AA6] "Mapa\Interiores\Lojas de Roupas\KondZilla Wear\gta_int\intclotheshiphop.txd" with handler "gta3.std.stream"
Found file [0x00000204C0F36A4E] "Mapa\Interiores\Lojas de Roupas\KondZilla Wear\gta_int\skate_shop.txd" with handler "gta3.std.stream"
Found file [0x00000204F1ADFC05] "Mapa\Interiores\Lojas de Roupas\KondZilla Wear\gta_int\surf_boards.txd" with handler "gta3.std.stream"
No handler or callme for file "Mapa\Interiores\Lojas de Roupas\KondZilla Wear\gta_int\Thumbs.db"
Found file [0x000002043C9CF578] "Mapa\Interiores\Lojas de Roupas\Marisa\cj_banner3.txd" with handler "gta3.std.stream"
Found file [0x00000204218BFDC7] "Mapa\Interiores\Lojas de Roupas\Marisa\cj_binc_sign.txd" with handler "gta3.std.stream"
Found file [0x000002042E8E2E26] "Mapa\Interiores\Lojas de Roupas\Marisa\cloth_trackies.txd" with handler "gta3.std.stream"
Found file [0x000002043BC535AC] "Mapa\Interiores\Lojas de Roupas\Marisa\cloth_track_t.txd" with handler "gta3.std.stream"
Found file [0x00000204AED5F276] "Mapa\Interiores\Lojas de Roupas\Marisa\Exterior Roupas\templae2land.txd" with handler "gta3.std.stream"
No handler or callme for file "Mapa\Interiores\Lojas de Roupas\Marisa\Exterior Roupas\Thumbs.db"
Found file [0x00000204550ACD41] "Mapa\Interiores\Lojas de Roupas\Marisa\scummy.txd" with handler "gta3.std.stream"
No handler or callme for file "Mapa\Interiores\Lojas de Roupas\Marisa\Thumbs.db"
Found file [0x00000204B7244140] "Mapa\Interiores\Lojas de Roupas\Renner\Exterior\rodeo01_law2.txd" with handler "gta3.std.stream"
Found file [0x0000020400F2E4DC] "Mapa\Interiores\Lojas de Roupas\Renner\Exterior\rodeot01_law2.txd" with handler "gta3.std.stream"
Found file [0x000002049C2F3113] "Mapa\Interiores\Lojas de Roupas\Renner\Interior\cj_vic.txd" with handler "gta3.std.stream"
Found file [0x000002046CA2F66F] "Mapa\Interiores\Lojas de Roupas\Renner\Interior\intclothesa.txd" with handler "gta3.std.stream"
Found file [0x0000020417BD3ED4] "Mapa\Interiores\Lojas de Roupas\Renner\Interior\intclothes_acc.txd" with handler "gta3.std.stream"
Found file [0x0000001683E4E5B4] "Mapa\Interiores\Lojas de Roupas\shopping.dat" with handler "gta3.std.data"
Found file [0x00000204E1C24F2D] "Mapa\Interiores\Loterias\coe_offtrackshop.txd" with handler "gta3.std.stream"
Found file [0x00000204E3114B1E] "Mapa\Interiores\Loterias\dtbuil1_lan2.txd" with handler "gta3.std.stream"
Found file [0x00000204CB444145] "Mapa\Interiores\Loterias\gen_offtrackint.txd" with handler "gta3.std.stream"
Found file [0x00000204A1FD6D2A] "Mapa\Interiores\Loterias\gen_otb_bits.txd" with handler "gta3.std.stream"
Found file [0x00000204D6E70B7E] "Mapa\Interiores\Loterias\otb_machine.txd" with handler "gta3.std.stream"
Found file [0x000002043D036445] "Mapa\Interiores\Loterias\sw_block11.txd" with handler "gta3.std.stream"
No handler or callme for file "Mapa\Interiores\Loterias\Thumbs.db"
Found file [0x00000204C3E244BB] "Mapa\Interiores\Mercadinho\711c.txd" with handler "gta3.std.stream"
Found file [0x000002048E321F23] "Mapa\Interiores\Mercadinho\711_sfw.txd" with handler "gta3.std.stream"
Found file [0x00000204321BDFDA] "Mapa\Interiores\Mercadinho\7_11_door.txd" with handler "gta3.std.stream"
Found file [0x00000204595194FC] "Mapa\Interiores\Mercadinho\7_11_posters.txd" with handler "gta3.std.stream"
Found file [0x00000204EE0A6C29] "Mapa\Interiores\Mercadinho\cj_ss_1.txd" with handler "gta3.std.stream"
Found file [0x00000204C49CDEF6] "Mapa\Interiores\Mercadinho\cj_ss_2.txd" with handler "gta3.std.stream"
Found file [0x00000204C8A3891B] "Mapa\Interiores\Mercadinho\cj_ss_3.txd" with handler "gta3.std.stream"
Found file [0x00000204CB8E6A18] "Mapa\Interiores\Mercadinho\cj_ss_4.txd" with handler "gta3.std.stream"
Found file [0x00000204BBABFD7A] "Mapa\Interiores\Mercadinho\EXTRERIOR\casinoshops1.txd" with handler "gta3.std.stream"
Found file [0x000002047E35B07C] "Mapa\Interiores\Mercadinho\EXTRERIOR\lanblokb2.txd" with handler "gta3.std.stream"
Found file [0x000002044132CDF2] "Mapa\Interiores\Mercadinho\EXTRERIOR\shopliquor_las.txd" with handler "gta3.std.stream"
Found file [0x000002047D503208] "Mapa\Interiores\Mercadinho\EXTRERIOR\stripshop1.txd" with handler "gta3.std.stream"
No handler or callme for file "Mapa\Interiores\Mercadinho\EXTRERIOR\Thumbs.db"
Found file [0x000002047FC6DD4E] "Mapa\Interiores\Mercadinho\EXTRERIOR\vegasdwntwn1.txd" with handler "gta3.std.stream"
Found file [0x000002042D8EFDB9] "Mapa\Interiores\Mercadinho\EXTRERIOR\vgnretail6.txd" with handler "gta3.std.stream"
Found file [0x00000204F3342472] "Mapa\Interiores\Mercadinho\gb_foodwrap01.txd" with handler "gta3.std.stream"
Found file [0x00000204856FC0E2] "Mapa\Interiores\Mercadinho\genintint711_1.txd" with handler "gta3.std.stream"
Found file [0x00000204536D44AD] "Mapa\Interiores\Mercadinho\new_cabinets.txd" with handler "gta3.std.stream"
Found file [0x00000204279D7C25] "Mapa\Interiores\Mercadinho\new_cabinets2.txd" with handler "gta3.std.stream"
Found file [0x000002045C2E48E0] "Mapa\Interiores\Mercadinho\new_cabinets3.txd" with handler "gta3.std.stream"
No handler or callme for file "Mapa\Interiores\Mercadinho\Thumbs.db"
Found file [0x000002047CB49B25] "Mapa\Interiores\Nova Era Games\Exterior\vgnlowbild.txd" with handler "gta3.std.stream"
Found file [0x000002043758379D] "Mapa\Interiores\Nova Era Games\Interior\cj_sex.txd" with handler "gta3.std.stream"
Found file [0x0000020438D8BBE3] "Mapa\Interiores\Nova Era Games\Interior\genintintsex.txd" with handler "gta3.std.stream"
Found file [0x000002047D4CBB02] "Mapa\Interiores\Nova Era Games\Interior\sexdetail.txd" with handler "gta3.std.stream"
Found file [0x0000020418913E2D] "Mapa\Interiores\Outros\bball1.txd" with handler "gta3.std.stream"
Found file [0x00000204CCE671F1] "Mapa\Interiores\Outros\carter_block_2.txd" with handler "gta3.std.stream"
Found file [0x00000204E315C8A7] "Mapa\Interiores\Outros\estate2.txd" with handler "gta3.std.stream"
Found file [0x00000204C61BD64A] "Mapa\Interiores\Outros\gb_bedroomclths01.txd" with handler "gta3.std.stream"
Found file [0x00000204952F0981] "Mapa\Interiores\Outros\gb_kitchtake.txd" with handler "gta3.std.stream"
Found file [0x00000204A0B22AF9] "Mapa\Interiores\Outros\gb_takeaway01.txd" with handler "gta3.std.stream"
Found file [0x00000204EEDE3354] "Mapa\Interiores\Outros\nu_filing.txd" with handler "gta3.std.stream"
No handler or callme for file "Mapa\Interiores\Outros\Thumbs.db"
Found file [0x000002045C71BC53] "Mapa\Interiores\Outros\vghotelnice.txd" with handler "gta3.std.stream"
Found file [0x000002046A6C0A00] "Mapa\Interiores\Para Editar\Bar\cj_bar2.txd" with handler "gta3.std.stream"
No handler or callme for file "Mapa\Interiores\Para Editar\Bar\Thumbs.db"
Found file [0x000002049C8F263C] "Mapa\Interiores\Para Editar\pick_up.txd" with handler "gta3.std.stream"
No handler or callme for file "Mapa\Interiores\Para Editar\Thumbs.db"
Found file [0x00000204DD975866] "Mapa\Interiores\Quadros\dr_gsbits.txd" with handler "gta3.std.stream"
Found file [0x000002045365BF27] "Mapa\Interiores\Quadros\gb_ornaments01.txd" with handler "gta3.std.stream"
Found file [0x00000204160A1EC7] "Mapa\Interiores\Quadros\mp3.txd" with handler "gta3.std.stream"
Found file [0x00000204C28A6DC1] "Mapa\Interiores\Quadros\picture_frame.txd" with handler "gta3.std.stream"
Found file [0x00000204B768B2AA] "Mapa\Interiores\Quadros\picture_frame_clip.txd" with handler "gta3.std.stream"
No handler or callme for file "Mapa\Interiores\Quadros\Thumbs.db"
Found file [0x000002048EA281FA] "Mapa\Interiores\Shopping\civic02cj.txd" with handler "gta3.std.stream"
No handler or callme for file "Mapa\Interiores\Shopping\Thumbs.db"
Found file [0x0000020478F65CD6] "Mapa\Interiores\Tattoo Shop\int_tatoo.txd" with handler "gta3.std.stream"
No handler or callme for file "Mapa\Interiores\Tattoo Shop\Thumbs.db"
No handler or callme for file "Mapa\Interiores\Thumbs.db"
No handler or callme for file "Mapa\Interiores\Zero RC\CJ_TRAIN_SET.png"
Found file [0x0000020416C1A5BF] "Mapa\Interiores\Zero RC\rc_shop_acc.txd" with handler "gta3.std.stream"
Found file [0x00000204E6CE3FF4] "Mapa\Interiores\Zero RC\rc_shop_figure.txd" with handler "gta3.std.stream"
Found file [0x00000204EE7EF99D] "Mapa\Interiores\Zero RC\rc_shop_hanger.txd" with handler "gta3.std.stream"
Found file [0x000002044716AA18] "Mapa\Interiores\Zero RC\rc_shop_toy.txd" with handler "gta3.std.stream"
Found file [0x00000204462A71A1] "Mapa\Interiores\Zero RC\rc_shop_trains.txd" with handler "gta3.std.stream"
No handler or callme for file "Mapa\Interiores\Zero RC\Thumbs.db"
No handler or callme for file "Mapa\Super Mario World\audio\streams\AMBIENCE\sound_007.ogg"
Found file [0x000002040B3B94CA] "Mapa\Super Mario World\models\cj_coin_op.txd" with handler "gta3.std.stream"
No handler or callme for file "Mapa\Super Mario World\models\Thumbs.db"
Found file [0x000000005A4EA040] "Mapa\Super Mario World\models\txd\ld_grav.txd" with handler "gta3.std.sprites"
No handler or callme for file "Mapa\Super Mario World\models\txd\Thumbs.db"
Found file [0x000002048CAC4D92] "Pichacoes\tags_larifa.txd" with handler "gta3.std.stream"
Found file [0x00000204AA076ECA] "Pichacoes\tags_laseville.txd" with handler "gta3.std.stream"
Found file [0x00000204A17A0F66] "Pichacoes\tags_lavagos.txd" with handler "gta3.std.stream"
No handler or callme for file "Pichacoes\Thumbs.db"
Found file [0x0000020476F8BE00] "Roupas\Barba\goatee.txd" with handler "gta3.std.stream"
No handler or callme for file "Roupas\Barba\Thumbs.db"
Found file [0x0000010449BCB32D] "Roupas\bombeiro chapeu\bikerhelmet.dff" with handler "gta3.std.stream"
Found file [0x0000020457942681] "Roupas\bombeiro chapeu\bikerhelmet.txd" with handler "gta3.std.stream"
Found file [0x00000104DBE7FCA6] "Roupas\bombeiro chapeu\pimpBOMBEIRO.dff" with handler "gta3.std.stream"
Found file [0x00000204FA0F3B0E] "Roupas\bombeiro chapeu\pimpBOMBEIRO.txd" with handler "gta3.std.stream"
No handler or callme for file "Roupas\bombeiro chapeu\Thumbs.db"
Found file [0x00000204AB61BF1F] "Roupas\Bully Medico\medic.txd" with handler "gta3.std.stream"
Found file [0x00000204B1A452C9] "Roupas\Bully Medico\medictr.txd" with handler "gta3.std.stream"
No handler or callme for file "Roupas\Bully Medico\Thumbs.db"
Found file [0x00000104B3C9B9FE] "Roupas\Cabelo Loiro\elvishair.dff" with handler "gta3.std.stream"
Found file [0x00000204C1A2C056] "Roupas\Cabelo Loiro\elvishair.txd" with handler "gta3.std.stream"
No handler or callme for file "Roupas\Cabelo Loiro\Thumbs.db"
Found file [0x00000204D5D1248D] "Roupas\Chapolin\bask2heatwht.txd" with handler "gta3.std.stream"
Found file [0x0000020467D691A8] "Roupas\Chapolin\hairred.txd" with handler "gta3.std.stream"
Found file [0x00000204F886E04B] "Roupas\Chapolin\shortsgang.txd" with handler "gta3.std.stream"
No handler or callme for file "Roupas\Chapolin\Thumbs.db"
Found file [0x00000204D7D8FFB8] "Roupas\Chapolin\trackytop1pro.txd" with handler "gta3.std.stream"
Found file [0x0000010459B8FEA2] "Roupas\Cluckin Bell\boxingcap.dff" with handler "gta3.std.stream"
Found file [0x000002045FE017C2] "Roupas\Cluckin Bell\boxingcap.txd" with handler "gta3.std.stream"
No handler or callme for file "Roupas\Cluckin Bell\Thumbs.db"
Found file [0x00000204F88DD6D3] "Roupas\Cluckin Bell\tracktrgang.txd" with handler "gta3.std.stream"
Found file [0x0000020443AE4F5A] "Roupas\Cluckin Bell\tshirtbobomonk.txd" with handler "gta3.std.stream"
Found file [0x00000204B848D898] "Roupas\Fresh Prince\capblueside.txd" with handler "gta3.std.stream"
Found file [0x00000204E06E9F1B] "Roupas\Fresh Prince\shortsgrey.txd" with handler "gta3.std.stream"
No handler or callme for file "Roupas\Fresh Prince\Thumbs.db"
Found file [0x00000204C345FE64] "Roupas\Fresh Prince\tshirtheatwht.txd" with handler "gta3.std.stream"
Found file [0x00000104AAB10CF5] "Roupas\Funk\cap.dff" with handler "gta3.std.stream"
Found file [0x000002041FECEA6A] "Roupas\Funk\capblk.txd" with handler "gta3.std.stream"
Found file [0x00000204004836C1] "Roupas\Funk\capblue.txd" with handler "gta3.std.stream"
Found file [0x0000020449A134A4] "Roupas\Funk\capgang.txd" with handler "gta3.std.stream"
Found file [0x000002048FB5E4A6] "Roupas\Funk\capred.txd" with handler "gta3.std.stream"
Found file [0x000002040D0DCD8E] "Roupas\Funk\capzip.txd" with handler "gta3.std.stream"
Found file [0x00000104D7660D22] "Roupas\Funk\glasses03.dff" with handler "gta3.std.stream"
Found file [0x00000204DD8D2642] "Roupas\Funk\glasses03.txd" with handler "gta3.std.stream"
Found file [0x0000020416DB32BE] "Roupas\Funk\glasses03blue.txd" with handler "gta3.std.stream"
Found file [0x00000204886DCF5E] "Roupas\Funk\glasses03dark.txd" with handler "gta3.std.stream"
Found file [0x00000204127CD2BB] "Roupas\Funk\glasses03red.txd" with handler "gta3.std.stream"
No handler or callme for file "Roupas\Funk\Thumbs.db"
Found file [0x000002043C629B4B] "Roupas\Hair\afro.txd" with handler "gta3.std.stream"
Found file [0x00000204DA9C461F] "Roupas\Hair\afrotash.txd" with handler "gta3.std.stream"
Found file [0x00000204857B5A47] "Roupas\Hair\flattop.txd" with handler "gta3.std.stream"
Found file [0x0000020409C34933] "Roupas\Hair\hairpink.txd" with handler "gta3.std.stream"
No handler or callme for file "Roupas\Hair\Thumbs.db"
Found file [0x00000204DDED4842] "Roupas\Hats\balaclava.txd" with handler "gta3.std.stream"
Found file [0x00000204C33E5F37] "Roupas\Hats\bandgang.txd" with handler "gta3.std.stream"
Found file [0x0000020499013DE3] "Roupas\Hats\bandred2.txd" with handler "gta3.std.stream"
Found file [0x00000204769D32E3] "Roupas\Hats\capblueover.txd" with handler "gta3.std.stream"
Found file [0x00000104778E11F2] "Roupas\Hats\captruck.dff" with handler "gta3.std.stream"
Found file [0x000002045D66D952] "Roupas\Hats\captruck.txd" with handler "gta3.std.stream"
Found file [0x0000020448F82449] "Roupas\Hats\hatmancplaid.txd" with handler "gta3.std.stream"
No handler or callme for file "Roupas\Hats\Thumbs.db"
Found file [0x00000204CC863F24] "Roupas\Julius\bald.txd" with handler "gta3.std.stream"
Found file [0x00000204964122B9] "Roupas\Julius\garagetop.txd" with handler "gta3.std.stream"
No handler or callme for file "Roupas\Julius\Thumbs.db"
Found file [0x0000020460207F38] "Roupas\Legs\bbshortred.txd" with handler "gta3.std.stream"
Found file [0x0000020436D262CC] "Roupas\Legs\boxshort.txd" with handler "gta3.std.stream"
No handler or callme for file "Roupas\Legs\Thumbs.db"
Found file [0x00000204FCDBBF97] "Roupas\Memes\beard.txd" with handler "gta3.std.stream"
Found file [0x00000204522B278E] "Roupas\Memes\cutoffdenims.txd" with handler "gta3.std.stream"
Found file [0x000002048364C6E7] "Roupas\Memes\jhericurl.txd" with handler "gta3.std.stream"
No handler or callme for file "Roupas\Memes\Thumbs.db"
Found file [0x0000020498D21DA9] "Roupas\Memes\tshirterisorn.txd" with handler "gta3.std.stream"
Found file [0x00000204ECCED298] "Roupas\Memes\tshirterisyell.txd" with handler "gta3.std.stream"
Found file [0x0000020414F4243E] "Roupas\Orange 12\chinosblack.txd" with handler "gta3.std.stream"
Found file [0x00000204FD57A680] "Roupas\Orange 12\hoodyagreen.txd" with handler "gta3.std.stream"
Found file [0x00000204165C3764] "Roupas\Outros\groucho.txd" with handler "gta3.std.stream"
Found file [0x0000010454D07543] "Roupas\Outros\grouchos.dff" with handler "gta3.std.stream"
Found file [0x0000020484715968] "Roupas\Outros\hockey.txd" with handler "gta3.std.stream"
Found file [0x0000010437286928] "Roupas\Outros\hockeymask.dff" with handler "gta3.std.stream"
No handler or callme for file "Roupas\Outros\Thumbs.db"
Found file [0x00000204A793D724] "Roupas\Pink CJ\cowboyboot2.txd" with handler "gta3.std.stream"
Found file [0x00000204539F6598] "Roupas\Pink CJ\gimp.txd" with handler "gta3.std.stream"
Found file [0x000002048C56DCB4] "Roupas\Pink CJ\gimpleg.txd" with handler "gta3.std.stream"
Found file [0x00000204AE942AA8] "Roupas\Pink CJ\gimpmask.txd" with handler "gta3.std.stream"
Found file [0x00000204D8E36515] "Roupas\Pink CJ\gimpshoe.txd" with handler "gta3.std.stream"
Found file [0x0000020453FC372C] "Roupas\Pink CJ\shellsuit.txd" with handler "gta3.std.stream"
Found file [0x000002045A0BF482] "Roupas\Pink CJ\shellsuittr.txd" with handler "gta3.std.stream"
No handler or callme for file "Roupas\Pink CJ\Thumbs.db"
Found file [0x00000204BFFDC125] "Roupas\Pink CJ\zorro.txd" with handler "gta3.std.stream"
Found file [0x0000020415AAB722] "Roupas\Shoes\sandal.txd" with handler "gta3.std.stream"
No handler or callme for file "Roupas\Shoes\Thumbs.db"
No handler or callme for file "Roupas\Thumbs.db"
Found file [0x00000204965A397E] "Roupas\Torso\baskballdrib.txd" with handler "gta3.std.stream"
Found file [0x0000020413A561A3] "Roupas\Torso\hawaiiwht.txd" with handler "gta3.std.stream"
Found file [0x00000204F2E17A72] "Roupas\Torso\sportjack.txd" with handler "gta3.std.stream"
No handler or callme for file "Roupas\Torso\Thumbs.db"
Found file [0x00000204361BA0D1] "Roupas\Torso\tshirtbase5.txd" with handler "gta3.std.stream"
Found file [0x0000020438B8CCD3] "Roupas\Torso\tshirtblunts.txd" with handler "gta3.std.stream"
Found file [0x0000020457E2DE87] "Roupas\Torso\tshirtilovels.txd" with handler "gta3.std.stream"
Found file [0x00000204D0E8DB3E] "Roupas\Torso\tshirtlocgrey.txd" with handler "gta3.std.stream"
Found file [0x0000020427BB80AE] "Roupas\Torso\vestblack.txd" with handler "gta3.std.stream"
Found file [0x00000104C7AD896A] "Skins\antigas\bbthin.dff" with handler "gta3.std.stream"
Found file [0x00000204DD85095A] "Skins\antigas\bbthin.txd" with handler "gta3.std.stream"
Found file [0x00000104E5918C4D] "Skins\antigas\cwmyhb2.dff" with handler "gta3.std.stream"
Found file [0x00000204F36A92A1] "Skins\antigas\cwmyhb2.txd" with handler "gta3.std.stream"
Found file [0x000001045D2D85AE] "Skins\antigas\pulaski.dff" with handler "gta3.std.stream"
Found file [0x000002044B560B86] "Skins\antigas\pulaski.txd" with handler "gta3.std.stream"
Found file [0x00000104B49014C5] "Skins\antigas\ryder.dff" with handler "gta3.std.stream"
Found file [0x00000204B2B8B389] "Skins\antigas\ryder.txd" with handler "gta3.std.stream"
Found file [0x0000010447393DE5] "Skins\antigas\ryder2.dff" with handler "gta3.std.stream"
Found file [0x00000204456049A9] "Skins\antigas\ryder2.txd" with handler "gta3.std.stream"
Found file [0x000001044F32A51C] "Skins\antigas\ryder3.dff" with handler "gta3.std.stream"
Found file [0x00000204315985D4] "Skins\antigas\ryder3.txd" with handler "gta3.std.stream"
Found file [0x00000104FE84E802] "Skins\antigas\smoke.dff" with handler "gta3.std.stream"
Found file [0x0000020404AD9422] "Skins\antigas\smoke.txd" with handler "gta3.std.stream"
Found file [0x0000010480E5FFF4] "Skins\antigas\smokev.dff" with handler "gta3.std.stream"
Found file [0x00000204930D2B3C] "Skins\antigas\smokev.txd" with handler "gta3.std.stream"
Found file [0x000001041B06812D] "Skins\antigas\sweet.dff" with handler "gta3.std.stream"
Found file [0x0000020428DDF481] "Skins\antigas\sweet.txd" with handler "gta3.std.stream"
No handler or callme for file "Skins\antigas\Thumbs.db"
Found file [0x00000104CCCF840A] "Skins\antigas\torino.dff" with handler "gta3.std.stream"
Found file [0x00000204E2A704FA] "Skins\antigas\torino.txd" with handler "gta3.std.stream"
Found file [0x000001042ADDB2AF] "Skins\antigas\wmyva2.dff" with handler "gta3.std.stream"
Found file [0x0000020424B69983] "Skins\antigas\wmyva2.txd" with handler "gta3.std.stream"
Found file [0x00000204DE5591D1] "Skins\Correio\hmogar.txd" with handler "gta3.std.stream"
No handler or callme for file "Skins\Correio\Thumbs.db"
Found file [0x00000204BEEE58A4] "Skins\Correio\wmysgrd.txd" with handler "gta3.std.stream"
Found file [0x000001048F751E05] "Skins\Funkeiros\hermes.dff" with handler "gta3.std.stream"
Found file [0x000002048D9C2AC9] "Skins\Funkeiros\hermes.txd" with handler "gta3.std.stream"
Found file [0x0000010428F8A973] "Skins\Funkeiros\lsv1.dff" with handler "gta3.std.stream"
Found file [0x000002041B21351F] "Skins\Funkeiros\lsv1.txd" with handler "gta3.std.stream"
Found file [0x000001043231ABD8] "Skins\Funkeiros\lsv2.dff" with handler "gta3.std.stream"
Found file [0x000002043C5A5D88] "Skins\Funkeiros\lsv2.txd" with handler "gta3.std.stream"
Found file [0x00000104309520A1] "Skins\Funkeiros\lsv3.dff" with handler "gta3.std.stream"
Found file [0x00000204166C550D] "Skins\Funkeiros\lsv3.txd" with handler "gta3.std.stream"
Found file [0x000001047F30D831] "Skins\Funkeiros\manana.dff" with handler "gta3.std.stream"
Found file [0x000002048557F15D] "Skins\Funkeiros\manana.txd" with handler "gta3.std.stream"
Found file [0x000001041EAC3A27] "Skins\Funkeiros\oceanic.dff" with handler "gta3.std.stream"
Found file [0x0000020408D3276B] "Skins\Funkeiros\oceanic.txd" with handler "gta3.std.stream"
No handler or callme for file "Skins\Funkeiros\Thumbs.db"
Found file [0x00000104DE8C9258] "Skins\Funkeiros\yosemite.dff" with handler "gta3.std.stream"
Found file [0x00000204E8B54408] "Skins\Funkeiros\yosemite.txd" with handler "gta3.std.stream"
Found file [0x000002047721A2DB] "Skins\Gays\sfr1.txd" with handler "gta3.std.stream"
Found file [0x000002048608EB14] "Skins\Gays\sfr2.txd" with handler "gta3.std.stream"
Found file [0x000002049A0FAFE9] "Skins\Gays\sfr3.txd" with handler "gta3.std.stream"
No handler or callme for file "Skins\Gays\Thumbs.db"
Found file [0x000001041E06254F] "Skins\Proerd\bmydrug.dff" with handler "gta3.std.stream"
Found file [0x0000020417DF0C23] "Skins\Proerd\bmydrug.txd" with handler "gta3.std.stream"
No handler or callme for file "Skins\Proerd\Thumbs.db"
No handler or callme for file "Skins\Roupa Pizza\Thumbs.db"
Found file [0x000001049A0DAF15] "Skins\Roupa Pizza\wfyclot.dff" with handler "gta3.std.stream"
Found file [0x00000204B7E6CF59] "Skins\Roupa Pizza\wfyclot.txd" with handler "gta3.std.stream"
Found file [0x026004486E87C067] "Sons\GENRL\Bank_137\sound_76.wav" with handler "gta3.std.bank"
Found file [0x00000104503D86A3] "Veiculos\Caminhao de Lixo\trash.dff" with handler "gta3.std.stream"
Found file [0x00000204621500CF] "Veiculos\Caminhao de Lixo\trash.txd" with handler "gta3.std.stream"
Found file [0x00000104C376F6FE] "Veiculos\Carro Policia Rosa\copcarla.dff" with handler "gta3.std.stream"
Found file [0x00000204D14FFD56] "Veiculos\Carro Policia Rosa\copcarla.txd" with handler "gta3.std.stream"
No handler or callme for file "Veiculos\Carro Policia Rosa\Thumbs.db"
Found file [0x00000104772BF57F] "Veiculos\Onibus Valinhos\Bus.dff" with handler "gta3.std.stream"
Found file [0x0000020491532D13] "Veiculos\Onibus Valinhos\Bus.txd" with handler "gta3.std.stream"
Found file [0x00000104E012261B] "Veiculos\Onibus Valinhos\coach.dff" with handler "gta3.std.stream"
Found file [0x00000204E1EB1A57] "Veiculos\Onibus Valinhos\coach.txd" with handler "gta3.std.stream"
No handler or callme for file "Veiculos\Onibus Valinhos\Thumbs.db"

Scanning files at "modloader\prioridade 80\"...
Found file [0x000000029E586892] "Body Stats Fix\CLEO\Body Stat Fix In Interiors (Cleoude).cs" with handler "gta3.std.asi"
Found file [0x00000204D8391494] "Breakable Vending Machines\(HD textures)\Breakable Vending Machines\CJ_VEND_MANHUNT.txd" with handler "gta3.std.stream"
Found file [0x00000304D70709A1] "Breakable Vending Machines\Breakable Vending Machines.col" with handler "gta3.std.stream"
Found file [0x0000000C7A708F2B] "Breakable Vending Machines\Breakable Vending Machines.ide" with handler "gta3.std.data"
Found file [0x0000010463D69248] "Breakable Vending Machines\CJ_EXT_SPRUNK.dff" with handler "gta3.std.stream"
Found file [0x000001044F66855B] "Breakable Vending Machines\CJ_EXT_SPRUNK_DAM.dff" with handler "gta3.std.stream"
Found file [0x000001040507F0CD] "Breakable Vending Machines\CJ_SPRUNK1.DFF" with handler "gta3.std.stream"
Found file [0x0000010423EF7222] "Breakable Vending Machines\CJ_SPRUNK1_DAM.dff" with handler "gta3.std.stream"
Found file [0x00000204D8391494] "Breakable Vending Machines\CJ_VEND_MANHUNT.txd" with handler "gta3.std.stream"
Found file [0x000002041D6532B9] "Breakable Vending Machines\CJ_VEND_MANH_EXT.txd" with handler "gta3.std.stream"
Found file [0x00000002D39ABF08] "Breakable Vending Machines\CLEO\Breakable Vending Machines (Junior_Djjr).cs" with handler "gta3.std.asi"
Found file [0xFFFFFFFFFFFFFFFF] "Breakable Vending Machines\Loader.txt" with handler "<none>"
Found file [0x00000002B89A5518] "CJ grita em quedas com o carro\cleo\caraireact.cs" with handler "gta3.std.asi"
Found file [0x00000002E5F6F296] "Crazy Train\cleo\crazytrain.cs" with handler "gta3.std.asi"
Found file [0x000000025C79CA0D] "Enterable Hidden Interiors\CLEO\EHI Enex Tweaks (Junior_Djjr).cs" with handler "gta3.std.asi"
No handler or callme for file "Enterable Hidden Interiors\CLEO\EHI Enex Tweaks (Junior_Djjr).sc"
Found file [0x00000002AD973EA9] "Enterable Hidden Interiors\CLEO\EHI.cs" with handler "gta3.std.asi"
Found file [0xFFFFFFFFFFFFFFFF] "Enterable Hidden Interiors\data\gta dat.txt" with handler "<none>"
Found file [0x0000000D872FCC2C] "Enterable Hidden Interiors\data\maps\EHI\EHI.ipl" with handler "gta3.std.data"
Found file [0x0000000CD4AF6CE1] "Enterable Hidden Interiors\map files replace\leveldes\levelmap.ide" with handler "gta3.std.data"
Found file [0x0000020438560B4C] "Enterable Hidden Interiors\models\gta3.img\a51_detailstuff.txd" with handler "gta3.std.stream"
Found file [0x00000104E1FA5DF0] "Enterable Hidden Interiors\models\gta3.img\CJ_CUSTOM_BAR.dff" with handler "gta3.std.stream"
Found file [0x000003040F930C42] "Enterable Hidden Interiors\models\gta3.img\countn2_5.col" with handler "gta3.std.stream"
Found file [0x0000030421EF1B11] "Enterable Hidden Interiors\models\gta3.img\countrye_13.col" with handler "gta3.std.stream"
Found file [0x0000010427038580] "Enterable Hidden Interiors\models\gta3.img\des_a51infenc.dff" with handler "gta3.std.stream"
Found file [0x000002045EB008F2] "Enterable Hidden Interiors\models\gta3.img\lan2office.txd" with handler "gta3.std.stream"
Found file [0x00000304C62F7474] "Enterable Hidden Interiors\models\gta3.img\lan2_1.col" with handler "gta3.std.stream"
Found file [0x00000304328C9ACF] "Enterable Hidden Interiors\models\gta3.img\laxref.col" with handler "gta3.std.stream"
Found file [0x00000304864B4D05] "Enterable Hidden Interiors\models\gta3.img\levelmap_1.col" with handler "gta3.std.stream"
Found file [0x00000304D52BD8AC] "Enterable Hidden Interiors\models\gta3.img\sfse_12.col" with handler "gta3.std.stream"
Found file [0x000001046E34040B] "Enterable Hidden Interiors\models\gta3.img\skyscrapn203_gls.dff" with handler "gta3.std.stream"
Found file [0x0000010458E70072] "Enterable Hidden Interiors\models\gta3.img\sw_gas01.dff" with handler "gta3.std.stream"
Found file [0x00000204082DFBFD] "Enterable Hidden Interiors\models\gta3.img\vgnvrock.txd" with handler "gta3.std.stream"
Found file [0x0000010495D7E7AD] "Enterable Hidden Interiors\models\gta_int.img\ab_mafsuiteDoor.dff" with handler "gta3.std.stream"
Found file [0x00000304F37EB5E2] "Enterable Hidden Interiors\models\gta_int.img\gen_int3_1.col" with handler "gta3.std.stream"
Found file [0x0000030469C2D481] "Enterable Hidden Interiors\models\gta_int.img\gen_int4_1.col" with handler "gta3.std.stream"
Found file [0x0000030421CE2904] "Enterable Hidden Interiors\models\gta_int.img\gen_int5_1.col" with handler "gta3.std.stream"
Found file [0x0000030461EC90DF] "Enterable Hidden Interiors\models\gta_int.img\gen_int5_2.col" with handler "gta3.std.stream"
Found file [0x00000304D096F074] "Enterable Hidden Interiors\models\gta_int.img\gen_intb_2.col" with handler "gta3.std.stream"
Found file [0x000003049C5E637F] "Enterable Hidden Interiors\models\gta_int.img\int_cont_1.col" with handler "gta3.std.stream"
Found file [0x00000304A816B26D] "Enterable Hidden Interiors\models\gta_int.img\int_la_2.col" with handler "gta3.std.stream"
Found file [0x000003048B3D2A0F] "Enterable Hidden Interiors\models\gta_int.img\int_la_4.col" with handler "gta3.std.stream"
Found file [0x00000304D77C7693] "Enterable Hidden Interiors\models\gta_int.img\int_veg_1.col" with handler "gta3.std.stream"
Found file [0x0000030496721F15] "Enterable Hidden Interiors\models\gta_int.img\props.col" with handler "gta3.std.stream"
Found file [0x00000304F69727B5] "Enterable Hidden Interiors\models\gta_int.img\props2.col" with handler "gta3.std.stream"
Found file [0x00000001BE2CF4F6] "Enterable Hidden Interiors\SimpleLimitAdjuster_Enex.asi" with handler "gta3.std.asi"
Found file [0x00000001C35AD1D3] "GPS Camera\CameraGPS.asi" with handler "gta3.std.asi"
No handler or callme for file "GPS Camera\CameraGPS.ini"
No handler or callme for file "GPS Camera\CameraGPS.log"
Found file [0x0000000265891937] "Improved Jetpack Control\CLEO\Improved Jetpack Control (Junior_Djjr).cs" with handler "gta3.std.asi"
No handler or callme for file "Improved Jetpack Control\CLEO\Improved Jetpack Control.ini"
Found file [0x000000022632731F] "Mod Insetos\cleo\Insects (Junior_Djjr).cs" with handler "gta3.std.asi"
Found file [0x00000104ADD488A6] "New Algorithm for Trains\bltlm.dff" with handler "gta3.std.stream"
Found file [0x000000020A28AF27] "New Algorithm for Trains\CLEO\algorithm5.cs" with handler "gta3.std.asi"
Found file [0x0000000257D396AA] "New Algorithm for Trains\CLEO\undersized_lights.cs" with handler "gta3.std.asi"
Found file [0x000003046615147B] "New Algorithm for Trains\colltl.col" with handler "gta3.std.stream"
Found file [0x000001046113C011] "New Algorithm for Trains\grtlm.dff" with handler "gta3.std.stream"
Found file [0xFFFFFFFFFFFFFFFF] "New Algorithm for Trains\Loader.txt" with handler "<none>"
Found file [0x00000104F87762CE] "New Algorithm for Trains\rdtlm.dff" with handler "gta3.std.stream"
Found file [0x0000000CB9BC0692] "New Algorithm for Trains\tllgs.IDE" with handler "gta3.std.data"
Found file [0x0000020447C00CEB] "New Algorithm for Trains\tltxsm.txd" with handler "gta3.std.stream"
Found file [0x00000104D23B28B7] "New Algorithm for Trains\whtlm.dff" with handler "gta3.std.stream"
Found file [0x0000010466019755] "New Algorithm for Trains\yltlm.dff" with handler "gta3.std.stream"
Found file [0x0000000296ECF384] "Ped Fire Fix\CLEO\Ped Fire Fix (Junior_Djjr).cs" with handler "gta3.std.asi"
Found file [0x00000002B7C478A7] "Random Car Talk\cleo\Random Car Talk (Junior_Djjr).cs" with handler "gta3.std.asi"
No handler or callme for file "Random Car Talk\cleo\Random Car Talk.ini"
No handler or callme for file "Real Traffic Fix\RealTrafficFix.ini"
No handler or callme for file "Real Traffic Fix\RealTrafficFix.log"
Found file [0x000000017053323E] "Real Traffic Fix\RealTrafficFix.SA.asi" with handler "gta3.std.asi"
Found file [0x000000025A0AE11F] "Show Date\Cleo\show_date.cs" with handler "gta3.std.asi"
Found file [0x0000000205394A44] "Throw Rotate Fix\CLEO\Throw Rotate Fix (Junior_Djjr).cs" with handler "gta3.std.asi"
Found file [0x0000000272BFE192] "Tutorial Free Roam\CLEO\Tutorial Free Roam.cs" with handler "gta3.std.asi"
Found file [0x00000002DFE81564] "Unpause Zone Name\CLEO\Unpause Zone Name (Junior_Djjr).cs" with handler "gta3.std.asi"
Found file [0x00000001C6E9C7B2] "VehFuncs\gsx.asi" with handler "gta3.std.asi"
No handler or callme for file "VehFuncs\gsx.log"
Found file [0x0000000133AE51D4] "VehFuncs\VehFuncs.asi" with handler "gta3.std.asi"
No handler or callme for file "VehFuncs\VehFuncs.ini"
No handler or callme for file "VehFuncs\VehFuncs.log"
Found file [0x00000002CD573B51] "Weather Forecast\cleo\Weather Forecast (Junior_Djjr).cs" with handler "gta3.std.asi"
No handler or callme for file "Weather Forecast\cleo\Weather Forecast.ini"
Found file [0x000000002147DD0E] "Weather Forecast\models\txd\weafore.txd" with handler "gta3.std.sprites"
Found file [0xFFFFFFFFFFFFFFFF] "Weather Forecast\tutorial.txt" with handler "<none>"

Scanning files at "modloader\prioridade 90\"...
Found file [0x00000002367BA9F1] "Attach Vehicle\CLEO\Attach Vehicle (Junior_Djjr).cs" with handler "gta3.std.asi"
No handler or callme for file "Attach Vehicle\CLEO\Attach Vehicle.ini"
Found file [0x00000001193A0ECE] "Attach Vehicle\CLEO\cleo_text\Attach Vehicle.fxt" with handler "gta3.std.text"
Found file [0xFFFFFFFFFFFFFFFF] "Attach Vehicle\TECLA 2.txt" with handler "<none>"
Found file [0x00000001AF1D1CBE] "Collectibles on Radar\CollectiblesOnRadar.SA.asi" with handler "gta3.std.asi"
Found file [0xFFFFFFFFFFFFFFFF] "Collectibles on Radar\desativa com F12.txt" with handler "<none>"
Found file [0x000000022897ED9D] "Horn Call Homies\cleo\Horn Call Homies.cs" with handler "gta3.std.asi"
Found file [0xFFFFFFFFFFFFFFFF] "Horn Call Homies\cleo\Horn Call Homies.txt" with handler "<none>"
Found file [0x0000000265891937] "Improved Jetpack Control\CLEO\Improved Jetpack Control (Junior_Djjr).cs" with handler "gta3.std.asi"
No handler or callme for file "Improved Jetpack Control\CLEO\Improved Jetpack Control.ini"
Found file [0x000000025284DE4D] "Manual DriveBy Remake\cleo\SA.ManualDrivebyRemake.cs" with handler "gta3.std.asi"
No handler or callme for file "Manual DriveBy Remake\cleo\SA.ManualDrivebyRemake.ini"
Found file [0x000006047D12335A] "Manual DriveBy Remake\drivebys.ifp" with handler "gta3.std.stream"
Found file [0x00000002C362E809] "Parked Car Maker\cleo\Car maker parked ( Um Geek ).cs" with handler "gta3.std.asi"
Found file [0xFFFFFFFFFFFFFFFF] "Parked Car Maker\Leiame.txt" with handler "<none>"
Found file [0x000000023E02E58E] "Parking Save Garages\CLEO\grgx_park.cs" with handler "gta3.std.asi"
Found file [0xFFFFFFFFFFFFFFFF] "Parking Save Garages\data\Loader.txt" with handler "<none>"
Found file [0x00000304941C8FF4] "Parking Save Garages\data\maps\grgx_park\grgx_carpark.col" with handler "gta3.std.stream"
Found file [0x0000000C823D0918] "Parking Save Garages\data\maps\grgx_park\grgx_park.ide" with handler "gta3.std.data"
Found file [0x0000000D8E3D1C0D] "Parking Save Garages\data\maps\grgx_park\grgx_park.IPL" with handler "gta3.std.data"
Found file [0x00000001058EE524] "Parking Save Garages\grgx.asi" with handler "gta3.std.asi"
No handler or callme for file "Parking Save Garages\grgx.log"
Found file [0x000001049B15DEBE] "Parking Save Garages\gta3img\grgx_carpark.dff" with handler "gta3.std.stream"
Found file [0x00000204A8ED5216] "Parking Save Garages\gta3img\grgx_carpark.txd" with handler "gta3.std.stream"
Found file [0xFFFFFFFFFFFFFFFF] "Parking Save Garages\Leiame.txt" with handler "<none>"
Found file [0x000000024265E220] "Recruit Any Ped\cleo\Recruit Any Ped.cs" with handler "gta3.std.asi"
No handler or callme for file "Recruit Any Ped\cleo\Recruit Any Ped.ini"
Found file [0x00000002F9AC328B] "Recruit More Members\cleo\Recruit More Members.cs" with handler "gta3.std.asi"
Found file [0xFFFFFFFFFFFFFFFF] "SF Tags\Loader.txt" with handler "<none>"
Found file [0x0000000DFA0043F2] "SF Tags\SF_Tags.ipl" with handler "gta3.std.data"
Found file [0x0000010484A79B04] "Vending Machines Remastered\cj_candyvendor.dff" with handler "gta3.std.stream"
Found file [0x000002042219E001] "Vending Machines Remastered\cj_commercial.txd" with handler "gta3.std.stream"
Found file [0x00000104AAB51056] "Vending Machines Remastered\cj_ext_candy.dff" with handler "gta3.std.stream"
Found file [0x0000010463D69248] "Vending Machines Remastered\cj_ext_sprunk.dff" with handler "gta3.std.stream"
Found file [0x0000020431C7BD71] "Vending Machines Remastered\cj_ext_vend OLD.txd" with handler "gta3.std.stream"
Found file [0x000002042CC86DF2] "Vending Machines Remastered\cj_ext_vend.txd" with handler "gta3.std.stream"
Found file [0x00000204C62F62F0] "Vending Machines Remastered\cj_ext_vend2.txd" with handler "gta3.std.stream"
Found file [0x00000104696E03EE] "Vending Machines Remastered\cj_juice_can.dff" with handler "gta3.std.stream"
Found file [0x000001040507F0CD] "Vending Machines Remastered\cj_sprunk1.dff" with handler "gta3.std.stream"
Found file [0x00000204C3E76FE2] "Vending Machines Remastered\juice OLD.txd" with handler "gta3.std.stream"
Found file [0x0000020408EDDEB1] "Vending Machines Remastered\juice.txd" with handler "gta3.std.stream"
Found file [0x00000304F69727B5] "Vending Machines Remastered\props2.col" with handler "gta3.std.stream"
Found file [0x000002044E91F5CA] "Vending Machines Remastered\vend.txd" with handler "gta3.std.stream"
Found file [0x00000104B821B699] "Vending Machines Remastered\vendmach.dff" with handler "gta3.std.stream"
Found file [0x00000104A549EA43] "Vending Machines Remastered\vendmachfd.dff" with handler "gta3.std.stream"

Scanning files at "modloader\project2dfx\"...
Found file [0x00000001356AFFD6] "SALodLights.asi" with handler "gta3.std.asi"
No handler or callme for file "SALodLights.dat"
No handler or callme for file "SALodLights.ini"

Scanning files at "modloader\proper fixes\"...
Found file [0xFFFFFFFFFFFFFFFF] "Additional Models\Loader.txt" with handler "<none>"
Found file [0x0000000C2579615B] "Additional Models\ProperFixes.ide" with handler "gta3.std.data"
Found file [0x0000000D397980D6] "Additional Models\ProperFixes.ipl" with handler "gta3.std.data"
Found file [0x00000304A13123AC] "Additional Models\Stream\ProperFixes.col" with handler "gta3.std.stream"
Found file [0xFFFFFFFFFFFFFFFF] "Additional Textures\Loader.txt" with handler "<none>"
Found file [0x00000204224927A3] "Additional Textures\lodproperf_country.txd" with handler "gta3.std.stream"
Found file [0x0000020456AD8D3A] "Additional Textures\lodproperf_la.txd" with handler "gta3.std.stream"
Found file [0x0000020438E5F900] "Additional Textures\lodproperf_sf.txd" with handler "gta3.std.stream"
Found file [0x00000204F54A19E7] "Additional Textures\lodproperf_vegas.txd" with handler "gta3.std.stream"
Found file [0x000002043269EA02] "Additional Textures\neontex.txd" with handler "gta3.std.stream"
Found file [0x00000204EC11633D] "Additional Textures\pf_nitelites.txd" with handler "gta3.std.stream"
Found file [0x0000000C0CD08D75] "Additional Textures\ProperFixesTXDP.ide" with handler "gta3.std.data"
Found file [0x00000204B5EA724A] "Additional Textures\properf_country.txd" with handler "gta3.std.stream"
Found file [0x00000204310E060C] "Additional Textures\properf_cutscene.txd" with handler "gta3.std.stream"
Found file [0x00000204B45D0AC3] "Additional Textures\properf_dynamic.txd" with handler "gta3.std.stream"
Found file [0x0000020422F5364F] "Additional Textures\properf_int.txd" with handler "gta3.std.stream"
Found file [0x000002040FD4CD8D] "Additional Textures\properf_la.txd" with handler "gta3.std.stream"
Found file [0x00000204BC08FC3E] "Additional Textures\properf_peds.txd" with handler "gta3.std.stream"
Found file [0x000002040FE89103] "Additional Textures\properf_sf.txd" with handler "gta3.std.stream"
Found file [0x000002042B8AD556] "Additional Textures\properf_vegas.txd" with handler "gta3.std.stream"
Found file [0x00000001DD2E6F89] "cuts.img" with handler "gta3.std.stream"
Found file [0x0000000107582702] "cutscene.img" with handler "gta3.std.stream"
Found file [0x00000001E5000E7F] "gta3.img" with handler "gta3.std.stream"
Found file [0x00000001C56E0FC4] "gta_int.img" with handler "gta3.std.stream"
Found file [0xFFFFFFFFFFFFFFFF] "LOD Vegetation\Loader.txt" with handler "<none>"
No handler or callme for file "LOD Vegetation\LOD Vegetation.url"
Found file [0x000003048E1D88DE] "LOD Vegetation\LODvegetation.col" with handler "gta3.std.stream"
Found file [0x0000000CBE510EC3] "LOD Vegetation\LODvegetation.ide" with handler "gta3.std.data"
Found file [0x000002049EF8D2F8] "LOD Vegetation\LODvegetation.txd" with handler "gta3.std.stream"
Found file [0x00000104E006D9F4] "LOD Vegetation\original replace\lod_redwoodgrp.dff" with handler "gta3.std.stream"
Found file [0x00000104E32017E1] "LOD Vegetation\original replace\lod_vbg_fir_co.dff" with handler "gta3.std.stream"
Found file [0x0000000CBAA63CFB] "Map\data\maps\country\countn2.ide" with handler "gta3.std.data"
Found file [0x0000000DCEA65C76] "Map\data\maps\country\countN2.IPL" with handler "gta3.std.data"
Found file [0x0000000CF9238FED] "Map\data\maps\country\countrye.ide" with handler "gta3.std.data"
Found file [0x0000000DED237CC8] "Map\data\maps\country\countryE.ipl" with handler "gta3.std.data"
Found file [0x0000000CA0570A12] "Map\data\maps\country\countryN.ide" with handler "gta3.std.data"
Found file [0x0000000DAC571D37] "Map\data\maps\country\countryN.IPL" with handler "gta3.std.data"
Found file [0x0000000C699C4873] "Map\data\maps\country\countryS.ide" with handler "gta3.std.data"
Found file [0x0000000D5D9C355E] "Map\data\maps\country\countrys.IPL" with handler "gta3.std.data"
Found file [0x0000000CFAF28DB7] "Map\data\maps\country\countryW.ide" with handler "gta3.std.data"
Found file [0x0000000D06F2A0DA] "Map\data\maps\country\countryW.IPL" with handler "gta3.std.data"
Found file [0x0000000C0154E74A] "Map\data\maps\country\counxref.ide" with handler "gta3.std.data"
Found file [0x0000000DA95B6C79] "Map\data\maps\cull.ipl" with handler "gta3.std.data"
Found file [0x0000000CB1A1D7D5] "Map\data\maps\generic\barriers.ide" with handler "gta3.std.data"
Found file [0x0000000C31E18668] "Map\data\maps\generic\dynamic.ide" with handler "gta3.std.data"
Found file [0x0000000C09D0E246] "Map\data\maps\generic\dynamic2.ide" with handler "gta3.std.data"
Found file [0x0000000C6F5FEDCB] "Map\data\maps\generic\multiobj.ide" with handler "gta3.std.data"
Found file [0x0000000CCAECF760] "Map\data\maps\generic\procobj.ide" with handler "gta3.std.data"
Found file [0x0000000C6DCE532D] "Map\data\maps\generic\vegepart.ide" with handler "gta3.std.data"
Found file [0x0000000D358196CC] "Map\data\maps\interior\gen_int1.ipl" with handler "gta3.std.data"
Found file [0x0000000C9AEA2C43] "Map\data\maps\interior\gen_int3.ide" with handler "gta3.std.data"
Found file [0x0000000CA5D1B3AD] "Map\data\maps\interior\gen_int5.ide" with handler "gta3.std.data"
Found file [0x0000000C9AA98226] "Map\data\maps\interior\gen_intb.ide" with handler "gta3.std.data"
Found file [0x0000000C2EEF8967] "Map\data\maps\interior\int_LA.ide" with handler "gta3.std.data"
Found file [0x0000000D1AEF69EA] "Map\data\maps\interior\int_LA.IPL" with handler "gta3.std.data"
Found file [0x0000000C2C28A145] "Map\data\maps\interior\int_sf.ide" with handler "gta3.std.data"
Found file [0x0000000D4028C0F0] "Map\data\maps\interior\int_SF.ipl" with handler "gta3.std.data"
Found file [0x0000000C7BEB81E4] "Map\data\maps\interior\int_veg.ide" with handler "gta3.std.data"
Found file [0x0000000D6FEB6EF1] "Map\data\maps\interior\int_veg.ipl" with handler "gta3.std.data"
Found file [0x0000000C9AAEF468] "Map\data\maps\interior\propext.ide" with handler "gta3.std.data"
Found file [0x0000000C8EFDD4F2] "Map\data\maps\interior\props.ide" with handler "gta3.std.data"
Found file [0x0000000C28370100] "Map\data\maps\interior\props2.ide" with handler "gta3.std.data"
Found file [0x0000000C5190AB8D] "Map\data\maps\interior\stadint.ide" with handler "gta3.std.data"
Found file [0x0000000D45909968] "Map\data\maps\interior\stadint.ipl" with handler "gta3.std.data"
Found file [0x0000000CA363C57B] "Map\data\maps\LA\LAe.ide" with handler "gta3.std.data"
Found file [0x0000000DB763E4F6] "Map\data\maps\LA\LAe.ipl" with handler "gta3.std.data"
Found file [0x0000000CBBB9E103] "Map\data\maps\LA\LAe2.ide" with handler "gta3.std.data"
Found file [0x0000000DCFBA008E] "Map\data\maps\LA\LAe2.IPL" with handler "gta3.std.data"
Found file [0x0000000CDAF7B622] "Map\data\maps\LA\LAhills.ide" with handler "gta3.std.data"
Found file [0x0000000DC6F796A7] "Map\data\maps\LA\LAhills.IPL" with handler "gta3.std.data"
Found file [0x0000000CD1B15334] "Map\data\maps\LA\LAn.ide" with handler "gta3.std.data"
Found file [0x0000000DE5B172A1] "Map\data\maps\LA\LAn.ipl" with handler "gta3.std.data"
Found file [0x0000000CB5B4BF0A] "Map\data\maps\LA\LAn2.ide" with handler "gta3.std.data"
Found file [0x0000000DA1B49F9F] "Map\data\maps\LA\LAn2.IPL" with handler "gta3.std.data"
Found file [0x0000000CEE022915] "Map\data\maps\LA\LAs.ide" with handler "gta3.std.data"
Found file [0x0000000DE20216E0] "Map\data\maps\LA\LAs.IPL" with handler "gta3.std.data"
Found file [0x0000000C7D9EB5BD] "Map\data\maps\LA\LAs2.ide" with handler "gta3.std.data"
Found file [0x0000000D919ED538] "Map\data\maps\LA\LAs2.IPL" with handler "gta3.std.data"
Found file [0x0000000CF43B3001] "Map\data\maps\LA\LAw.ide" with handler "gta3.std.data"
Found file [0x0000000D003B4324] "Map\data\maps\LA\LAw.IPL" with handler "gta3.std.data"
Found file [0x0000000C83A54271] "Map\data\maps\LA\LAw2.ide" with handler "gta3.std.data"
Found file [0x0000000D6FA522F4] "Map\data\maps\LA\LAw2.ipl" with handler "gta3.std.data"
Found file [0x0000000CBE9F0D1D] "Map\data\maps\LA\LaWn.ide" with handler "gta3.std.data"
Found file [0x0000000DD29F2C98] "Map\data\maps\LA\LAwn.IPL" with handler "gta3.std.data"
Found file [0x0000000CD4C31601] "Map\data\maps\LA\LAxref.ide" with handler "gta3.std.data"
Found file [0x0000000CCE4F009E] "Map\data\maps\leveldes\levelmap.ide" with handler "gta3.std.data"
Found file [0x0000000DC24EEE7B] "Map\data\maps\leveldes\levelmap.ipl" with handler "gta3.std.data"
Found file [0x0000000CC638A6FF] "Map\data\maps\leveldes\levelxre.ide" with handler "gta3.std.data"
Found file [0x0000000D4B7A6C6A] "Map\data\maps\occluint.ipl" with handler "gta3.std.data"
Found file [0x0000000DDF8ACC18] "Map\data\maps\occluLA.ipl" with handler "gta3.std.data"
Found file [0x0000000D39F51366] "Map\data\maps\occlusf.ipl" with handler "gta3.std.data"
Found file [0x0000000DAC5BEFA3] "Map\data\maps\occluveg.ipl" with handler "gta3.std.data"
Found file [0x0000000CB3D92283] "Map\data\maps\SF\SFe.ide" with handler "gta3.std.data"
Found file [0x0000000DC7D9420E] "Map\data\maps\SF\SFe.IPL" with handler "gta3.std.data"
Found file [0x0000000C2742D3CC] "Map\data\maps\SF\SFn.ide" with handler "gta3.std.data"
Found file [0x0000000D1B42C0A9] "Map\data\maps\SF\SFn.IPL" with handler "gta3.std.data"
Found file [0x0000000CFE77875D] "Map\data\maps\SF\SFs.ide" with handler "gta3.std.data"
Found file [0x0000000D1277A6D8] "Map\data\maps\SF\SFs.IPL" with handler "gta3.std.data"
Found file [0x0000000CF1EE662E] "Map\data\maps\SF\SFSe.ide" with handler "gta3.std.data"
Found file [0x0000000D05EE85AB] "Map\data\maps\SF\SFse.IPL" with handler "gta3.std.data"
Found file [0x0000000CA225F6E9] "Map\data\maps\SF\SFw.ide" with handler "gta3.std.data"
Found file [0x0000000DAE26091C] "Map\data\maps\SF\SFw.IPL" with handler "gta3.std.data"
Found file [0x0000000CFE514469] "Map\data\maps\SF\SFxref.ide" with handler "gta3.std.data"
Found file [0x0000000C8542BCB9] "Map\data\maps\vegas\vegasE.ide" with handler "gta3.std.data"
Found file [0x0000000D71429D0C] "Map\data\maps\vegas\vegasE.ipl" with handler "gta3.std.data"
Found file [0x0000000C3C9EF30E] "Map\data\maps\vegas\VegasN.ide" with handler "gta3.std.data"
Found file [0x0000000D509F128B] "Map\data\maps\vegas\vegasN.IPL" with handler "gta3.std.data"
Found file [0x0000000CE3634BB7] "Map\data\maps\vegas\VegasS.ide" with handler "gta3.std.data"
Found file [0x0000000DEF635EDA] "Map\data\maps\vegas\vegasS.IPL" with handler "gta3.std.data"
Found file [0x0000000C520D0673] "Map\data\maps\vegas\VegasW.ide" with handler "gta3.std.data"
Found file [0x0000000D460CF35E] "Map\data\maps\vegas\vegasW.ipl" with handler "gta3.std.data"
Found file [0x0000000CED725662] "Map\data\maps\vegas\vegaxref.ide" with handler "gta3.std.data"
Found file [0x0000000DD97236E7] "Map\data\maps\vegas\vegaxref.ipl" with handler "gta3.std.data"
Found file [0x000000088CC246D9] "Misc\data\furnitur.dat" with handler "gta3.std.data"
Found file [0x00000012F96538A8] "Misc\data\plants.dat" with handler "gta3.std.data"
Found file [0x0000001466A01AE7] "Misc\data\procobj.dat" with handler "gta3.std.data"
Found file [0x000000212D815249] "Misc\data\water.dat" with handler "gta3.std.data"
No handler or callme for file "Misc\Grass Color Fix.url"
No handler or callme for file "Proper Fixes (latest version).url"
Found file [0x00000001AD35B3BB] "ProperFixes.asi" with handler "gta3.std.asi"
Found file [0x0000000029000961] "PS2 Grass\models\grass\grass0_1.dff" with handler "gta3.std.fx"
Found file [0x00000000FBFFB94A] "PS2 Grass\models\grass\grass0_2.dff" with handler "gta3.std.fx"
Found file [0x0000000023DF8D33] "PS2 Grass\models\grass\grass0_3.dff" with handler "gta3.std.fx"
Found file [0x0000000079D1F78C] "PS2 Grass\models\grass\grass0_4.dff" with handler "gta3.std.fx"
Found file [0x000000009F5CC550] "PS2 Grass\models\grass\grass1_1.dff" with handler "gta3.std.fx"
Found file [0x0000000024A5222B] "PS2 Grass\models\grass\grass1_2.dff" with handler "gta3.std.fx"
Found file [0x00000000FCC6E142] "PS2 Grass\models\grass\grass1_3.dff" with handler "gta3.std.fx"
Found file [0x00000000AD88F5CD] "PS2 Grass\models\grass\grass1_4.dff" with handler "gta3.std.fx"
Found file [0x000000003C1590B7] "PS2 Grass\models\grass\grass2_1.dff" with handler "gta3.std.fx"
Found file [0x00000000E6070C7C] "PS2 Grass\models\grass\grass2_2.dff" with handler "gta3.std.fx"
Found file [0x00000000DE0DA445] "PS2 Grass\models\grass\grass2_3.dff" with handler "gta3.std.fx"
Found file [0x000000002D4B8FFA] "PS2 Grass\models\grass\grass2_4.dff" with handler "gta3.std.fx"
Found file [0x000000007C2D2516] "PS2 Grass\models\grass\grass3_1.dff" with handler "gta3.std.fx"
Found file [0x000000008B30EAFD] "PS2 Grass\models\grass\grass3_2.dff" with handler "gta3.std.fx"
Found file [0x000000005329EDB4] "PS2 Grass\models\grass\grass3_3.dff" with handler "gta3.std.fx"
Found file [0x00000000FB5AEA9B] "PS2 Grass\models\grass\grass3_4.dff" with handler "gta3.std.fx"
Found file [0x00000000ADA5100F] "PS2 Grass\models\grass\plant1.dff" with handler "gta3.std.fx"
Found file [0x00000000650ADDB1] "Race maps\models\txd\LD_RCE1.txd" with handler "gta3.std.sprites"
Found file [0x0000000065B77F9E] "Race maps\models\txd\LD_RCE2.txd" with handler "gta3.std.sprites"
Found file [0x00000000314DC343] "Race maps\models\txd\LD_RCE3.txd" with handler "gta3.std.sprites"
Found file [0x00000000CF835500] "Race maps\models\txd\LD_RCE4.txd" with handler "gta3.std.sprites"
Found file [0x000000000E4DC1C5] "Race maps\models\txd\LD_RCE5.txd" with handler "gta3.std.sprites"
Found file [0xFFFFFFFFFFFFFFFF] "SA Optimized Map\gta.dat.txt" with handler "<none>"
Found file [0x0000000C1FC1EBD1] "SA Optimized Map\SA Optimized Map.ide" with handler "gta3.std.data"
No handler or callme for file "SA Optimized Map\SA Optimized Map.url"

Scanning files at "modloader\rosa project evolved\"...
Found file [0xFFFFFFFFFFFFFFFF] "1-DO NOT PUT IN MODPACKS.txt" with handler "<none>"
Found file [0xFFFFFFFFFFFFFFFF] "1-SAMP and MTA\MTA\About MTA.txt" with handler "<none>"
Found file [0xFFFFFFFFFFFFFFFF] "1-SAMP and MTA\MTA\Sobre MTA.txt" with handler "<none>"
Found file [0xFFFFFFFFFFFFFFFF] "1-SAMP and MTA\SAMP\READ - LEIA.txt" with handler "<none>"
Found file [0xFFFFFFFFFFFFFFFF] "2-acordo de licença.txt" with handler "<none>"
No handler or callme for file "2-ImgLimitAdjuster error fix\image.png"
Found file [0xFFFFFFFFFFFFFFFF] "2-ImgLimitAdjuster error fix\leiame.txt" with handler "<none>"
Found file [0xFFFFFFFFFFFFFFFF] "2-ImgLimitAdjuster error fix\readme.txt" with handler "<none>"
Found file [0xFFFFFFFFFFFFFFFF] "2-license agreement.txt" with handler "<none>"
No handler or callme for file "3-Bonus Skins\Alternative Skins.7z"
Found file [0xFFFFFFFFFFFFFFFF] "3-Obrigado.txt" with handler "<none>"
Found file [0xFFFFFFFFFFFFFFFF] "3-Thanks.txt" with handler "<none>"
Found file [0x000000228051A5B7] "RoSA Project Evolved -  Exterior\Files\data\weapon.dat" with handler "gta3.std.data"
No handler or callme for file "RoSA Project Evolved -  Exterior\Files\models\generic\desktop.ini"
Found file [0x00000000E69BA2E1] "RoSA Project Evolved -  Exterior\Files\models\generic\vehicle.txd" with handler "gta3.std.fx"
Found file [0x00000001E5000E7F] "RoSA Project Evolved -  Exterior\Files\models\gta3.img" with handler "gta3.std.stream"
Found file [0x000000017D6D58EB] "RoSA Project Evolved -  Exterior\Files\models\rosa_evolved_a.img" with handler "gta3.std.stream"
Found file [0x00000001DD0AA3EC] "RoSA Project Evolved -  Exterior\Files\models\rosa_evolved_b.img" with handler "gta3.std.stream"
Found file [0x0000000133658B3D] "RoSA Project Evolved -  Exterior\Files\models\rosa_evolved_c.img" with handler "gta3.std.stream"
Found file [0x0000000173A074DE] "RoSA Project Evolved -  Exterior\Files\models\rosa_evolved_d.img" with handler "gta3.std.stream"
Found file [0x000001043895548E] "RoSA Project Evolved -  Exterior\Files\rosa-dff\gta3\adrenaline.dff" with handler "gta3.std.stream"
Found file [0x00000104ED114BF0] "RoSA Project Evolved -  Exterior\Files\rosa-dff\gta3\ak47.dff" with handler "gta3.std.stream"
Found file [0x0000010446986727] "RoSA Project Evolved -  Exterior\Files\rosa-dff\gta3\armour.dff" with handler "gta3.std.stream"
Found file [0x000001042AAEB2C4] "RoSA Project Evolved -  Exterior\Files\rosa-dff\gta3\bat.dff" with handler "gta3.std.stream"
Found file [0x00000104AA1C0C11] "RoSA Project Evolved -  Exterior\Files\rosa-dff\gta3\bigdollar.dff" with handler "gta3.std.stream"
Found file [0x00000104192FD63F] "RoSA Project Evolved -  Exterior\Files\rosa-dff\gta3\bodyarmour.dff" with handler "gta3.std.stream"
Found file [0x00000104735C9097] "RoSA Project Evolved -  Exterior\Files\rosa-dff\gta3\bomb.dff" with handler "gta3.std.stream"
Found file [0x0000010454363361] "RoSA Project Evolved -  Exterior\Files\rosa-dff\gta3\brassknuckle.dff" with handler "gta3.std.stream"
Found file [0x00000104D2500D8F] "RoSA Project Evolved -  Exterior\Files\rosa-dff\gta3\bribe.dff" with handler "gta3.std.stream"
Found file [0x00000104E9B117B2] "RoSA Project Evolved -  Exterior\Files\rosa-dff\gta3\camera.dff" with handler "gta3.std.stream"
Found file [0x00000104852E24F1] "RoSA Project Evolved -  Exterior\Files\rosa-dff\gta3\cellphone.dff" with handler "gta3.std.stream"
Found file [0x00000104BC7F8D1F] "RoSA Project Evolved -  Exterior\Files\rosa-dff\gta3\chnsaw.dff" with handler "gta3.std.stream"
Found file [0x00000104E72C1A31] "RoSA Project Evolved -  Exterior\Files\rosa-dff\gta3\chromegun.dff" with handler "gta3.std.stream"
Found file [0x00000104C162BAD0] "RoSA Project Evolved -  Exterior\Files\rosa-dff\gta3\colt45.dff" with handler "gta3.std.stream"
Found file [0x00000104D1D4CAF9] "RoSA Project Evolved -  Exterior\Files\rosa-dff\gta3\cuntgun.dff" with handler "gta3.std.stream"
Found file [0x0000010401CA910D] "RoSA Project Evolved -  Exterior\Files\rosa-dff\gta3\desert_eagle.dff" with handler "gta3.std.stream"
Found file [0x0000010452D4D57F] "RoSA Project Evolved -  Exterior\Files\rosa-dff\gta3\diamond_3.dff" with handler "gta3.std.stream"
Found file [0x000001041E0BB659] "RoSA Project Evolved -  Exterior\Files\rosa-dff\gta3\fire_ex.dff" with handler "gta3.std.stream"
Found file [0x0000010425E8C404] "RoSA Project Evolved -  Exterior\Files\rosa-dff\gta3\flame.dff" with handler "gta3.std.stream"
Found file [0x000001045DCA0365] "RoSA Project Evolved -  Exterior\Files\rosa-dff\gta3\flare.dff" with handler "gta3.std.stream"
Found file [0x0000010406A68633] "RoSA Project Evolved -  Exterior\Files\rosa-dff\gta3\flowera.dff" with handler "gta3.std.stream"
Found file [0x000001040D651F98] "RoSA Project Evolved -  Exterior\Files\rosa-dff\gta3\flowerb.dff" with handler "gta3.std.stream"
Found file [0x00000104AECBC687] "RoSA Project Evolved -  Exterior\Files\rosa-dff\gta3\golfclub.dff" with handler "gta3.std.stream"
Found file [0x0000010478C1FC5F] "RoSA Project Evolved -  Exterior\Files\rosa-dff\gta3\grenade.dff" with handler "gta3.std.stream"
Found file [0x00000104A7865C89] "RoSA Project Evolved -  Exterior\Files\rosa-dff\gta3\gun_boxbig.dff" with handler "gta3.std.stream"
Found file [0x0000010456292C8E] "RoSA Project Evolved -  Exterior\Files\rosa-dff\gta3\gun_boxwee.dff" with handler "gta3.std.stream"
Found file [0x00000104F4ABBEE1] "RoSA Project Evolved -  Exterior\Files\rosa-dff\gta3\gun_cane.dff" with handler "gta3.std.stream"
Found file [0x00000104AE1FB367] "RoSA Project Evolved -  Exterior\Files\rosa-dff\gta3\gun_dildo1.dff" with handler "gta3.std.stream"
Found file [0x00000104E03FC5EC] "RoSA Project Evolved -  Exterior\Files\rosa-dff\gta3\gun_dildo2.dff" with handler "gta3.std.stream"
Found file [0x000001045C42B0B4] "RoSA Project Evolved -  Exterior\Files\rosa-dff\gta3\gun_para.dff" with handler "gta3.std.stream"
Found file [0x00000104A4DF402B] "RoSA Project Evolved -  Exterior\Files\rosa-dff\gta3\gun_vibe1.dff" with handler "gta3.std.stream"
Found file [0x000001041F96E350] "RoSA Project Evolved -  Exterior\Files\rosa-dff\gta3\gun_vibe2.dff" with handler "gta3.std.stream"
Found file [0x000001045709F539] "RoSA Project Evolved -  Exterior\Files\rosa-dff\gta3\health.dff" with handler "gta3.std.stream"
Found file [0x00000104A85B4AA1] "RoSA Project Evolved -  Exterior\Files\rosa-dff\gta3\heatseek.dff" with handler "gta3.std.stream"
Found file [0x00000104FBA9C71A] "RoSA Project Evolved -  Exterior\Files\rosa-dff\gta3\hern.dff" with handler "gta3.std.stream"
Found file [0x00000104B2030D56] "RoSA Project Evolved -  Exterior\Files\rosa-dff\gta3\irgoggles.dff" with handler "gta3.std.stream"
Found file [0x0000010478E35367] "RoSA Project Evolved -  Exterior\Files\rosa-dff\gta3\jetpack.dff" with handler "gta3.std.stream"
Found file [0x0000010409A75E59] "RoSA Project Evolved -  Exterior\Files\rosa-dff\gta3\katana.dff" with handler "gta3.std.stream"
Found file [0x000001042FE52887] "RoSA Project Evolved -  Exterior\Files\rosa-dff\gta3\kendl.dff" with handler "gta3.std.stream"
Found file [0x00000104B3EF4D4F] "RoSA Project Evolved -  Exterior\Files\rosa-dff\gta3\kmb_parachute.dff" with handler "gta3.std.stream"
Found file [0x00000104EC116618] "RoSA Project Evolved -  Exterior\Files\rosa-dff\gta3\knifecur.dff" with handler "gta3.std.stream"
Found file [0x000001043567FBB0] "RoSA Project Evolved -  Exterior\Files\rosa-dff\gta3\m4.dff" with handler "gta3.std.stream"
Found file [0x000001042A37D55A] "RoSA Project Evolved -  Exterior\Files\rosa-dff\gta3\micro_uzi.dff" with handler "gta3.std.stream"
Found file [0x00000104E66D323C] "RoSA Project Evolved -  Exterior\Files\rosa-dff\gta3\minigun.dff" with handler "gta3.std.stream"
Found file [0x000001046831472A] "RoSA Project Evolved -  Exterior\Files\rosa-dff\gta3\minigun2.dff" with handler "gta3.std.stream"
Found file [0x000001044CF53F01] "RoSA Project Evolved -  Exterior\Files\rosa-dff\gta3\missile.dff" with handler "gta3.std.stream"
Found file [0x0000010466D3C17F] "RoSA Project Evolved -  Exterior\Files\rosa-dff\gta3\molotov.dff" with handler "gta3.std.stream"
Found file [0x00000104909BD82D] "RoSA Project Evolved -  Exterior\Files\rosa-dff\gta3\money.dff" with handler "gta3.std.stream"
Found file [0x000001047B8D56CA] "RoSA Project Evolved -  Exterior\Files\rosa-dff\gta3\mp5lng.dff" with handler "gta3.std.stream"
Found file [0x00000104330D263B] "RoSA Project Evolved -  Exterior\Files\rosa-dff\gta3\nitestick.dff" with handler "gta3.std.stream"
Found file [0x000001046E4816A1] "RoSA Project Evolved -  Exterior\Files\rosa-dff\gta3\nvgoggles.dff" with handler "gta3.std.stream"
Found file [0x000001049FD1668C] "RoSA Project Evolved -  Exterior\Files\rosa-dff\gta3\pickupsave.dff" with handler "gta3.std.stream"
Found file [0x000001040A67E232] "RoSA Project Evolved -  Exterior\Files\rosa-dff\gta3\poolcue.dff" with handler "gta3.std.stream"
Found file [0x000001045D2D85AE] "RoSA Project Evolved -  Exterior\Files\rosa-dff\gta3\pulaski.dff" with handler "gta3.std.stream"
Found file [0x00000104DA77CB5A] "RoSA Project Evolved -  Exterior\Files\rosa-dff\gta3\rocketla.dff" with handler "gta3.std.stream"
Found file [0x0000010447393DE5] "RoSA Project Evolved -  Exterior\Files\rosa-dff\gta3\ryder2.dff" with handler "gta3.std.stream"
Found file [0x000001044F32A51C] "RoSA Project Evolved -  Exterior\Files\rosa-dff\gta3\ryder3.dff" with handler "gta3.std.stream"
Found file [0x00000104A8964DEB] "RoSA Project Evolved -  Exterior\Files\rosa-dff\gta3\satchel.dff" with handler "gta3.std.stream"
Found file [0x00000104C91E2D7F] "RoSA Project Evolved -  Exterior\Files\rosa-dff\gta3\sawnoff.dff" with handler "gta3.std.stream"
Found file [0x00000104E9835D30] "RoSA Project Evolved -  Exterior\Files\rosa-dff\gta3\shotgspa.dff" with handler "gta3.std.stream"
Found file [0x000001048964BEBE] "RoSA Project Evolved -  Exterior\Files\rosa-dff\gta3\shovel.dff" with handler "gta3.std.stream"
Found file [0x0000010447988688] "RoSA Project Evolved -  Exterior\Files\rosa-dff\gta3\silenced.dff" with handler "gta3.std.stream"
Found file [0x00000104283C5CE5] "RoSA Project Evolved -  Exterior\Files\rosa-dff\gta3\skateboard.dff" with handler "gta3.std.stream"
Found file [0x000001042390588E] "RoSA Project Evolved -  Exterior\Files\rosa-dff\gta3\sniper.dff" with handler "gta3.std.stream"
Found file [0x00000104A46DFD7C] "RoSA Project Evolved -  Exterior\Files\rosa-dff\gta3\spraycan.dff" with handler "gta3.std.stream"
Found file [0x0000010496D7CC3B] "RoSA Project Evolved -  Exterior\Files\rosa-dff\gta3\stalks.dff" with handler "gta3.std.stream"
Found file [0x000001041B06812D] "RoSA Project Evolved -  Exterior\Files\rosa-dff\gta3\sweet.dff" with handler "gta3.std.stream"
Found file [0x0000010491A15D1A] "RoSA Project Evolved -  Exterior\Files\rosa-dff\gta3\teargas.dff" with handler "gta3.std.stream"
Found file [0x00000104F00FD9B6] "RoSA Project Evolved -  Exterior\Files\rosa-dff\gta3\tec9.dff" with handler "gta3.std.stream"
Found file [0x0000010496B5BCC1] "RoSA Project Evolved -  Exterior\Files\rosa-dff\gta3\tenpen.dff" with handler "gta3.std.stream"
Found file [0x000001046F0C7FCA] "RoSA Project Evolved -  Exterior\Files\rosa-dff\gta3\truth.dff" with handler "gta3.std.stream"
Found file [0x00000001C938705C] "RoSA Project Evolved -  Exterior\Files\scripts\ImgLimitAdjuster.asi" with handler "gta3.std.asi"
Found file [0x0000000C1FAFB78C] "RoSA Project Evolved -  Exterior\Files\txdp.ide" with handler "gta3.std.data"
Found file [0xFFFFFFFFFFFFFFFF] "RoSA Project Evolved -  Exterior\Files\world_loader.txt" with handler "<none>"
Found file [0xFFFFFFFFFFFFFFFF] "RoSA Project Evolved - Cutscene\Files\cutscene_loader.txt" with handler "<none>"
Found file [0x0000000107582702] "RoSA Project Evolved - Cutscene\Files\models\cutscene.img" with handler "gta3.std.stream"
Found file [0x000000015C2C13EE] "RoSA Project Evolved - Cutscene\Files\models\proper_cutscene_retex.img" with handler "gta3.std.stream"
Found file [0x00000104A4B8AC54] "RoSA Project Evolved - Cutscene\Files\models\rosa-dff\cutscene\cs9mm.dff" with handler "gta3.std.stream"
Found file [0x000001041B29326A] "RoSA Project Evolved - Cutscene\Files\models\rosa-dff\cutscene\csbat.dff" with handler "gta3.std.stream"
Found file [0x00000104EF6FF139] "RoSA Project Evolved - Cutscene\Files\models\rosa-dff\cutscene\csburgerbox.dff" with handler "gta3.std.stream"
Found file [0x000001041CAD5EB8] "RoSA Project Evolved - Cutscene\Files\models\rosa-dff\cutscene\cscamera.dff" with handler "gta3.std.stream"
Found file [0x00000104B1A64D06] "RoSA Project Evolved - Cutscene\Files\models\rosa-dff\cutscene\cscolt45.dff" with handler "gta3.std.stream"
Found file [0x0000010466D772E2] "RoSA Project Evolved - Cutscene\Files\models\rosa-dff\cutscene\csdeserteagle.dff" with handler "gta3.std.stream"
Found file [0x00000104899BE0DD] "RoSA Project Evolved - Cutscene\Files\models\rosa-dff\cutscene\csjetpack.dff" with handler "gta3.std.stream"
Found file [0x00000104053A3AED] "RoSA Project Evolved - Cutscene\Files\models\rosa-dff\cutscene\cspaperbag.dff" with handler "gta3.std.stream"
Found file [0x000001049A38B4DA] "RoSA Project Evolved - Cutscene\Files\models\rosa-dff\cutscene\cssilenced.dff" with handler "gta3.std.stream"
Found file [0xFFFFFFFFFFFFFFFF] "RoSA Project Evolved - Interior\Files\interior_loader.txt" with handler "<none>"
Found file [0x00000001C56E0FC4] "RoSA Project Evolved - Interior\Files\models\gta_int.img" with handler "gta3.std.stream"
Found file [0x00000001FC3E81D6] "RoSA Project Evolved - Interior\Files\models\proper_interior_retex.img" with handler "gta3.std.stream"
Found file [0x00000104B9B35A87] "RoSA Project Evolved - Interior\Files\models\rosa-dff\gtaint\carter_statue.dff" with handler "gta3.std.stream"

Scanning files at "modloader\silentpatch\"...
Found file [0x000000013DC7E7D3] "SilentPatchSA.asi" with handler "gta3.std.asi"
No handler or callme for file "SilentPatchSA.ini"

Scanning files at "modloader\skygfx - extended\"...
No handler or callme for file "data\colorcycle.dat"
Found file [0x0000020400DE2B4A] "models\Mobile_details.txd" with handler "gta3.std.stream"
Found file [0xFFFFFFFFFFFFFFFF] "models\texdb.txt" with handler "<none>"
No handler or callme for file "neo\carTweakingTable.dat"
Found file [0x0000020491B665CB] "neo\neo.txd" with handler "gta3.std.stream"
Found file [0x00000001B418CAEE] "skygfx.asi" with handler "gta3.std.asi"
No handler or callme for file "skygfx1.ini"
No handler or callme for file "skygfx2.ini"
No handler or callme for file "skygfx3.ini"
No handler or callme for file "skygfx4.ini"
No handler or callme for file "skygfx5.ini"
No handler or callme for file "skygfx6.ini"
No handler or callme for file "skygfx7.ini"
Found file [0x00000018E54358CA] "stream.ini" with handler "gta3.std.data"

Scanning files at "modloader\soundize\"...
No handler or callme for file "base\common.bank"
No handler or callme for file "base\common.strings.bank"
Found file [0xFFFFFFFFFFFFFFFF] "base\GUIDs.txt" with handler "<none>"
No handler or callme for file "plugins\fmod_distance_filter.dll"
No handler or callme for file "plugins\fmod_gain.dll"
No handler or callme for file "Server\fmod.dll"
No handler or callme for file "Server\fmodstudio.dll"
No handler or callme for file "Server\SoundizeServer.exe"
Found file [0x0000000164334EF6] "Soundize (Junior_Djjr).asi" with handler "gta3.std.asi"
No handler or callme for file "Soundize.ini"
No handler or callme for file "Soundize.log"
Found file [0x000002040C98F7E2] "Soundize.txd" with handler "gta3.std.stream"
No handler or callme for file "SoundizeServer.log"

Scanning files at "modloader\soundize ambient sounds\"...
No handler or callme for file "Ambient.bank"
No handler or callme for file "Default Ambient SA Map.soundize"
Found file [0xFFFFFFFFFFFFFFFF] "GUIDs.txt" with handler "<none>"
Found file [0x000801A85B9DB0F3] "Remove Vanilla\Wind\bank_053\sound_001.wav" with handler "gta3.std.bank"
Found file [0x00F001A85B9DB0F3] "Remove Vanilla\Wind\bank_053\sound_030.wav" with handler "gta3.std.bank"
Found file [0x00F801A85B9DB0F3] "Remove Vanilla\Wind\bank_053\sound_031.wav" with handler "gta3.std.bank"

Scanning files at "modloader\tuning mod\"...
Found file [0x000002042C72F7D4] "gta3img\fighot.txd" with handler "gta3.std.stream"
Found file [0x00000204C2DC95D8] "gta3img\genintwarehsint3.txd" with handler "gta3.std.stream"
Found file [0x0000020409152D9B] "gta3img\smashtv.txd" with handler "gta3.std.stream"
Found file [0x00000304F37EB5E2] "gta_intimg\gen_int3_1.col" with handler "gta3.std.stream"

Scanning files at "modloader\tuning mod parts\"...
Found file [0xFFFFFFFFFFFFFFFF] "GTA V Rat Rod Engine\Loader.txt" with handler "<none>"
Found file [0x0000000C7C78DF77] "GTA V Rat Rod Engine\vrat_engine.ide" with handler "gta3.std.data"
Found file [0x0000020439F79729] "GTA V Rat Rod Engine\vrat_engine.txd" with handler "gta3.std.stream"
Found file [0x00000104E7D8FE5B] "GTA V Rat Rod Engine\vrat_engine_block.dff" with handler "gta3.std.stream"
Found file [0x00000104C5C376E2] "GTA V Rat Rod Engine\vrat_engine_exhaust.dff" with handler "gta3.std.stream"
Found file [0x0000010443A88BBB] "GTA V Rat Rod Engine\vrat_engine_pipes.dff" with handler "gta3.std.stream"
Found file [0x00000104DF93FCE5] "GTA V Rat Rod Engine\vrat_engine_scoop1.dff" with handler "gta3.std.stream"
Found file [0x0000010414D6A055] "GTA V Rat Rod Engine\vrat_engine_scoop1b.dff" with handler "gta3.std.stream"
Found file [0x00000104A674741E] "GTA V Rat Rod Engine\vrat_engine_scoop2.dff" with handler "gta3.std.stream"
Found file [0x00000104677C3002] "Pack Apocalipse 1\apoc1_bar1.dff" with handler "gta3.std.stream"
Found file [0x00000104F46BECB9] "Pack Apocalipse 1\apoc1_bar2.dff" with handler "gta3.std.stream"
Found file [0x000001040A13A710] "Pack Apocalipse 1\apoc1_bar3.dff" with handler "gta3.std.stream"
Found file [0x00000104131DC95F] "Pack Apocalipse 1\apoc1_bar4.dff" with handler "gta3.std.stream"
Found file [0x000001046004F864] "Pack Apocalipse 1\apoc1_dump.dff" with handler "gta3.std.stream"
Found file [0x000001045AA72060] "Pack Apocalipse 1\apoc1_exhaust.dff" with handler "gta3.std.stream"
Found file [0x000001043DA0303A] "Pack Apocalipse 1\apoc1_light.dff" with handler "gta3.std.stream"
Found file [0x00000104993400A5] "Pack Apocalipse 1\apoc1_stair.dff" with handler "gta3.std.stream"
Found file [0x000001044E4B87F6] "Pack Apocalipse 1\apoc1_store1.dff" with handler "gta3.std.stream"
Found file [0x000001045D4F4CDD] "Pack Apocalipse 1\apoc1_store2.dff" with handler "gta3.std.stream"
Found file [0x000001044CC2FB28] "Pack Apocalipse 1\apoc1_turret.dff" with handler "gta3.std.stream"
Found file [0x0000010466505E1B] "Pack Apocalipse 1\apoc1_turretbase.dff" with handler "gta3.std.stream"
Found file [0x00000104DDFD9493] "Pack Apocalipse 1\apoc1_wheel.dff" with handler "gta3.std.stream"
Found file [0xFFFFFFFFFFFFFFFF] "Pack Apocalipse 1\Loader.txt" with handler "<none>"
Found file [0x0000000CDF47B31D] "Pack Apocalipse 1\Pack Apocalipse 1.ide" with handler "gta3.std.data"
Found file [0x0000020461DD23F7] "Pack Apocalipse 1\pack_apoc1.txd" with handler "gta3.std.stream"
Found file [0x000001040243CC00] "Pack Apocalipse 2\apoc2_axis.dff" with handler "gta3.std.stream"
Found file [0x00000104154990AB] "Pack Apocalipse 2\apoc2_body.dff" with handler "gta3.std.stream"
Found file [0x0000010460C8D95F] "Pack Apocalipse 2\apoc2_bumper1.dff" with handler "gta3.std.stream"
Found file [0x00000104A8CD8DC4] "Pack Apocalipse 2\apoc2_bumper2.dff" with handler "gta3.std.stream"
Found file [0x00000104853D95EB] "Pack Apocalipse 2\apoc2_chain1.dff" with handler "gta3.std.stream"
Found file [0x00000104FFF53810] "Pack Apocalipse 2\apoc2_chain2.dff" with handler "gta3.std.stream"
Found file [0x0000010494240583] "Pack Apocalipse 2\apoc2_exhaust.dff" with handler "gta3.std.stream"
Found file [0x000001048A06BF77] "Pack Apocalipse 2\apoc2_gun.dff" with handler "gta3.std.stream"
Found file [0x00000104BC7C9A6E] "Pack Apocalipse 2\apoc2_interiorgear.dff" with handler "gta3.std.stream"
Found file [0x0000010489C80FB8] "Pack Apocalipse 2\apoc2_interiorpart.dff" with handler "gta3.std.stream"
Found file [0x00000104786115DB] "Pack Apocalipse 2\apoc2_ladder.dff" with handler "gta3.std.stream"
Found file [0x00000104507D8D44] "Pack Apocalipse 2\apoc2_lights.dff" with handler "gta3.std.stream"
Found file [0x00000104375789F5] "Pack Apocalipse 2\apoc2_metal1.dff" with handler "gta3.std.stream"
Found file [0x00000104052A2DAE] "Pack Apocalipse 2\apoc2_metal2.dff" with handler "gta3.std.stream"
Found file [0x00000104AD2BBA34] "Pack Apocalipse 2\apoc2_pipe1.dff" with handler "gta3.std.stream"
Found file [0x00000104191EE08F] "Pack Apocalipse 2\apoc2_pipe2.dff" with handler "gta3.std.stream"
Found file [0x00000104D62EF196] "Pack Apocalipse 2\apoc2_pipe3.dff" with handler "gta3.std.stream"
Found file [0x00000104B6C750C6] "Pack Apocalipse 2\apoc2_rollcage.dff" with handler "gta3.std.stream"
Found file [0x000001042170A2F4] "Pack Apocalipse 2\apoc2_seat.dff" with handler "gta3.std.stream"
Found file [0x00000104CC70E436] "Pack Apocalipse 2\apoc2_skull.dff" with handler "gta3.std.stream"
Found file [0x00000104A169C325] "Pack Apocalipse 2\apoc2_skulls.dff" with handler "gta3.std.stream"
Found file [0x000001045D77C092] "Pack Apocalipse 2\apoc2_spear.dff" with handler "gta3.std.stream"
Found file [0x000001049CBB7DC4] "Pack Apocalipse 2\apoc2_spike1.dff" with handler "gta3.std.stream"
Found file [0x0000010454B6C95F] "Pack Apocalipse 2\apoc2_spike2.dff" with handler "gta3.std.stream"
Found file [0x000001044CB01866] "Pack Apocalipse 2\apoc2_spike3.dff" with handler "gta3.std.stream"
Found file [0x000001047DBB8FAF] "Pack Apocalipse 2\apoc2_spoiler.dff" with handler "gta3.std.stream"
Found file [0x00000104A01D7299] "Pack Apocalipse 2\apoc2_spoilersup.dff" with handler "gta3.std.stream"
Found file [0x0000010416D5EEA2] "Pack Apocalipse 2\apoc2_steer.dff" with handler "gta3.std.stream"
Found file [0x00000104ACB0FBDC] "Pack Apocalipse 2\apoc2_suspension.dff" with handler "gta3.std.stream"
Found file [0x000001043923CEF7] "Pack Apocalipse 2\apoc2_traction.dff" with handler "gta3.std.stream"
Found file [0x000001044310B20C] "Pack Apocalipse 2\apoc2_wheel.dff" with handler "gta3.std.stream"
Found file [0xFFFFFFFFFFFFFFFF] "Pack Apocalipse 2\Loader.txt" with handler "<none>"
Found file [0x0000000CE63794E1] "Pack Apocalipse 2\Pack Apocalipse 2.ide" with handler "gta3.std.data"
Found file [0x00000204BBD665C0] "Pack Apocalipse 2\pack_apoc2.txd" with handler "gta3.std.stream"

Scanning files at "modloader\urbanize\"...
Found file [0x000006041BF8CEBD] "gta3img\djjr_urbanize.ifp" with handler "gta3.std.stream"
Found file [0xFFFFFFFFFFFFFFFF] "Map\Loader.txt" with handler "<none>"
Found file [0x0000000D29008D87] "Map\Urbanize - AirConds.ipl" with handler "gta3.std.data"
Found file [0x0000000D5CBE8104] "Map\Urbanize - Benches.ipl" with handler "gta3.std.data"
Found file [0x0000000DB8B6D0BE] "Map\Urbanize - Bins.ipl" with handler "gta3.std.data"
Found file [0x0000000DC2A94D19] "Map\Urbanize - Boxes.ipl" with handler "gta3.std.data"
Found file [0x0000000DAC7E03CA] "Map\Urbanize - Chairs.ipl" with handler "gta3.std.data"
Found file [0x0000000D86074BE6] "Map\Urbanize - Fences.ipl" with handler "gta3.std.data"
Found file [0x0000000D9CF6BC9B] "Map\Urbanize - Garbage.ipl" with handler "gta3.std.data"
Found file [0x0000000D08A97903] "Map\Urbanize - Lights.ipl" with handler "gta3.std.data"
Found file [0x0000000DA9228A6E] "Map\Urbanize - Mails.ipl" with handler "gta3.std.data"
Found file [0x0000000DE524C5E3] "Map\Urbanize - Roofs.ipl" with handler "gta3.std.data"
Found file [0x0000000D439BEF20] "Map\Urbanize - Street Side.ipl" with handler "gta3.std.data"
Found file [0x0000000D5E5561DC] "Map\Urbanize - Vases.ipl" with handler "gta3.std.data"
Found file [0x0000000DF2C99A17] "Map\Urbanize.ipl" with handler "gta3.std.data"
Found file [0x0000000181D679B1] "Urbanize (Junior_Djjr).asi" with handler "gta3.std.asi"
No handler or callme for file "Urbanize (lastest version) - MixMods.url"
No handler or callme for file "Urbanize (lastest version) - Patreon.url"
No handler or callme for file "Urbanize.log"

Ignoring mod at "modloader\vazio\"

Scanning files at "modloader\vehdeform\"...
Found file [0x00000001D13FD8CE] "VehDeform.SA.asi" with handler "gta3.std.asi"
No handler or callme for file "VehDeform_CFG.ini"

Scanning files at "modloader\zmenu\"...
Found file [0xFFFFFFFFFFFFFFFF] "keybinds configuradas.txt" with handler "<none>"
Found file [0x0000000141A69DE7] "ZMenuSA.asi" with handler "gta3.std.asi"
No handler or callme for file "ZMenuSA.ini"
No handler or callme for file "zmods_twitch.dll"

Updating mods for "modloader\"...
Updating state for "modloader\controller\"...
Installing file "modloader\controller\anim\ctrl9x.ifp"
Installing file "modloader\controller\anim\spanking ( fix )\snm.ifp"
Installing file "modloader\controller\anim\warning anim !!.txt"
Installing file "modloader\controller\gta3.img\ctrl1.dff"
Installing file "modloader\controller\gta3.img\ctrl1.txd"
Installing file "modloader\controller\gta3.img\ctrl10.dff"
Installing file "modloader\controller\gta3.img\ctrl10.txd"
Installing file "modloader\controller\gta3.img\ctrl2.dff"
Installing file "modloader\controller\gta3.img\ctrl2.txd"
Installing file "modloader\controller\gta3.img\ctrl3.dff"
Installing file "modloader\controller\gta3.img\ctrl3.txd"
Installing file "modloader\controller\gta3.img\ctrl4.dff"
Installing file "modloader\controller\gta3.img\ctrl4.txd"
Installing file "modloader\controller\gta3.img\ctrl5.dff"
Installing file "modloader\controller\gta3.img\ctrl5.txd"
Installing file "modloader\controller\gta3.img\ctrl6.dff"
Installing file "modloader\controller\gta3.img\ctrl6.txd"
Installing file "modloader\controller\gta3.img\ctrl7.dff"
Installing file "modloader\controller\gta3.img\ctrl7.txd"
Installing file "modloader\controller\gta3.img\ctrl8.dff"
Installing file "modloader\controller\gta3.img\ctrl8.txd"
Installing file "modloader\controller\gta3.img\ctrl9.dff"
Installing file "modloader\controller\gta3.img\ctrl9.txd"
Installing file "modloader\controller\gta3.img\warning skin !!.txt"
Installing file "modloader\controller\holding\credits.txt"
Installing file "modloader\controller\holding\ctrl_gf.ifp"
Updating state for "modloader\tuning mod\"...
Installing file "modloader\tuning mod\gta3img\fighot.txd"
Installing file "modloader\tuning mod\gta3img\genintwarehsint3.txd"
Installing file "modloader\tuning mod\gta3img\smashtv.txd"
Installing file "modloader\tuning mod\gta_intimg\gen_int3_1.col"
Updating state for "modloader\prioridade 5\"...
Installing file "modloader\prioridade 5\car speed dependant fov\cleo\sa.carspeeddependantfov.cs"
Installing file "modloader\prioridade 5\cj house interior\carls_kit1.txd"
Installing file "modloader\prioridade 5\cj house interior\carls_kit2.txd"
Installing file "modloader\prioridade 5\cj house interior\carlslounge.txd"
Installing file "modloader\prioridade 5\cj house interior\carlspics.txd"
Installing file "modloader\prioridade 5\cj house interior\cj_bed_furn.txd"
Installing file "modloader\prioridade 5\cj house interior\cj_beds.txd"
Installing file "modloader\prioridade 5\cj house interior\cj_games.txd"
Installing file "modloader\prioridade 5\cj house interior\cj_lighting.txd"
Installing file "modloader\prioridade 5\cj house interior\cj_seating.txd"
Installing file "modloader\prioridade 5\cj house interior\crlsbits.txd"
Installing file "modloader\prioridade 5\cj house interior\gb_books01.txd"
Installing file "modloader\prioridade 5\cj house interior\gb_cleancrock01.txd"
Installing file "modloader\prioridade 5\cj house interior\gb_dirtycrock01.txd"
Installing file "modloader\prioridade 5\cj house interior\gb_foodwrap01.txd"
Installing file "modloader\prioridade 5\cj house interior\gb_magazines01.txd"
Installing file "modloader\prioridade 5\cj house interior\picture_frame.txd"
Installing file "modloader\prioridade 5\cj house interior\plants_galss.txd"
Installing file "modloader\prioridade 5\cj house interior\plants_tabletop.txd"
Installing file "modloader\prioridade 5\cj house interior\surf_boards.txd"
Installing file "modloader\prioridade 5\fxsfuncs\fxsfuncs.asi"
Installing file "modloader\prioridade 5\nextgen effects\cleo\effects mod - missions fx.cs"
Installing file "modloader\prioridade 5\nextgen effects\data\object.dat"
Installing file "modloader\prioridade 5\nextgen effects\map\arch_1.dff"
Installing file "modloader\prioridade 5\nextgen effects\map\arch_2.dff"
Installing file "modloader\prioridade 5\nextgen effects\map\arch_3.dff"
Installing file "modloader\prioridade 5\nextgen effects\map\atr_bl_1.dff"
Installing file "modloader\prioridade 5\nextgen effects\map\atr_bl_2.dff"
Installing file "modloader\prioridade 5\nextgen effects\map\atr_bl_3.dff"
Installing file "modloader\prioridade 5\nextgen effects\map\atrex_bl_1.dff"
Installing file "modloader\prioridade 5\nextgen effects\map\atrex_bl_2.dff"
Installing file "modloader\prioridade 5\nextgen effects\map\atrex_bl_3.dff"
Installing file "modloader\prioridade 5\nextgen effects\map\badlnds_1.dff"
Installing file "modloader\prioridade 5\nextgen effects\map\badlnds_2.dff"
Installing file "modloader\prioridade 5\nextgen effects\map\bistr_1.dff"
Installing file "modloader\prioridade 5\nextgen effects\map\bistr_2.dff"
Installing file "modloader\prioridade 5\nextgen effects\map\bistr_3.dff"
Installing file "modloader\prioridade 5\nextgen effects\map\bistr_4.dff"
Installing file "modloader\prioridade 5\nextgen effects\map\bistr_5.dff"
Installing file "modloader\prioridade 5\nextgen effects\map\bld1_bhls.dff"
Installing file "modloader\prioridade 5\nextgen effects\map\bld2_bhls.dff"
Installing file "modloader\prioridade 5\nextgen effects\map\bnk_1.dff"
Installing file "modloader\prioridade 5\nextgen effects\map\bnk_2.dff"
Installing file "modloader\prioridade 5\nextgen effects\map\bnk_3.dff"
Installing file "modloader\prioridade 5\nextgen effects\map\clbnk_1.dff"
Installing file "modloader\prioridade 5\nextgen effects\map\clbnk_2.dff"
Installing file "modloader\prioridade 5\nextgen effects\map\clbnk_3.dff"
Installing file "modloader\prioridade 5\nextgen effects\map\conc_bounce1.dff"
Installing file "modloader\prioridade 5\nextgen effects\map\conc_bounce1x.dff"
Installing file "modloader\prioridade 5\nextgen effects\map\conc_bounce2.dff"
Installing file "modloader\prioridade 5\nextgen effects\map\conc_bounce2x.dff"
Installing file "modloader\prioridade 5\nextgen effects\map\d_short.dff"
Installing file "modloader\prioridade 5\nextgen effects\map\d_short2.dff"
Installing file "modloader\prioridade 5\nextgen effects\map\d_tall.dff"
Installing file "modloader\prioridade 5\nextgen effects\map\d_tall2.dff"
Installing file "modloader\prioridade 5\nextgen effects\map\d_tall_t.dff"
Installing file "modloader\prioridade 5\nextgen effects\map\d_tall_t2.dff"
Installing file "modloader\prioridade 5\nextgen effects\map\dana_bh.dff"
Installing file "modloader\prioridade 5\nextgen effects\map\dana_bh2.dff"
Installing file "modloader\prioridade 5\nextgen effects\map\dana_bh3.dff"
Installing file "modloader\prioridade 5\nextgen effects\map\dana_cnc1.dff"
Installing file "modloader\prioridade 5\nextgen effects\map\dana_cnc2.dff"
Installing file "modloader\prioridade 5\nextgen effects\map\dana_cnc3.dff"
Installing file "modloader\prioridade 5\nextgen effects\map\dr_dc1x.dff"
Installing file "modloader\prioridade 5\nextgen effects\map\effects.col"
Installing file "modloader\prioridade 5\nextgen effects\map\effects.ide"
Installing file "modloader\prioridade 5\nextgen effects\map\effects.ipl"
Installing file "modloader\prioridade 5\nextgen effects\map\effects.txd"
Installing file "modloader\prioridade 5\nextgen effects\map\endfl_1.dff"
Installing file "modloader\prioridade 5\nextgen effects\map\endfl_2.dff"
Installing file "modloader\prioridade 5\nextgen effects\map\endfl_3.dff"
Installing file "modloader\prioridade 5\nextgen effects\map\fog_1.dff"
Installing file "modloader\prioridade 5\nextgen effects\map\fog_2.dff"
Installing file "modloader\prioridade 5\nextgen effects\map\fog_3.dff"
Installing file "modloader\prioridade 5\nextgen effects\map\fog_4.dff"
Installing file "modloader\prioridade 5\nextgen effects\map\grey_imp1.dff"
Installing file "modloader\prioridade 5\nextgen effects\map\grey_imp2.dff"
Installing file "modloader\prioridade 5\nextgen effects\map\gtadat.txt"
Installing file "modloader\prioridade 5\nextgen effects\map\jz_cn_hls1.dff"
Installing file "modloader\prioridade 5\nextgen effects\map\jz_cn_hls2.dff"
Installing file "modloader\prioridade 5\nextgen effects\map\jz_wd_hls.dff"
Installing file "modloader\prioridade 5\nextgen effects\map\jz_wd_hls2.dff"
Installing file "modloader\prioridade 5\nextgen effects\map\jz_wd_hls3.dff"
Installing file "modloader\prioridade 5\nextgen effects\map\losz_1.dff"
Installing file "modloader\prioridade 5\nextgen effects\map\losz_2.dff"
Installing file "modloader\prioridade 5\nextgen effects\map\losz_3.dff"
Installing file "modloader\prioridade 5\nextgen effects\map\losz_4.dff"
Installing file "modloader\prioridade 5\nextgen effects\map\losz_5.dff"
Installing file "modloader\prioridade 5\nextgen effects\map\losz_6.dff"
Installing file "modloader\prioridade 5\nextgen effects\map\manydrums.dff"
Installing file "modloader\prioridade 5\nextgen effects\map\mbys_1.dff"
Installing file "modloader\prioridade 5\nextgen effects\map\mbys_2.dff"
Installing file "modloader\prioridade 5\nextgen effects\map\mbys_3.dff"
Installing file "modloader\prioridade 5\nextgen effects\map\mdgmns_1.dff"
Installing file "modloader\prioridade 5\nextgen effects\map\mdgmns_2.dff"
Installing file "modloader\prioridade 5\nextgen effects\map\mdgmns_3.dff"
Installing file "modloader\prioridade 5\nextgen effects\map\mdgrf_1.dff"
Installing file "modloader\prioridade 5\nextgen effects\map\mdgrf_2.dff"
Installing file "modloader\prioridade 5\nextgen effects\map\mdgrf_3.dff"
Installing file "modloader\prioridade 5\nextgen effects\map\mit_1.dff"
Installing file "modloader\prioridade 5\nextgen effects\map\mit_2.dff"
Installing file "modloader\prioridade 5\nextgen effects\map\mit_3.dff"
Installing file "modloader\prioridade 5\nextgen effects\map\motgls.dff"
Installing file "modloader\prioridade 5\nextgen effects\map\mtl_1.dff"
Installing file "modloader\prioridade 5\nextgen effects\map\mtl_2.dff"
Installing file "modloader\prioridade 5\nextgen effects\map\mtl_3.dff"
Installing file "modloader\prioridade 5\nextgen effects\map\mtl_rf.dff"
Installing file "modloader\prioridade 5\nextgen effects\map\mtl_sd.dff"
Installing file "modloader\prioridade 5\nextgen effects\map\outr_1.dff"
Installing file "modloader\prioridade 5\nextgen effects\map\outr_2.dff"
Installing file "modloader\prioridade 5\nextgen effects\map\p_blowp.dff"
Installing file "modloader\prioridade 5\nextgen effects\map\pierwd.dff"
Installing file "modloader\prioridade 5\nextgen effects\map\pln_clds.dff"
Installing file "modloader\prioridade 5\nextgen effects\map\plnalrm.dff"
Installing file "modloader\prioridade 5\nextgen effects\map\plnalrm2.dff"
Installing file "modloader\prioridade 5\nextgen effects\map\pool_refl.dff"
Installing file "modloader\prioridade 5\nextgen effects\map\vaultfx.dff"
Installing file "modloader\prioridade 5\nextgen effects\map\waves0.dff"
Installing file "modloader\prioridade 5\nextgen effects\map\waves0x.dff"
Installing file "modloader\prioridade 5\nextgen effects\map\waves0x2.dff"
Installing file "modloader\prioridade 5\nextgen effects\map\waves1.dff"
Installing file "modloader\prioridade 5\nextgen effects\map\waves2.dff"
Installing file "modloader\prioridade 5\nextgen effects\map\waves3.dff"
Installing file "modloader\prioridade 5\nextgen effects\map\waves4.dff"
Installing file "modloader\prioridade 5\nextgen effects\map\waves5.dff"
Installing file "modloader\prioridade 5\nextgen effects\map\waves6.dff"
Installing file "modloader\prioridade 5\nextgen effects\models\effects.fxp"
Installing file "modloader\prioridade 5\nextgen effects\models\effectspc.txd"
Installing file "modloader\prioridade 5\nextgen effects\models\particle.txd"
Installing file "modloader\prioridade 5\widescreen fix by thirteenag\gtasa.widescreenfix.asi"
Updating state for "modloader\tuning mod parts\"...
Installing file "modloader\tuning mod parts\gta v rat rod engine\loader.txt"
Installing file "modloader\tuning mod parts\gta v rat rod engine\vrat_engine.ide"
Installing file "modloader\tuning mod parts\gta v rat rod engine\vrat_engine.txd"
Installing file "modloader\tuning mod parts\gta v rat rod engine\vrat_engine_block.dff"
Installing file "modloader\tuning mod parts\gta v rat rod engine\vrat_engine_exhaust.dff"
Installing file "modloader\tuning mod parts\gta v rat rod engine\vrat_engine_pipes.dff"
Installing file "modloader\tuning mod parts\gta v rat rod engine\vrat_engine_scoop1.dff"
Installing file "modloader\tuning mod parts\gta v rat rod engine\vrat_engine_scoop1b.dff"
Installing file "modloader\tuning mod parts\gta v rat rod engine\vrat_engine_scoop2.dff"
Installing file "modloader\tuning mod parts\pack apocalipse 1\apoc1_bar1.dff"
Installing file "modloader\tuning mod parts\pack apocalipse 1\apoc1_bar2.dff"
Installing file "modloader\tuning mod parts\pack apocalipse 1\apoc1_bar3.dff"
Installing file "modloader\tuning mod parts\pack apocalipse 1\apoc1_bar4.dff"
Installing file "modloader\tuning mod parts\pack apocalipse 1\apoc1_dump.dff"
Installing file "modloader\tuning mod parts\pack apocalipse 1\apoc1_exhaust.dff"
Installing file "modloader\tuning mod parts\pack apocalipse 1\apoc1_light.dff"
Installing file "modloader\tuning mod parts\pack apocalipse 1\apoc1_stair.dff"
Installing file "modloader\tuning mod parts\pack apocalipse 1\apoc1_store1.dff"
Installing file "modloader\tuning mod parts\pack apocalipse 1\apoc1_store2.dff"
Installing file "modloader\tuning mod parts\pack apocalipse 1\apoc1_turret.dff"
Installing file "modloader\tuning mod parts\pack apocalipse 1\apoc1_turretbase.dff"
Installing file "modloader\tuning mod parts\pack apocalipse 1\apoc1_wheel.dff"
Installing file "modloader\tuning mod parts\pack apocalipse 1\loader.txt"
Installing file "modloader\tuning mod parts\pack apocalipse 1\pack apocalipse 1.ide"
Installing file "modloader\tuning mod parts\pack apocalipse 1\pack_apoc1.txd"
Installing file "modloader\tuning mod parts\pack apocalipse 2\apoc2_axis.dff"
Installing file "modloader\tuning mod parts\pack apocalipse 2\apoc2_body.dff"
Installing file "modloader\tuning mod parts\pack apocalipse 2\apoc2_bumper1.dff"
Installing file "modloader\tuning mod parts\pack apocalipse 2\apoc2_bumper2.dff"
Installing file "modloader\tuning mod parts\pack apocalipse 2\apoc2_chain1.dff"
Installing file "modloader\tuning mod parts\pack apocalipse 2\apoc2_chain2.dff"
Installing file "modloader\tuning mod parts\pack apocalipse 2\apoc2_exhaust.dff"
Installing file "modloader\tuning mod parts\pack apocalipse 2\apoc2_gun.dff"
Installing file "modloader\tuning mod parts\pack apocalipse 2\apoc2_interiorgear.dff"
Installing file "modloader\tuning mod parts\pack apocalipse 2\apoc2_interiorpart.dff"
Installing file "modloader\tuning mod parts\pack apocalipse 2\apoc2_ladder.dff"
Installing file "modloader\tuning mod parts\pack apocalipse 2\apoc2_lights.dff"
Installing file "modloader\tuning mod parts\pack apocalipse 2\apoc2_metal1.dff"
Installing file "modloader\tuning mod parts\pack apocalipse 2\apoc2_metal2.dff"
Installing file "modloader\tuning mod parts\pack apocalipse 2\apoc2_pipe1.dff"
Installing file "modloader\tuning mod parts\pack apocalipse 2\apoc2_pipe2.dff"
Installing file "modloader\tuning mod parts\pack apocalipse 2\apoc2_pipe3.dff"
Installing file "modloader\tuning mod parts\pack apocalipse 2\apoc2_rollcage.dff"
Installing file "modloader\tuning mod parts\pack apocalipse 2\apoc2_seat.dff"
Installing file "modloader\tuning mod parts\pack apocalipse 2\apoc2_skull.dff"
Installing file "modloader\tuning mod parts\pack apocalipse 2\apoc2_skulls.dff"
Installing file "modloader\tuning mod parts\pack apocalipse 2\apoc2_spear.dff"
Installing file "modloader\tuning mod parts\pack apocalipse 2\apoc2_spike1.dff"
Installing file "modloader\tuning mod parts\pack apocalipse 2\apoc2_spike2.dff"
Installing file "modloader\tuning mod parts\pack apocalipse 2\apoc2_spike3.dff"
Installing file "modloader\tuning mod parts\pack apocalipse 2\apoc2_spoiler.dff"
Installing file "modloader\tuning mod parts\pack apocalipse 2\apoc2_spoilersup.dff"
Installing file "modloader\tuning mod parts\pack apocalipse 2\apoc2_steer.dff"
Installing file "modloader\tuning mod parts\pack apocalipse 2\apoc2_suspension.dff"
Installing file "modloader\tuning mod parts\pack apocalipse 2\apoc2_traction.dff"
Installing file "modloader\tuning mod parts\pack apocalipse 2\apoc2_wheel.dff"
Installing file "modloader\tuning mod parts\pack apocalipse 2\loader.txt"
Installing file "modloader\tuning mod parts\pack apocalipse 2\pack apocalipse 2.ide"
Installing file "modloader\tuning mod parts\pack apocalipse 2\pack_apoc2.txd"
Updating state for "modloader\skygfx - extended\"...
Installing file "modloader\skygfx - extended\models\mobile_details.txd"
Installing file "modloader\skygfx - extended\models\texdb.txt"
Installing file "modloader\skygfx - extended\neo\neo.txd"
Installing file "modloader\skygfx - extended\skygfx.asi"
Installing file "modloader\skygfx - extended\stream.ini"
Updating state for "modloader\prioridade 40\"...
Installing file "modloader\prioridade 40\animal statues remastered\asremastered.ide"
Installing file "modloader\prioridade 40\animal statues remastered\asremastered.ifp"
Installing file "modloader\prioridade 40\animal statues remastered\des_bigbull.dff"
Installing file "modloader\prioridade 40\animal statues remastered\des_cockbody.dff"
Installing file "modloader\prioridade 40\animal statues remastered\des_steakhouse.txd"
Installing file "modloader\prioridade 40\animal statues remastered\des_stownmots1.txd"
Installing file "modloader\prioridade 40\animal statues remastered\desn2_peckers.txd"
Installing file "modloader\prioridade 40\animal statues remastered\desn2_stripsigs1.dff"
Installing file "modloader\prioridade 40\animal statues remastered\loader.txt"
Installing file "modloader\prioridade 40\carros originais imvehft\data\carcols.dat"
Installing file "modloader\prioridade 40\carros originais imvehft\data\carmods.dat"
Installing file "modloader\prioridade 40\carros originais imvehft\data\handling.cfg"
Installing file "modloader\prioridade 40\carros originais imvehft\data\vehicles.ide"
Installing file "modloader\prioridade 40\carros originais imvehft\models\generic\vehicle.txd"
Installing file "modloader\prioridade 40\carros originais imvehft\models\gta3img\dffs\admiral.dff"
Installing file "modloader\prioridade 40\carros originais imvehft\models\gta3img\dffs\alpha.dff"
Installing file "modloader\prioridade 40\carros originais imvehft\models\gta3img\dffs\ambulan.dff"
Installing file "modloader\prioridade 40\carros originais imvehft\models\gta3img\dffs\artict1.dff"
Installing file "modloader\prioridade 40\carros originais imvehft\models\gta3img\dffs\artict2.dff"
Installing file "modloader\prioridade 40\carros originais imvehft\models\gta3img\dffs\artict3.dff"
Installing file "modloader\prioridade 40\carros originais imvehft\models\gta3img\dffs\bagboxa.dff"
Installing file "modloader\prioridade 40\carros originais imvehft\models\gta3img\dffs\bagboxb.dff"
Installing file "modloader\prioridade 40\carros originais imvehft\models\gta3img\dffs\baggage.dff"
Installing file "modloader\prioridade 40\carros originais imvehft\models\gta3img\dffs\bandito.dff"
Installing file "modloader\prioridade 40\carros originais imvehft\models\gta3img\dffs\banshee.dff"
Installing file "modloader\prioridade 40\carros originais imvehft\models\gta3img\dffs\barracks.dff"
Installing file "modloader\prioridade 40\carros originais imvehft\models\gta3img\dffs\benson.dff"
Installing file "modloader\prioridade 40\carros originais imvehft\models\gta3img\dffs\bf400.dff"
Installing file "modloader\prioridade 40\carros originais imvehft\models\gta3img\dffs\bfinject.dff"
Installing file "modloader\prioridade 40\carros originais imvehft\models\gta3img\dffs\blade.dff"
Installing file "modloader\prioridade 40\carros originais imvehft\models\gta3img\dffs\blistac.dff"
Installing file "modloader\prioridade 40\carros originais imvehft\models\gta3img\dffs\bloodra.dff"
Installing file "modloader\prioridade 40\carros originais imvehft\models\gta3img\dffs\bloodrb.dff"
Installing file "modloader\prioridade 40\carros originais imvehft\models\gta3img\dffs\bobcat.dff"
Installing file "modloader\prioridade 40\carros originais imvehft\models\gta3img\dffs\boxburg.dff"
Installing file "modloader\prioridade 40\carros originais imvehft\models\gta3img\dffs\boxville.dff"
Installing file "modloader\prioridade 40\carros originais imvehft\models\gta3img\dffs\bravura.dff"
Installing file "modloader\prioridade 40\carros originais imvehft\models\gta3img\dffs\broadway.dff"
Installing file "modloader\prioridade 40\carros originais imvehft\models\gta3img\dffs\buccanee.dff"
Installing file "modloader\prioridade 40\carros originais imvehft\models\gta3img\dffs\buffalo.dff"
Installing file "modloader\prioridade 40\carros originais imvehft\models\gta3img\dffs\bullet.dff"
Installing file "modloader\prioridade 40\carros originais imvehft\models\gta3img\dffs\burrito.dff"
Installing file "modloader\prioridade 40\carros originais imvehft\models\gta3img\dffs\bus.dff"
Installing file "modloader\prioridade 40\carros originais imvehft\models\gta3img\dffs\cabbie.dff"
Installing file "modloader\prioridade 40\carros originais imvehft\models\gta3img\dffs\caddy.dff"
Installing file "modloader\prioridade 40\carros originais imvehft\models\gta3img\dffs\cadrona.dff"
Installing file "modloader\prioridade 40\carros originais imvehft\models\gta3img\dffs\camper.dff"
Installing file "modloader\prioridade 40\carros originais imvehft\models\gta3img\dffs\cement.dff"
Installing file "modloader\prioridade 40\carros originais imvehft\models\gta3img\dffs\cheetah.dff"
Installing file "modloader\prioridade 40\carros originais imvehft\models\gta3img\dffs\clover.dff"
Installing file "modloader\prioridade 40\carros originais imvehft\models\gta3img\dffs\club.dff"
Installing file "modloader\prioridade 40\carros originais imvehft\models\gta3img\dffs\coach.dff"
Installing file "modloader\prioridade 40\carros originais imvehft\models\gta3img\dffs\combine.dff"
Installing file "modloader\prioridade 40\carros originais imvehft\models\gta3img\dffs\comet.dff"
Installing file "modloader\prioridade 40\carros originais imvehft\models\gta3img\dffs\copbike.dff"
Installing file "modloader\prioridade 40\carros originais imvehft\models\gta3img\dffs\copcarla.dff"
Installing file "modloader\prioridade 40\carros originais imvehft\models\gta3img\dffs\copcarru.dff"
Installing file "modloader\prioridade 40\carros originais imvehft\models\gta3img\dffs\copcarsf.dff"
Installing file "modloader\prioridade 40\carros originais imvehft\models\gta3img\dffs\copcarvg.dff"
Installing file "modloader\prioridade 40\carros originais imvehft\models\gta3img\dffs\dft30.dff"
Installing file "modloader\prioridade 40\carros originais imvehft\models\gta3img\dffs\dozer.dff"
Installing file "modloader\prioridade 40\carros originais imvehft\models\gta3img\dffs\dumper.dff"
Installing file "modloader\prioridade 40\carros originais imvehft\models\gta3img\dffs\duneride.dff"
Installing file "modloader\prioridade 40\carros originais imvehft\models\gta3img\dffs\elegant.dff"
Installing file "modloader\prioridade 40\carros originais imvehft\models\gta3img\dffs\elegy.dff"
Installing file "modloader\prioridade 40\carros originais imvehft\models\gta3img\dffs\emperor.dff"
Installing file "modloader\prioridade 40\carros originais imvehft\models\gta3img\dffs\enforcer.dff"
Installing file "modloader\prioridade 40\carros originais imvehft\models\gta3img\dffs\esperant.dff"
Installing file "modloader\prioridade 40\carros originais imvehft\models\gta3img\dffs\euros.dff"
Installing file "modloader\prioridade 40\carros originais imvehft\models\gta3img\dffs\faggio.dff"
Installing file "modloader\prioridade 40\carros originais imvehft\models\gta3img\dffs\fbicar.dff"
Installing file "modloader\prioridade 40\carros originais imvehft\models\gta3img\dffs\fbiranch.dff"
Installing file "modloader\prioridade 40\carros originais imvehft\models\gta3img\dffs\fbitruck.dff"
Installing file "modloader\prioridade 40\carros originais imvehft\models\gta3img\dffs\fbmp_a_f.dff"
Installing file "modloader\prioridade 40\carros originais imvehft\models\gta3img\dffs\fbmp_a_l.dff"
Installing file "modloader\prioridade 40\carros originais imvehft\models\gta3img\dffs\fbmp_a_s.dff"
Installing file "modloader\prioridade 40\carros originais imvehft\models\gta3img\dffs\fbmp_a_st.dff"
Installing file "modloader\prioridade 40\carros originais imvehft\models\gta3img\dffs\fbmp_a_u.dff"
Installing file "modloader\prioridade 40\carros originais imvehft\models\gta3img\dffs\fbmp_c_f.dff"
Installing file "modloader\prioridade 40\carros originais imvehft\models\gta3img\dffs\fbmp_c_l.dff"
Installing file "modloader\prioridade 40\carros originais imvehft\models\gta3img\dffs\fbmp_c_s.dff"
Installing file "modloader\prioridade 40\carros originais imvehft\models\gta3img\dffs\fbmp_c_st.dff"
Installing file "modloader\prioridade 40\carros originais imvehft\models\gta3img\dffs\fbmp_c_u.dff"
Installing file "modloader\prioridade 40\carros originais imvehft\models\gta3img\dffs\fbmp_lr_sv1.dff"
Installing file "modloader\prioridade 40\carros originais imvehft\models\gta3img\dffs\fbmp_lr_sv2.dff"
Installing file "modloader\prioridade 40\carros originais imvehft\models\gta3img\dffs\fcr900.dff"
Installing file "modloader\prioridade 40\carros originais imvehft\models\gta3img\dffs\feltzer.dff"
Installing file "modloader\prioridade 40\carros originais imvehft\models\gta3img\dffs\firela.dff"
Installing file "modloader\prioridade 40\carros originais imvehft\models\gta3img\dffs\firetruk.dff"
Installing file "modloader\prioridade 40\carros originais imvehft\models\gta3img\dffs\flash.dff"
Installing file "modloader\prioridade 40\carros originais imvehft\models\gta3img\dffs\flatbed.dff"
Installing file "modloader\prioridade 40\carros originais imvehft\models\gta3img\dffs\forklift.dff"
Installing file "modloader\prioridade 40\carros originais imvehft\models\gta3img\dffs\fortune.dff"
Installing file "modloader\prioridade 40\carros originais imvehft\models\gta3img\dffs\freeway.dff"
Installing file "modloader\prioridade 40\carros originais imvehft\models\gta3img\dffs\glendale.dff"
Installing file "modloader\prioridade 40\carros originais imvehft\models\gta3img\dffs\glenshit.dff"
Installing file "modloader\prioridade 40\carros originais imvehft\models\gta3img\dffs\greenwoo.dff"
Installing file "modloader\prioridade 40\carros originais imvehft\models\gta3img\dffs\hermes.dff"
Installing file "modloader\prioridade 40\carros originais imvehft\models\gta3img\dffs\hotdog.dff"
Installing file "modloader\prioridade 40\carros originais imvehft\models\gta3img\dffs\hotknife.dff"
Installing file "modloader\prioridade 40\carros originais imvehft\models\gta3img\dffs\hotrina.dff"
Installing file "modloader\prioridade 40\carros originais imvehft\models\gta3img\dffs\hotrinb.dff"
Installing file "modloader\prioridade 40\carros originais imvehft\models\gta3img\dffs\hotring.dff"
Installing file "modloader\prioridade 40\carros originais imvehft\models\gta3img\dffs\huntley.dff"
Installing file "modloader\prioridade 40\carros originais imvehft\models\gta3img\dffs\hustler.dff"
Installing file "modloader\prioridade 40\carros originais imvehft\models\gta3img\dffs\infernus.dff"
Installing file "modloader\prioridade 40\carros originais imvehft\models\gta3img\dffs\intruder.dff"
Installing file "modloader\prioridade 40\carros originais imvehft\models\gta3img\dffs\jester.dff"
Installing file "modloader\prioridade 40\carros originais imvehft\models\gta3img\dffs\journey.dff"
Installing file "modloader\prioridade 40\carros originais imvehft\models\gta3img\dffs\kart.dff"
Installing file "modloader\prioridade 40\carros originais imvehft\models\gta3img\dffs\landstal.dff"
Installing file "modloader\prioridade 40\carros originais imvehft\models\gta3img\dffs\lgt_b_rspt.dff"
Installing file "modloader\prioridade 40\carros originais imvehft\models\gta3img\dffs\lgt_b_sspt.dff"
Installing file "modloader\prioridade 40\carros originais imvehft\models\gta3img\dffs\linerun.dff"
Installing file "modloader\prioridade 40\carros originais imvehft\models\gta3img\dffs\majestic.dff"
Installing file "modloader\prioridade 40\carros originais imvehft\models\gta3img\dffs\manana.dff"
Installing file "modloader\prioridade 40\carros originais imvehft\models\gta3img\dffs\merit.dff"
Installing file "modloader\prioridade 40\carros originais imvehft\models\gta3img\dffs\mesa.dff"
Installing file "modloader\prioridade 40\carros originais imvehft\models\gta3img\dffs\monster.dff"
Installing file "modloader\prioridade 40\carros originais imvehft\models\gta3img\dffs\monstera.dff"
Installing file "modloader\prioridade 40\carros originais imvehft\models\gta3img\dffs\monsterb.dff"
Installing file "modloader\prioridade 40\carros originais imvehft\models\gta3img\dffs\moonbeam.dff"
Installing file "modloader\prioridade 40\carros originais imvehft\models\gta3img\dffs\mower.dff"
Installing file "modloader\prioridade 40\carros originais imvehft\models\gta3img\dffs\mrwhoop.dff"
Installing file "modloader\prioridade 40\carros originais imvehft\models\gta3img\dffs\mule.dff"
Installing file "modloader\prioridade 40\carros originais imvehft\models\gta3img\dffs\nebula.dff"
Installing file "modloader\prioridade 40\carros originais imvehft\models\gta3img\dffs\newsvan.dff"
Installing file "modloader\prioridade 40\carros originais imvehft\models\gta3img\dffs\nrg500.dff"
Installing file "modloader\prioridade 40\carros originais imvehft\models\gta3img\dffs\oceanic.dff"
Installing file "modloader\prioridade 40\carros originais imvehft\models\gta3img\dffs\packer.dff"
Installing file "modloader\prioridade 40\carros originais imvehft\models\gta3img\dffs\patriot.dff"
Installing file "modloader\prioridade 40\carros originais imvehft\models\gta3img\dffs\pcj600.dff"
Installing file "modloader\prioridade 40\carros originais imvehft\models\gta3img\dffs\peren.dff"
Installing file "modloader\prioridade 40\carros originais imvehft\models\gta3img\dffs\petro.dff"
Installing file "modloader\prioridade 40\carros originais imvehft\models\gta3img\dffs\petrotr.dff"
Installing file "modloader\prioridade 40\carros originais imvehft\models\gta3img\dffs\phoenix.dff"
Installing file "modloader\prioridade 40\carros originais imvehft\models\gta3img\dffs\picador.dff"
Installing file "modloader\prioridade 40\carros originais imvehft\models\gta3img\dffs\pizzaboy.dff"
Installing file "modloader\prioridade 40\carros originais imvehft\models\gta3img\dffs\pony.dff"
Installing file "modloader\prioridade 40\carros originais imvehft\models\gta3img\dffs\premier.dff"
Installing file "modloader\prioridade 40\carros originais imvehft\models\gta3img\dffs\previon.dff"
Installing file "modloader\prioridade 40\carros originais imvehft\models\gta3img\dffs\primo.dff"
Installing file "modloader\prioridade 40\carros originais imvehft\models\gta3img\dffs\quad.dff"
Installing file "modloader\prioridade 40\carros originais imvehft\models\gta3img\dffs\rancher.dff"
Installing file "modloader\prioridade 40\carros originais imvehft\models\gta3img\dffs\rbmp_lr_bl1.dff"
Installing file "modloader\prioridade 40\carros originais imvehft\models\gta3img\dffs\rbmp_lr_bl2.dff"
Installing file "modloader\prioridade 40\carros originais imvehft\models\gta3img\dffs\rdtrain.dff"
Installing file "modloader\prioridade 40\carros originais imvehft\models\gta3img\dffs\rdtraint.dff"
Installing file "modloader\prioridade 40\carros originais imvehft\models\gta3img\dffs\regina.dff"
Installing file "modloader\prioridade 40\carros originais imvehft\models\gta3img\dffs\remingtn.dff"
Installing file "modloader\prioridade 40\carros originais imvehft\models\gta3img\dffs\rhino.dff"
Installing file "modloader\prioridade 40\carros originais imvehft\models\gta3img\dffs\rnchlure.dff"
Installing file "modloader\prioridade 40\carros originais imvehft\models\gta3img\dffs\romero.dff"
Installing file "modloader\prioridade 40\carros originais imvehft\models\gta3img\dffs\rumpo.dff"
Installing file "modloader\prioridade 40\carros originais imvehft\models\gta3img\dffs\sabre.dff"
Installing file "modloader\prioridade 40\carros originais imvehft\models\gta3img\dffs\sadler.dff"
Installing file "modloader\prioridade 40\carros originais imvehft\models\gta3img\dffs\sadlshit.dff"
Installing file "modloader\prioridade 40\carros originais imvehft\models\gta3img\dffs\sanchez.dff"
Installing file "modloader\prioridade 40\carros originais imvehft\models\gta3img\dffs\sandking.dff"
Installing file "modloader\prioridade 40\carros originais imvehft\models\gta3img\dffs\savanna.dff"
Installing file "modloader\prioridade 40\carros originais imvehft\models\gta3img\dffs\securica.dff"
Installing file "modloader\prioridade 40\carros originais imvehft\models\gta3img\dffs\sentinel.dff"
Installing file "modloader\prioridade 40\carros originais imvehft\models\gta3img\dffs\slamvan.dff"
Installing file "modloader\prioridade 40\carros originais imvehft\models\gta3img\dffs\solair.dff"
Installing file "modloader\prioridade 40\carros originais imvehft\models\gta3img\dffs\stafford.dff"
Installing file "modloader\prioridade 40\carros originais imvehft\models\gta3img\dffs\stallion.dff"
Installing file "modloader\prioridade 40\carros originais imvehft\models\gta3img\dffs\stratum.dff"
Installing file "modloader\prioridade 40\carros originais imvehft\models\gta3img\dffs\stretch.dff"
Installing file "modloader\prioridade 40\carros originais imvehft\models\gta3img\dffs\sultan.dff"
Installing file "modloader\prioridade 40\carros originais imvehft\models\gta3img\dffs\sunrise.dff"
Installing file "modloader\prioridade 40\carros originais imvehft\models\gta3img\dffs\supergt.dff"
Installing file "modloader\prioridade 40\carros originais imvehft\models\gta3img\dffs\swatvan.dff"
Installing file "modloader\prioridade 40\carros originais imvehft\models\gta3img\dffs\sweeper.dff"
Installing file "modloader\prioridade 40\carros originais imvehft\models\gta3img\dffs\tahoma.dff"
Installing file "modloader\prioridade 40\carros originais imvehft\models\gta3img\dffs\tampa.dff"
Installing file "modloader\prioridade 40\carros originais imvehft\models\gta3img\dffs\taxi.dff"
Installing file "modloader\prioridade 40\carros originais imvehft\models\gta3img\dffs\topfun.dff"
Installing file "modloader\prioridade 40\carros originais imvehft\models\gta3img\dffs\tornado.dff"
Installing file "modloader\prioridade 40\carros originais imvehft\models\gta3img\dffs\towtruck.dff"
Installing file "modloader\prioridade 40\carros originais imvehft\models\gta3img\dffs\tractor.dff"
Installing file "modloader\prioridade 40\carros originais imvehft\models\gta3img\dffs\trash.dff"
Installing file "modloader\prioridade 40\carros originais imvehft\models\gta3img\dffs\tug.dff"
Installing file "modloader\prioridade 40\carros originais imvehft\models\gta3img\dffs\tugstair.dff"
Installing file "modloader\prioridade 40\carros originais imvehft\models\gta3img\dffs\turismo.dff"
Installing file "modloader\prioridade 40\carros originais imvehft\models\gta3img\dffs\uranus.dff"
Installing file "modloader\prioridade 40\carros originais imvehft\models\gta3img\dffs\utility.dff"
Installing file "modloader\prioridade 40\carros originais imvehft\models\gta3img\dffs\vincent.dff"
Installing file "modloader\prioridade 40\carros originais imvehft\models\gta3img\dffs\virgo.dff"
Installing file "modloader\prioridade 40\carros originais imvehft\models\gta3img\dffs\voodoo.dff"
Installing file "modloader\prioridade 40\carros originais imvehft\models\gta3img\dffs\walton.dff"
Installing file "modloader\prioridade 40\carros originais imvehft\models\gta3img\dffs\washing.dff"
Installing file "modloader\prioridade 40\carros originais imvehft\models\gta3img\dffs\wayfarer.dff"
Installing file "modloader\prioridade 40\carros originais imvehft\models\gta3img\dffs\willard.dff"
Installing file "modloader\prioridade 40\carros originais imvehft\models\gta3img\dffs\windsor.dff"
Installing file "modloader\prioridade 40\carros originais imvehft\models\gta3img\dffs\yankee.dff"
Installing file "modloader\prioridade 40\carros originais imvehft\models\gta3img\dffs\yosemite.dff"
Installing file "modloader\prioridade 40\carros originais imvehft\models\gta3img\dffs\zr350.dff"
Installing file "modloader\prioridade 40\carros originais imvehft\models\gta3img\txds\admiral.txd"
Installing file "modloader\prioridade 40\carros originais imvehft\models\gta3img\txds\alpha.txd"
Installing file "modloader\prioridade 40\carros originais imvehft\models\gta3img\txds\ambulan.txd"
Installing file "modloader\prioridade 40\carros originais imvehft\models\gta3img\txds\artict1.txd"
Installing file "modloader\prioridade 40\carros originais imvehft\models\gta3img\txds\artict2.txd"
Installing file "modloader\prioridade 40\carros originais imvehft\models\gta3img\txds\artict3.txd"
Installing file "modloader\prioridade 40\carros originais imvehft\models\gta3img\txds\bagboxa.txd"
Installing file "modloader\prioridade 40\carros originais imvehft\models\gta3img\txds\bagboxb.txd"
Installing file "modloader\prioridade 40\carros originais imvehft\models\gta3img\txds\baggage.txd"
Installing file "modloader\prioridade 40\carros originais imvehft\models\gta3img\txds\bandito.txd"
Installing file "modloader\prioridade 40\carros originais imvehft\models\gta3img\txds\banshee.txd"
Installing file "modloader\prioridade 40\carros originais imvehft\models\gta3img\txds\barracks.txd"
Installing file "modloader\prioridade 40\carros originais imvehft\models\gta3img\txds\benson.txd"
Installing file "modloader\prioridade 40\carros originais imvehft\models\gta3img\txds\bf400.txd"
Installing file "modloader\prioridade 40\carros originais imvehft\models\gta3img\txds\bfinject.txd"
Installing file "modloader\prioridade 40\carros originais imvehft\models\gta3img\txds\blade.txd"
Installing file "modloader\prioridade 40\carros originais imvehft\models\gta3img\txds\blistac.txd"
Installing file "modloader\prioridade 40\carros originais imvehft\models\gta3img\txds\bloodra.txd"
Installing file "modloader\prioridade 40\carros originais imvehft\models\gta3img\txds\bloodrb.txd"
Installing file "modloader\prioridade 40\carros originais imvehft\models\gta3img\txds\bobcat.txd"
Installing file "modloader\prioridade 40\carros originais imvehft\models\gta3img\txds\boxburg.txd"
Installing file "modloader\prioridade 40\carros originais imvehft\models\gta3img\txds\boxville.txd"
Installing file "modloader\prioridade 40\carros originais imvehft\models\gta3img\txds\bravura.txd"
Installing file "modloader\prioridade 40\carros originais imvehft\models\gta3img\txds\broadway.txd"
Installing file "modloader\prioridade 40\carros originais imvehft\models\gta3img\txds\buccanee.txd"
Installing file "modloader\prioridade 40\carros originais imvehft\models\gta3img\txds\buffalo.txd"
Installing file "modloader\prioridade 40\carros originais imvehft\models\gta3img\txds\bullet.txd"
Installing file "modloader\prioridade 40\carros originais imvehft\models\gta3img\txds\burrito.txd"
Installing file "modloader\prioridade 40\carros originais imvehft\models\gta3img\txds\bus.txd"
Installing file "modloader\prioridade 40\carros originais imvehft\models\gta3img\txds\cabbie.txd"
Installing file "modloader\prioridade 40\carros originais imvehft\models\gta3img\txds\caddy.txd"
Installing file "modloader\prioridade 40\carros originais imvehft\models\gta3img\txds\cadrona.txd"
Installing file "modloader\prioridade 40\carros originais imvehft\models\gta3img\txds\camper.txd"
Installing file "modloader\prioridade 40\carros originais imvehft\models\gta3img\txds\cement.txd"
Installing file "modloader\prioridade 40\carros originais imvehft\models\gta3img\txds\cheetah.txd"
Installing file "modloader\prioridade 40\carros originais imvehft\models\gta3img\txds\clover.txd"
Installing file "modloader\prioridade 40\carros originais imvehft\models\gta3img\txds\club.txd"
Installing file "modloader\prioridade 40\carros originais imvehft\models\gta3img\txds\coach.txd"
Installing file "modloader\prioridade 40\carros originais imvehft\models\gta3img\txds\combine.txd"
Installing file "modloader\prioridade 40\carros originais imvehft\models\gta3img\txds\comet.txd"
Installing file "modloader\prioridade 40\carros originais imvehft\models\gta3img\txds\copbike.txd"
Installing file "modloader\prioridade 40\carros originais imvehft\models\gta3img\txds\copcarla.txd"
Installing file "modloader\prioridade 40\carros originais imvehft\models\gta3img\txds\copcarru.txd"
Installing file "modloader\prioridade 40\carros originais imvehft\models\gta3img\txds\copcarsf.txd"
Installing file "modloader\prioridade 40\carros originais imvehft\models\gta3img\txds\copcarvg.txd"
Installing file "modloader\prioridade 40\carros originais imvehft\models\gta3img\txds\dft30.txd"
Installing file "modloader\prioridade 40\carros originais imvehft\models\gta3img\txds\dozer.txd"
Installing file "modloader\prioridade 40\carros originais imvehft\models\gta3img\txds\dumper.txd"
Installing file "modloader\prioridade 40\carros originais imvehft\models\gta3img\txds\duneride.txd"
Installing file "modloader\prioridade 40\carros originais imvehft\models\gta3img\txds\elegant.txd"
Installing file "modloader\prioridade 40\carros originais imvehft\models\gta3img\txds\elegy.txd"
Installing file "modloader\prioridade 40\carros originais imvehft\models\gta3img\txds\elegy1.txd"
Installing file "modloader\prioridade 40\carros originais imvehft\models\gta3img\txds\elegy2.txd"
Installing file "modloader\prioridade 40\carros originais imvehft\models\gta3img\txds\elegy3.txd"
Installing file "modloader\prioridade 40\carros originais imvehft\models\gta3img\txds\elegy4.txd"
Installing file "modloader\prioridade 40\carros originais imvehft\models\gta3img\txds\elegy5.txd"
Installing file "modloader\prioridade 40\carros originais imvehft\models\gta3img\txds\emperor.txd"
Installing file "modloader\prioridade 40\carros originais imvehft\models\gta3img\txds\enforcer.txd"
Installing file "modloader\prioridade 40\carros originais imvehft\models\gta3img\txds\esperant.txd"
Installing file "modloader\prioridade 40\carros originais imvehft\models\gta3img\txds\euros.txd"
Installing file "modloader\prioridade 40\carros originais imvehft\models\gta3img\txds\faggio.txd"
Installing file "modloader\prioridade 40\carros originais imvehft\models\gta3img\txds\fbicar.txd"
Installing file "modloader\prioridade 40\carros originais imvehft\models\gta3img\txds\fbiranch.txd"
Installing file "modloader\prioridade 40\carros originais imvehft\models\gta3img\txds\fbitruck.txd"
Installing file "modloader\prioridade 40\carros originais imvehft\models\gta3img\txds\fcr900.txd"
Installing file "modloader\prioridade 40\carros originais imvehft\models\gta3img\txds\feltzer.txd"
Installing file "modloader\prioridade 40\carros originais imvehft\models\gta3img\txds\firela.txd"
Installing file "modloader\prioridade 40\carros originais imvehft\models\gta3img\txds\firetruk.txd"
Installing file "modloader\prioridade 40\carros originais imvehft\models\gta3img\txds\flash.txd"
Installing file "modloader\prioridade 40\carros originais imvehft\models\gta3img\txds\flatbed.txd"
Installing file "modloader\prioridade 40\carros originais imvehft\models\gta3img\txds\forklift.txd"
Installing file "modloader\prioridade 40\carros originais imvehft\models\gta3img\txds\fortune.txd"
Installing file "modloader\prioridade 40\carros originais imvehft\models\gta3img\txds\freeway.txd"
Installing file "modloader\prioridade 40\carros originais imvehft\models\gta3img\txds\glendale.txd"
Installing file "modloader\prioridade 40\carros originais imvehft\models\gta3img\txds\glenshit.txd"
Installing file "modloader\prioridade 40\carros originais imvehft\models\gta3img\txds\greenwoo.txd"
Installing file "modloader\prioridade 40\carros originais imvehft\models\gta3img\txds\hermes.txd"
Installing file "modloader\prioridade 40\carros originais imvehft\models\gta3img\txds\hotdog.txd"
Installing file "modloader\prioridade 40\carros originais imvehft\models\gta3img\txds\hotknife.txd"
Installing file "modloader\prioridade 40\carros originais imvehft\models\gta3img\txds\hotrina.txd"
Installing file "modloader\prioridade 40\carros originais imvehft\models\gta3img\txds\hotrinb.txd"
Installing file "modloader\prioridade 40\carros originais imvehft\models\gta3img\txds\hotring.txd"
Installing file "modloader\prioridade 40\carros originais imvehft\models\gta3img\txds\huntley.txd"
Installing file "modloader\prioridade 40\carros originais imvehft\models\gta3img\txds\hustler.txd"
Installing file "modloader\prioridade 40\carros originais imvehft\models\gta3img\txds\infernus.txd"
Installing file "modloader\prioridade 40\carros originais imvehft\models\gta3img\txds\intruder.txd"
Installing file "modloader\prioridade 40\carros originais imvehft\models\gta3img\txds\jester.txd"
Installing file "modloader\prioridade 40\carros originais imvehft\models\gta3img\txds\journey.txd"
Installing file "modloader\prioridade 40\carros originais imvehft\models\gta3img\txds\kart.txd"
Installing file "modloader\prioridade 40\carros originais imvehft\models\gta3img\txds\landstal.txd"
Installing file "modloader\prioridade 40\carros originais imvehft\models\gta3img\txds\linerun.txd"
Installing file "modloader\prioridade 40\carros originais imvehft\models\gta3img\txds\majestic.txd"
Installing file "modloader\prioridade 40\carros originais imvehft\models\gta3img\txds\manana.txd"
Installing file "modloader\prioridade 40\carros originais imvehft\models\gta3img\txds\merit.txd"
Installing file "modloader\prioridade 40\carros originais imvehft\models\gta3img\txds\mesa.txd"
Installing file "modloader\prioridade 40\carros originais imvehft\models\gta3img\txds\monster.txd"
Installing file "modloader\prioridade 40\carros originais imvehft\models\gta3img\txds\monstera.txd"
Installing file "modloader\prioridade 40\carros originais imvehft\models\gta3img\txds\monsterb.txd"
Installing file "modloader\prioridade 40\carros originais imvehft\models\gta3img\txds\moonbeam.txd"
Installing file "modloader\prioridade 40\carros originais imvehft\models\gta3img\txds\mower.txd"
Installing file "modloader\prioridade 40\carros originais imvehft\models\gta3img\txds\mrwhoop.txd"
Installing file "modloader\prioridade 40\carros originais imvehft\models\gta3img\txds\mule.txd"
Installing file "modloader\prioridade 40\carros originais imvehft\models\gta3img\txds\nebula.txd"
Installing file "modloader\prioridade 40\carros originais imvehft\models\gta3img\txds\newsvan.txd"
Installing file "modloader\prioridade 40\carros originais imvehft\models\gta3img\txds\nrg500.txd"
Installing file "modloader\prioridade 40\carros originais imvehft\models\gta3img\txds\oceanic.txd"
Installing file "modloader\prioridade 40\carros originais imvehft\models\gta3img\txds\packer.txd"
Installing file "modloader\prioridade 40\carros originais imvehft\models\gta3img\txds\patriot.txd"
Installing file "modloader\prioridade 40\carros originais imvehft\models\gta3img\txds\pcj600.txd"
Installing file "modloader\prioridade 40\carros originais imvehft\models\gta3img\txds\peren.txd"
Installing file "modloader\prioridade 40\carros originais imvehft\models\gta3img\txds\petro.txd"
Installing file "modloader\prioridade 40\carros originais imvehft\models\gta3img\txds\petrotr.txd"
Installing file "modloader\prioridade 40\carros originais imvehft\models\gta3img\txds\phoenix.txd"
Installing file "modloader\prioridade 40\carros originais imvehft\models\gta3img\txds\picador.txd"
Installing file "modloader\prioridade 40\carros originais imvehft\models\gta3img\txds\pizzaboy.txd"
Installing file "modloader\prioridade 40\carros originais imvehft\models\gta3img\txds\pony.txd"
Installing file "modloader\prioridade 40\carros originais imvehft\models\gta3img\txds\premier.txd"
Installing file "modloader\prioridade 40\carros originais imvehft\models\gta3img\txds\previon.txd"
Installing file "modloader\prioridade 40\carros originais imvehft\models\gta3img\txds\primo.txd"
Installing file "modloader\prioridade 40\carros originais imvehft\models\gta3img\txds\quad.txd"
Installing file "modloader\prioridade 40\carros originais imvehft\models\gta3img\txds\rancher.txd"
Installing file "modloader\prioridade 40\carros originais imvehft\models\gta3img\txds\rdtrain.txd"
Installing file "modloader\prioridade 40\carros originais imvehft\models\gta3img\txds\rdtraint.txd"
Installing file "modloader\prioridade 40\carros originais imvehft\models\gta3img\txds\regina.txd"
Installing file "modloader\prioridade 40\carros originais imvehft\models\gta3img\txds\remingtn.txd"
Installing file "modloader\prioridade 40\carros originais imvehft\models\gta3img\txds\rhino.txd"
Installing file "modloader\prioridade 40\carros originais imvehft\models\gta3img\txds\rnchlure.txd"
Installing file "modloader\prioridade 40\carros originais imvehft\models\gta3img\txds\romero.txd"
Installing file "modloader\prioridade 40\carros originais imvehft\models\gta3img\txds\rumpo.txd"
Installing file "modloader\prioridade 40\carros originais imvehft\models\gta3img\txds\sabre.txd"
Installing file "modloader\prioridade 40\carros originais imvehft\models\gta3img\txds\sadler.txd"
Installing file "modloader\prioridade 40\carros originais imvehft\models\gta3img\txds\sadlshit.txd"
Installing file "modloader\prioridade 40\carros originais imvehft\models\gta3img\txds\sanchez.txd"
Installing file "modloader\prioridade 40\carros originais imvehft\models\gta3img\txds\sandking.txd"
Installing file "modloader\prioridade 40\carros originais imvehft\models\gta3img\txds\savanna.txd"
Installing file "modloader\prioridade 40\carros originais imvehft\models\gta3img\txds\securica.txd"
Installing file "modloader\prioridade 40\carros originais imvehft\models\gta3img\txds\sentinel.txd"
Installing file "modloader\prioridade 40\carros originais imvehft\models\gta3img\txds\slamvan.txd"
Installing file "modloader\prioridade 40\carros originais imvehft\models\gta3img\txds\solair.txd"
Installing file "modloader\prioridade 40\carros originais imvehft\models\gta3img\txds\stafford.txd"
Installing file "modloader\prioridade 40\carros originais imvehft\models\gta3img\txds\stallion.txd"
Installing file "modloader\prioridade 40\carros originais imvehft\models\gta3img\txds\stratum.txd"
Installing file "modloader\prioridade 40\carros originais imvehft\models\gta3img\txds\stretch.txd"
Installing file "modloader\prioridade 40\carros originais imvehft\models\gta3img\txds\sultan.txd"
Installing file "modloader\prioridade 40\carros originais imvehft\models\gta3img\txds\sunrise.txd"
Installing file "modloader\prioridade 40\carros originais imvehft\models\gta3img\txds\supergt.txd"
Installing file "modloader\prioridade 40\carros originais imvehft\models\gta3img\txds\swatvan.txd"
Installing file "modloader\prioridade 40\carros originais imvehft\models\gta3img\txds\sweeper.txd"
Installing file "modloader\prioridade 40\carros originais imvehft\models\gta3img\txds\tahoma.txd"
Installing file "modloader\prioridade 40\carros originais imvehft\models\gta3img\txds\tampa.txd"
Installing file "modloader\prioridade 40\carros originais imvehft\models\gta3img\txds\taxi.txd"
Installing file "modloader\prioridade 40\carros originais imvehft\models\gta3img\txds\topfun.txd"
Installing file "modloader\prioridade 40\carros originais imvehft\models\gta3img\txds\tornado.txd"
Installing file "modloader\prioridade 40\carros originais imvehft\models\gta3img\txds\towtruck.txd"
Installing file "modloader\prioridade 40\carros originais imvehft\models\gta3img\txds\tractor.txd"
Installing file "modloader\prioridade 40\carros originais imvehft\models\gta3img\txds\trash.txd"
Installing file "modloader\prioridade 40\carros originais imvehft\models\gta3img\txds\tug.txd"
Installing file "modloader\prioridade 40\carros originais imvehft\models\gta3img\txds\tugstair.txd"
Installing file "modloader\prioridade 40\carros originais imvehft\models\gta3img\txds\turismo.txd"
Installing file "modloader\prioridade 40\carros originais imvehft\models\gta3img\txds\uranus.txd"
Installing file "modloader\prioridade 40\carros originais imvehft\models\gta3img\txds\utility.txd"
Installing file "modloader\prioridade 40\carros originais imvehft\models\gta3img\txds\vincent.txd"
Installing file "modloader\prioridade 40\carros originais imvehft\models\gta3img\txds\virgo.txd"
Installing file "modloader\prioridade 40\carros originais imvehft\models\gta3img\txds\voodoo.txd"
Installing file "modloader\prioridade 40\carros originais imvehft\models\gta3img\txds\walton.txd"
Installing file "modloader\prioridade 40\carros originais imvehft\models\gta3img\txds\washing.txd"
Installing file "modloader\prioridade 40\carros originais imvehft\models\gta3img\txds\wayfarer.txd"
Installing file "modloader\prioridade 40\carros originais imvehft\models\gta3img\txds\willard.txd"
Installing file "modloader\prioridade 40\carros originais imvehft\models\gta3img\txds\windsor.txd"
Installing file "modloader\prioridade 40\carros originais imvehft\models\gta3img\txds\yankee.txd"
Installing file "modloader\prioridade 40\carros originais imvehft\models\gta3img\txds\yosemite.txd"
Installing file "modloader\prioridade 40\carros originais imvehft\models\gta3img\txds\zr350.txd"
Installing file "modloader\prioridade 40\imvehft\imvehft.asi"
Installing file "modloader\prioridade 40\imvehft\imvehftfix.asi"
Installing file "modloader\prioridade 40\nextgen remaster weapons\cutscenes  weapons - items\cs9mm.dff"
Installing file "modloader\prioridade 40\nextgen remaster weapons\cutscenes  weapons - items\cs9mm.txd"
Installing file "modloader\prioridade 40\nextgen remaster weapons\cutscenes  weapons - items\csbat.dff"
Installing file "modloader\prioridade 40\nextgen remaster weapons\cutscenes  weapons - items\csbat.txd"
Installing file "modloader\prioridade 40\nextgen remaster weapons\cutscenes  weapons - items\csbball.dff"
Installing file "modloader\prioridade 40\nextgen remaster weapons\cutscenes  weapons - items\csbball.txd"
Installing file "modloader\prioridade 40\nextgen remaster weapons\cutscenes  weapons - items\csbooka.dff"
Installing file "modloader\prioridade 40\nextgen remaster weapons\cutscenes  weapons - items\csbooka.txd"
Installing file "modloader\prioridade 40\nextgen remaster weapons\cutscenes  weapons - items\cscamera.dff"
Installing file "modloader\prioridade 40\nextgen remaster weapons\cutscenes  weapons - items\cscamera.txd"
Installing file "modloader\prioridade 40\nextgen remaster weapons\cutscenes  weapons - items\cscolt45.dff"
Installing file "modloader\prioridade 40\nextgen remaster weapons\cutscenes  weapons - items\cscolt45.txd"
Installing file "modloader\prioridade 40\nextgen remaster weapons\cutscenes  weapons - items\cscopmobile.dff"
Installing file "modloader\prioridade 40\nextgen remaster weapons\cutscenes  weapons - items\cscopmobile.txd"
Installing file "modloader\prioridade 40\nextgen remaster weapons\cutscenes  weapons - items\cscrowbar.dff"
Installing file "modloader\prioridade 40\nextgen remaster weapons\cutscenes  weapons - items\cscrowbar.txd"
Installing file "modloader\prioridade 40\nextgen remaster weapons\cutscenes  weapons - items\csdeserteagle.dff"
Installing file "modloader\prioridade 40\nextgen remaster weapons\cutscenes  weapons - items\csdeserteagle.txd"
Installing file "modloader\prioridade 40\nextgen remaster weapons\cutscenes  weapons - items\csflame.dff"
Installing file "modloader\prioridade 40\nextgen remaster weapons\cutscenes  weapons - items\csflame.txd"
Installing file "modloader\prioridade 40\nextgen remaster weapons\cutscenes  weapons - items\csgreengoo.dff"
Installing file "modloader\prioridade 40\nextgen remaster weapons\cutscenes  weapons - items\csgreengoo.txd"
Installing file "modloader\prioridade 40\nextgen remaster weapons\cutscenes  weapons - items\csjetpack.dff"
Installing file "modloader\prioridade 40\nextgen remaster weapons\cutscenes  weapons - items\csjetpack.txd"
Installing file "modloader\prioridade 40\nextgen remaster weapons\cutscenes  weapons - items\csknife.dff"
Installing file "modloader\prioridade 40\nextgen remaster weapons\cutscenes  weapons - items\csknife.txd"
Installing file "modloader\prioridade 40\nextgen remaster weapons\cutscenes  weapons - items\csm16.dff"
Installing file "modloader\prioridade 40\nextgen remaster weapons\cutscenes  weapons - items\csm16.txd"
Installing file "modloader\prioridade 40\nextgen remaster weapons\cutscenes  weapons - items\csmoneystck.dff"
Installing file "modloader\prioridade 40\nextgen remaster weapons\cutscenes  weapons - items\csmoneystck.txd"
Installing file "modloader\prioridade 40\nextgen remaster weapons\cutscenes  weapons - items\cssilenced.dff"
Installing file "modloader\prioridade 40\nextgen remaster weapons\cutscenes  weapons - items\cssilenced.txd"
Installing file "modloader\prioridade 40\nextgen remaster weapons\cutscenes  weapons - items\cssmg.dff"
Installing file "modloader\prioridade 40\nextgen remaster weapons\cutscenes  weapons - items\cssmg.txd"
Installing file "modloader\prioridade 40\nextgen remaster weapons\cutscenes  weapons - items\csspade.dff"
Installing file "modloader\prioridade 40\nextgen remaster weapons\cutscenes  weapons - items\csspade.txd"
Installing file "modloader\prioridade 40\nextgen remaster weapons\cutscenes  weapons - items\csspray.dff"
Installing file "modloader\prioridade 40\nextgen remaster weapons\cutscenes  weapons - items\csspray.txd"
Installing file "modloader\prioridade 40\nextgen remaster weapons\cutscenes  weapons - items\csthrowknife.dff"
Installing file "modloader\prioridade 40\nextgen remaster weapons\cutscenes  weapons - items\csthrowknife.txd"
Installing file "modloader\prioridade 40\nextgen remaster weapons\diminuir prioridade.txt"
Installing file "modloader\prioridade 40\nextgen remaster weapons\gameplay  pickups\adrenaline.dff"
Installing file "modloader\prioridade 40\nextgen remaster weapons\gameplay  pickups\bball_col.dff"
Installing file "modloader\prioridade 40\nextgen remaster weapons\gameplay  pickups\bball_ingame.dff"
Installing file "modloader\prioridade 40\nextgen remaster weapons\gameplay  pickups\bballx.txd"
Installing file "modloader\prioridade 40\nextgen remaster weapons\gameplay  pickups\bodyarmour.dff"
Installing file "modloader\prioridade 40\nextgen remaster weapons\gameplay  pickups\breifcase.txd"
Installing file "modloader\prioridade 40\nextgen remaster weapons\gameplay  pickups\bribe.dff"
Installing file "modloader\prioridade 40\nextgen remaster weapons\gameplay  pickups\briefcase.dff"
Installing file "modloader\prioridade 40\nextgen remaster weapons\gameplay  pickups\camerapickup.dff"
Installing file "modloader\prioridade 40\nextgen remaster weapons\gameplay  pickups\cj_horse_shoe.dff"
Installing file "modloader\prioridade 40\nextgen remaster weapons\gameplay  pickups\cj_money_bag.dff"
Installing file "modloader\prioridade 40\nextgen remaster weapons\gameplay  pickups\cj_money_bags.txd"
Installing file "modloader\prioridade 40\nextgen remaster weapons\gameplay  pickups\cj_oyster.dff"
Installing file "modloader\prioridade 40\nextgen remaster weapons\gameplay  pickups\clothesp.dff"
Installing file "modloader\prioridade 40\nextgen remaster weapons\gameplay  pickups\cylinder.dff"
Installing file "modloader\prioridade 40\nextgen remaster weapons\gameplay  pickups\diamond.txd"
Installing file "modloader\prioridade 40\nextgen remaster weapons\gameplay  pickups\diamond_3.dff"
Installing file "modloader\prioridade 40\nextgen remaster weapons\gameplay  pickups\dyn_keycard.txd"
Installing file "modloader\prioridade 40\nextgen remaster weapons\gameplay  pickups\dynamite.dff"
Installing file "modloader\prioridade 40\nextgen remaster weapons\gameplay  pickups\dynamite.txd"
Installing file "modloader\prioridade 40\nextgen remaster weapons\gameplay  pickups\gloopx.txd"
Installing file "modloader\prioridade 40\nextgen remaster weapons\gameplay  pickups\green_gloop.dff"
Installing file "modloader\prioridade 40\nextgen remaster weapons\gameplay  pickups\health.dff"
Installing file "modloader\prioridade 40\nextgen remaster weapons\gameplay  pickups\horse_shoe_pick.txd"
Installing file "modloader\prioridade 40\nextgen remaster weapons\gameplay  pickups\icons.txd"
Installing file "modloader\prioridade 40\nextgen remaster weapons\gameplay  pickups\icons1.txd"
Installing file "modloader\prioridade 40\nextgen remaster weapons\gameplay  pickups\icons2.txd"
Installing file "modloader\prioridade 40\nextgen remaster weapons\gameplay  pickups\icons3.txd"
Installing file "modloader\prioridade 40\nextgen remaster weapons\gameplay  pickups\icons4.txd"
Installing file "modloader\prioridade 40\nextgen remaster weapons\gameplay  pickups\icons5.txd"
Installing file "modloader\prioridade 40\nextgen remaster weapons\gameplay  pickups\icons6.txd"
Installing file "modloader\prioridade 40\nextgen remaster weapons\gameplay  pickups\icons7.txd"
Installing file "modloader\prioridade 40\nextgen remaster weapons\gameplay  pickups\icons8.txd"
Installing file "modloader\prioridade 40\nextgen remaster weapons\gameplay  pickups\icons9.txd"
Installing file "modloader\prioridade 40\nextgen remaster weapons\gameplay  pickups\info.dff"
Installing file "modloader\prioridade 40\nextgen remaster weapons\gameplay  pickups\ingame.txd"
Installing file "modloader\prioridade 40\nextgen remaster weapons\gameplay  pickups\keycard.dff"
Installing file "modloader\prioridade 40\nextgen remaster weapons\gameplay  pickups\kmb_chute.txd"
Installing file "modloader\prioridade 40\nextgen remaster weapons\gameplay  pickups\kmb_holdall.dff"
Installing file "modloader\prioridade 40\nextgen remaster weapons\gameplay  pickups\kmb_notebook.txd"
Installing file "modloader\prioridade 40\nextgen remaster weapons\gameplay  pickups\kmb_packet.dff"
Installing file "modloader\prioridade 40\nextgen remaster weapons\gameplay  pickups\kmb_packet.txd"
Installing file "modloader\prioridade 40\nextgen remaster weapons\gameplay  pickups\kmb_parachute.dff"
Installing file "modloader\prioridade 40\nextgen remaster weapons\gameplay  pickups\kmb_rhymesbook.dff"
Installing file "modloader\prioridade 40\nextgen remaster weapons\gameplay  pickups\para_pack.dff"
Installing file "modloader\prioridade 40\nextgen remaster weapons\gameplay  pickups\parapakx.txd"
Installing file "modloader\prioridade 40\nextgen remaster weapons\gameplay  pickups\pickupsave.dff"
Installing file "modloader\prioridade 40\nextgen remaster weapons\gameplay  pickups\property_fsale.dff"
Installing file "modloader\prioridade 40\nextgen remaster weapons\gameplay  pickups\property_locked.dff"
Installing file "modloader\prioridade 40\nextgen remaster weapons\gameplay  pickups\shell_pick.txd"
Installing file "modloader\prioridade 40\nextgen remaster weapons\gameplay  weapons - items\ak47.dff"
Installing file "modloader\prioridade 40\nextgen remaster weapons\gameplay  weapons - items\ak47.txd"
Installing file "modloader\prioridade 40\nextgen remaster weapons\gameplay  weapons - items\armour.dff"
Installing file "modloader\prioridade 40\nextgen remaster weapons\gameplay  weapons - items\armour.txd"
Installing file "modloader\prioridade 40\nextgen remaster weapons\gameplay  weapons - items\bat.dff"
Installing file "modloader\prioridade 40\nextgen remaster weapons\gameplay  weapons - items\bat.txd"
Installing file "modloader\prioridade 40\nextgen remaster weapons\gameplay  weapons - items\bomb.dff"
Installing file "modloader\prioridade 40\nextgen remaster weapons\gameplay  weapons - items\bomb.txd"
Installing file "modloader\prioridade 40\nextgen remaster weapons\gameplay  weapons - items\brassknuckle.dff"
Installing file "modloader\prioridade 40\nextgen remaster weapons\gameplay  weapons - items\brassknuckle.txd"
Installing file "modloader\prioridade 40\nextgen remaster weapons\gameplay  weapons - items\camera.dff"
Installing file "modloader\prioridade 40\nextgen remaster weapons\gameplay  weapons - items\camera.txd"
Installing file "modloader\prioridade 40\nextgen remaster weapons\gameplay  weapons - items\cellphone.dff"
Installing file "modloader\prioridade 40\nextgen remaster weapons\gameplay  weapons - items\cellphone.txd"
Installing file "modloader\prioridade 40\nextgen remaster weapons\gameplay  weapons - items\chnsaw.dff"
Installing file "modloader\prioridade 40\nextgen remaster weapons\gameplay  weapons - items\chnsaw.txd"
Installing file "modloader\prioridade 40\nextgen remaster weapons\gameplay  weapons - items\chromegun.dff"
Installing file "modloader\prioridade 40\nextgen remaster weapons\gameplay  weapons - items\chromegun.txd"
Installing file "modloader\prioridade 40\nextgen remaster weapons\gameplay  weapons - items\colt45.dff"
Installing file "modloader\prioridade 40\nextgen remaster weapons\gameplay  weapons - items\colt45.txd"
Installing file "modloader\prioridade 40\nextgen remaster weapons\gameplay  weapons - items\cuntgun.dff"
Installing file "modloader\prioridade 40\nextgen remaster weapons\gameplay  weapons - items\cuntgun.txd"
Installing file "modloader\prioridade 40\nextgen remaster weapons\gameplay  weapons - items\desert_eagle.dff"
Installing file "modloader\prioridade 40\nextgen remaster weapons\gameplay  weapons - items\desert_eagle.txd"
Installing file "modloader\prioridade 40\nextgen remaster weapons\gameplay  weapons - items\fire_ex.dff"
Installing file "modloader\prioridade 40\nextgen remaster weapons\gameplay  weapons - items\fire_ex.txd"
Installing file "modloader\prioridade 40\nextgen remaster weapons\gameplay  weapons - items\flame.dff"
Installing file "modloader\prioridade 40\nextgen remaster weapons\gameplay  weapons - items\flame.txd"
Installing file "modloader\prioridade 40\nextgen remaster weapons\gameplay  weapons - items\flare.dff"
Installing file "modloader\prioridade 40\nextgen remaster weapons\gameplay  weapons - items\flare.txd"
Installing file "modloader\prioridade 40\nextgen remaster weapons\gameplay  weapons - items\flowera.dff"
Installing file "modloader\prioridade 40\nextgen remaster weapons\gameplay  weapons - items\flowera.txd"
Installing file "modloader\prioridade 40\nextgen remaster weapons\gameplay  weapons - items\golfclub.dff"
Installing file "modloader\prioridade 40\nextgen remaster weapons\gameplay  weapons - items\golfclub.txd"
Installing file "modloader\prioridade 40\nextgen remaster weapons\gameplay  weapons - items\grenade.dff"
Installing file "modloader\prioridade 40\nextgen remaster weapons\gameplay  weapons - items\grenade.txd"
Installing file "modloader\prioridade 40\nextgen remaster weapons\gameplay  weapons - items\gun_cane.dff"
Installing file "modloader\prioridade 40\nextgen remaster weapons\gameplay  weapons - items\gun_cane.txd"
Installing file "modloader\prioridade 40\nextgen remaster weapons\gameplay  weapons - items\gun_dildo1.dff"
Installing file "modloader\prioridade 40\nextgen remaster weapons\gameplay  weapons - items\gun_dildo1.txd"
Installing file "modloader\prioridade 40\nextgen remaster weapons\gameplay  weapons - items\gun_dildo2.dff"
Installing file "modloader\prioridade 40\nextgen remaster weapons\gameplay  weapons - items\gun_dildo2.txd"
Installing file "modloader\prioridade 40\nextgen remaster weapons\gameplay  weapons - items\gun_para.dff"
Installing file "modloader\prioridade 40\nextgen remaster weapons\gameplay  weapons - items\gun_para.txd"
Installing file "modloader\prioridade 40\nextgen remaster weapons\gameplay  weapons - items\gun_vibe1.dff"
Installing file "modloader\prioridade 40\nextgen remaster weapons\gameplay  weapons - items\gun_vibe1.txd"
Installing file "modloader\prioridade 40\nextgen remaster weapons\gameplay  weapons - items\gun_vibe2.dff"
Installing file "modloader\prioridade 40\nextgen remaster weapons\gameplay  weapons - items\gun_vibe2.txd"
Installing file "modloader\prioridade 40\nextgen remaster weapons\gameplay  weapons - items\heatseek.dff"
Installing file "modloader\prioridade 40\nextgen remaster weapons\gameplay  weapons - items\heatseek.txd"
Installing file "modloader\prioridade 40\nextgen remaster weapons\gameplay  weapons - items\irgoggles.dff"
Installing file "modloader\prioridade 40\nextgen remaster weapons\gameplay  weapons - items\irgoggles.txd"
Installing file "modloader\prioridade 40\nextgen remaster weapons\gameplay  weapons - items\jetpack.dff"
Installing file "modloader\prioridade 40\nextgen remaster weapons\gameplay  weapons - items\jetpack.txd"
Installing file "modloader\prioridade 40\nextgen remaster weapons\gameplay  weapons - items\katana.dff"
Installing file "modloader\prioridade 40\nextgen remaster weapons\gameplay  weapons - items\katana.txd"
Installing file "modloader\prioridade 40\nextgen remaster weapons\gameplay  weapons - items\knifecur.dff"
Installing file "modloader\prioridade 40\nextgen remaster weapons\gameplay  weapons - items\knifecur.txd"
Installing file "modloader\prioridade 40\nextgen remaster weapons\gameplay  weapons - items\m4.dff"
Installing file "modloader\prioridade 40\nextgen remaster weapons\gameplay  weapons - items\m4.txd"
Installing file "modloader\prioridade 40\nextgen remaster weapons\gameplay  weapons - items\micro_uzi.dff"
Installing file "modloader\prioridade 40\nextgen remaster weapons\gameplay  weapons - items\micro_uzi.txd"
Installing file "modloader\prioridade 40\nextgen remaster weapons\gameplay  weapons - items\minigun.dff"
Installing file "modloader\prioridade 40\nextgen remaster weapons\gameplay  weapons - items\minigun.txd"
Installing file "modloader\prioridade 40\nextgen remaster weapons\gameplay  weapons - items\missile.dff"
Installing file "modloader\prioridade 40\nextgen remaster weapons\gameplay  weapons - items\missile.txd"
Installing file "modloader\prioridade 40\nextgen remaster weapons\gameplay  weapons - items\molotov.dff"
Installing file "modloader\prioridade 40\nextgen remaster weapons\gameplay  weapons - items\molotov.txd"
Installing file "modloader\prioridade 40\nextgen remaster weapons\gameplay  weapons - items\mp5lng.dff"
Installing file "modloader\prioridade 40\nextgen remaster weapons\gameplay  weapons - items\mp5lng.txd"
Installing file "modloader\prioridade 40\nextgen remaster weapons\gameplay  weapons - items\nitestick.dff"
Installing file "modloader\prioridade 40\nextgen remaster weapons\gameplay  weapons - items\nitestick.txd"
Installing file "modloader\prioridade 40\nextgen remaster weapons\gameplay  weapons - items\nvgoggles.dff"
Installing file "modloader\prioridade 40\nextgen remaster weapons\gameplay  weapons - items\nvgoggles.txd"
Installing file "modloader\prioridade 40\nextgen remaster weapons\gameplay  weapons - items\parachute.dff"
Installing file "modloader\prioridade 40\nextgen remaster weapons\gameplay  weapons - items\paracx.txd"
Installing file "modloader\prioridade 40\nextgen remaster weapons\gameplay  weapons - items\poolcue.dff"
Installing file "modloader\prioridade 40\nextgen remaster weapons\gameplay  weapons - items\poolcue.txd"
Installing file "modloader\prioridade 40\nextgen remaster weapons\gameplay  weapons - items\rocketla.dff"
Installing file "modloader\prioridade 40\nextgen remaster weapons\gameplay  weapons - items\rocketla.txd"
Installing file "modloader\prioridade 40\nextgen remaster weapons\gameplay  weapons - items\satchel.dff"
Installing file "modloader\prioridade 40\nextgen remaster weapons\gameplay  weapons - items\satchel.txd"
Installing file "modloader\prioridade 40\nextgen remaster weapons\gameplay  weapons - items\sawnoff.dff"
Installing file "modloader\prioridade 40\nextgen remaster weapons\gameplay  weapons - items\sawnoff.txd"
Installing file "modloader\prioridade 40\nextgen remaster weapons\gameplay  weapons - items\shotgspa.dff"
Installing file "modloader\prioridade 40\nextgen remaster weapons\gameplay  weapons - items\shotgspa.txd"
Installing file "modloader\prioridade 40\nextgen remaster weapons\gameplay  weapons - items\shovel.dff"
Installing file "modloader\prioridade 40\nextgen remaster weapons\gameplay  weapons - items\shovel.txd"
Installing file "modloader\prioridade 40\nextgen remaster weapons\gameplay  weapons - items\silenced.dff"
Installing file "modloader\prioridade 40\nextgen remaster weapons\gameplay  weapons - items\silenced.txd"
Installing file "modloader\prioridade 40\nextgen remaster weapons\gameplay  weapons - items\skateboard.dff"
Installing file "modloader\prioridade 40\nextgen remaster weapons\gameplay  weapons - items\skateboard.txd"
Installing file "modloader\prioridade 40\nextgen remaster weapons\gameplay  weapons - items\sniper.dff"
Installing file "modloader\prioridade 40\nextgen remaster weapons\gameplay  weapons - items\sniper.txd"
Installing file "modloader\prioridade 40\nextgen remaster weapons\gameplay  weapons - items\spraycan.dff"
Installing file "modloader\prioridade 40\nextgen remaster weapons\gameplay  weapons - items\spraycan.txd"
Installing file "modloader\prioridade 40\nextgen remaster weapons\gameplay  weapons - items\teargas.dff"
Installing file "modloader\prioridade 40\nextgen remaster weapons\gameplay  weapons - items\teargas.txd"
Installing file "modloader\prioridade 40\nextgen remaster weapons\gameplay  weapons - items\tec9.dff"
Installing file "modloader\prioridade 40\nextgen remaster weapons\gameplay  weapons - items\tec9.txd"
Updating state for "modloader\zmenu\"...
Installing file "modloader\zmenu\keybinds configuradas.txt"
Installing file "modloader\zmenu\zmenusa.asi"
Updating state for "modloader\ginputsa\"...
Installing file "modloader\ginputsa\ginputsa.asi"
Installing file "modloader\ginputsa\models\ps3btns.txd"
Installing file "modloader\ginputsa\models\sixaxis.txd"
Installing file "modloader\ginputsa\models\x360btns.txd"
Updating state for "modloader\soundize\"...
Installing file "modloader\soundize\base\guids.txt"
Installing file "modloader\soundize\soundize (junior_djjr).asi"
Installing file "modloader\soundize\soundize.txd"
Updating state for "modloader\urbanize\"...
Installing file "modloader\urbanize\gta3img\djjr_urbanize.ifp"
Installing file "modloader\urbanize\map\loader.txt"
Installing file "modloader\urbanize\map\urbanize - airconds.ipl"
Installing file "modloader\urbanize\map\urbanize - benches.ipl"
Installing file "modloader\urbanize\map\urbanize - bins.ipl"
Installing file "modloader\urbanize\map\urbanize - boxes.ipl"
Installing file "modloader\urbanize\map\urbanize - chairs.ipl"
Installing file "modloader\urbanize\map\urbanize - fences.ipl"
Installing file "modloader\urbanize\map\urbanize - garbage.ipl"
Installing file "modloader\urbanize\map\urbanize - lights.ipl"
Installing file "modloader\urbanize\map\urbanize - mails.ipl"
Installing file "modloader\urbanize\map\urbanize - roofs.ipl"
Installing file "modloader\urbanize\map\urbanize - street side.ipl"
Installing file "modloader\urbanize\map\urbanize - vases.ipl"
Installing file "modloader\urbanize\map\urbanize.ipl"
Installing file "modloader\urbanize\urbanize (junior_djjr).asi"
Updating state for "modloader\vehdeform\"...
Installing file "modloader\vehdeform\vehdeform.sa.asi"
Updating state for "modloader\essenciais\"...
Installing file "modloader\essenciais\allweapon\cleo\allweapon_2.0.cs"
Installing file "modloader\essenciais\allweapon\tutorial.txt"
Installing file "modloader\essenciais\amazing screenshot\cleo\amazingscreen.cs"
Installing file "modloader\essenciais\amazing screenshot\tutorial.txt"
Installing file "modloader\essenciais\builder mod\cleo\buildernovo.cs"
Installing file "modloader\essenciais\car spawn\cleo\carspawn.cs"
Installing file "modloader\essenciais\gravity gun\cleo\ggun.cs"
Installing file "modloader\essenciais\minhas adaptacoes\cleo\1hpcjcar.cs"
Installing file "modloader\essenciais\minhas adaptacoes\cleo\boom.cs"
Installing file "modloader\essenciais\minhas adaptacoes\cleo\cjlife1.cs"
Installing file "modloader\essenciais\minhas adaptacoes\cleo\destroycjcar.cs"
Installing file "modloader\essenciais\minhas adaptacoes\cleo\explodecjcar.cs"
Installing file "modloader\essenciais\minhas adaptacoes\cleo\explodecjcarkillped.cs"
Installing file "modloader\essenciais\minhas adaptacoes\cleo\fogo.cs"
Installing file "modloader\essenciais\minhas adaptacoes\cleo\fogocj[3].cs"
Installing file "modloader\essenciais\minhas adaptacoes\cleo\fogocj[3].txt"
Installing file "modloader\essenciais\minhas adaptacoes\cleo\healcj.cs"
Installing file "modloader\essenciais\minhas adaptacoes\cleo\killcj.cs"
Installing file "modloader\essenciais\minhas adaptacoes\cleo\killcj.txt"
Installing file "modloader\essenciais\minhas adaptacoes\cleo\repair.cs"
Installing file "modloader\essenciais\minhas adaptacoes\cleo\splatcj.cs"
Installing file "modloader\essenciais\noclip\cleo\no clip (junior_djjr).cs"
Installing file "modloader\essenciais\noclip\leiame.txt"
Installing file "modloader\essenciais\save anywhere with f4\aperta f4.txt"
Installing file "modloader\essenciais\save anywhere with f4\cleo\save anywhere.cs"
Installing file "modloader\essenciais\super fast teleporter\cleo\sfmark.cs"
Installing file "modloader\essenciais\super fast teleporter\cleo\sftel.cs"
Installing file "modloader\essenciais\super fast teleporter\models\txd\sftel.txd"
Installing file "modloader\essenciais\super fast teleporter\tutorial.txt"
Installing file "modloader\essenciais\teleport to marker\cleo\teleport_to_marker.cs"
Installing file "modloader\essenciais\teleport to marker\marca no mapa e teleporta com yx.txt"
Installing file "modloader\essenciais\unflip\aperta 7.txt"
Installing file "modloader\essenciais\unflip\cleo\unflip.cs"
Installing file "modloader\essenciais\unflip\cleo\unflip.txt"
Updating state for "modloader\newopcodes\"...
Installing file "modloader\newopcodes\cleo\newopcodes.cleo"
Updating state for "modloader\animmenu1.1\"...
Installing file "modloader\animmenu1.1\cleo\animmenu.cs"
Installing file "modloader\animmenu1.1\cleo\cleo_text\animmenu.fxt"
Installing file "modloader\animmenu1.1\readme.txt"
Updating state for "modloader\project2dfx\"...
Installing file "modloader\project2dfx\salodlights.asi"
Updating state for "modloader\silentpatch\"...
Installing file "modloader\silentpatch\silentpatchsa.asi"
Warning: Failed to load module "modloader\silentpatch\silentpatchsa.asi" as another instance is already loaded.
[ASI] Failed to load module "silentpatchsa.asi"; errcode: 0x0
Failed to Install file "modloader\silentpatch\silentpatchsa.asi"
Updating state for "modloader\oribitcam1.2\"...
Installing file "modloader\oribitcam1.2\--- read me !!! ---.txt"
Installing file "modloader\oribitcam1.2\cleo\orbitcam1.2.cs"
Updating state for "modloader\prioridade 50\"...
Installing file "modloader\prioridade 50\ecg - vehicletxd\vehicle.txd"
Uninstalling file "modloader\prioridade 40\carros originais imvehft\models\generic\vehicle.txd"
Installing file "modloader\prioridade 50\enhance particletxd\cleo\enhance particletxd (junior_djjr).cs"
Installing file "modloader\prioridade 50\enhance particletxd\particle.txd"
Uninstalling file "modloader\prioridade 5\nextgen effects\models\particle.txd"
Installing file "modloader\prioridade 50\thebirdsupdate\cleo\birddevtool.cs"
Installing file "modloader\prioridade 50\thebirdsupdate\cleo\cleo_text\birddevtool.fxt"
Installing file "modloader\prioridade 50\thebirdsupdate\models\birds\birds.txd"
Installing file "modloader\prioridade 50\thebirdsupdate\models\txd\birdd.txd"
Installing file "modloader\prioridade 50\thebirdsupdate\thebirdsupdate.asi"
No files in "modloader\customskinsloader\"...
Updating state for "modloader\frameratevigilante\"...
Installing file "modloader\frameratevigilante\frameratevigilante.sa.asi"
Updating state for "modloader\choose gang weapons\"...
Installing file "modloader\choose gang weapons\cleo\choose gang weapons (junior_djjr).cs"
Updating state for "modloader\open limit adjuster\"...
Installing file "modloader\open limit adjuster\iii.vc.sa.limitadjuster.asi"
Updating state for "modloader\improved fast loader\"...
Installing file "modloader\improved fast loader\imfast.asi"
Updating state for "modloader\rosa project evolved\"...
Installing file "modloader\rosa project evolved\1-do not put in modpacks.txt"
Installing file "modloader\rosa project evolved\1-samp and mta\mta\about mta.txt"
Installing file "modloader\rosa project evolved\1-samp and mta\mta\sobre mta.txt"
Installing file "modloader\rosa project evolved\1-samp and mta\samp\read - leia.txt"
Installing file "modloader\rosa project evolved\2-acordo de licença.txt"
Installing file "modloader\rosa project evolved\2-imglimitadjuster error fix\leiame.txt"
Installing file "modloader\rosa project evolved\2-imglimitadjuster error fix\readme.txt"
Installing file "modloader\rosa project evolved\2-license agreement.txt"
Installing file "modloader\rosa project evolved\3-obrigado.txt"
Installing file "modloader\rosa project evolved\3-thanks.txt"
Installing file "modloader\rosa project evolved\rosa project evolved -  exterior\files\data\weapon.dat"
Installing file "modloader\rosa project evolved\rosa project evolved -  exterior\files\models\generic\vehicle.txd"
Uninstalling file "modloader\prioridade 50\ecg - vehicletxd\vehicle.txd"
Installing file "modloader\rosa project evolved\rosa project evolved -  exterior\files\models\gta3.img"
Installing file "modloader\rosa project evolved\rosa project evolved -  exterior\files\models\rosa_evolved_a.img"
Installing file "modloader\rosa project evolved\rosa project evolved -  exterior\files\models\rosa_evolved_b.img"
Installing file "modloader\rosa project evolved\rosa project evolved -  exterior\files\models\rosa_evolved_c.img"
Installing file "modloader\rosa project evolved\rosa project evolved -  exterior\files\models\rosa_evolved_d.img"
Installing file "modloader\rosa project evolved\rosa project evolved -  exterior\files\rosa-dff\gta3\adrenaline.dff"
Uninstalling file "modloader\prioridade 40\nextgen remaster weapons\gameplay  pickups\adrenaline.dff"
Installing file "modloader\rosa project evolved\rosa project evolved -  exterior\files\rosa-dff\gta3\ak47.dff"
Uninstalling file "modloader\prioridade 40\nextgen remaster weapons\gameplay  weapons - items\ak47.dff"
Installing file "modloader\rosa project evolved\rosa project evolved -  exterior\files\rosa-dff\gta3\armour.dff"
Uninstalling file "modloader\prioridade 40\nextgen remaster weapons\gameplay  weapons - items\armour.dff"
Installing file "modloader\rosa project evolved\rosa project evolved -  exterior\files\rosa-dff\gta3\bat.dff"
Uninstalling file "modloader\prioridade 40\nextgen remaster weapons\gameplay  weapons - items\bat.dff"
Installing file "modloader\rosa project evolved\rosa project evolved -  exterior\files\rosa-dff\gta3\bigdollar.dff"
Installing file "modloader\rosa project evolved\rosa project evolved -  exterior\files\rosa-dff\gta3\bodyarmour.dff"
Uninstalling file "modloader\prioridade 40\nextgen remaster weapons\gameplay  pickups\bodyarmour.dff"
Installing file "modloader\rosa project evolved\rosa project evolved -  exterior\files\rosa-dff\gta3\bomb.dff"
Uninstalling file "modloader\prioridade 40\nextgen remaster weapons\gameplay  weapons - items\bomb.dff"
Installing file "modloader\rosa project evolved\rosa project evolved -  exterior\files\rosa-dff\gta3\brassknuckle.dff"
Uninstalling file "modloader\prioridade 40\nextgen remaster weapons\gameplay  weapons - items\brassknuckle.dff"
Installing file "modloader\rosa project evolved\rosa project evolved -  exterior\files\rosa-dff\gta3\bribe.dff"
Uninstalling file "modloader\prioridade 40\nextgen remaster weapons\gameplay  pickups\bribe.dff"
Installing file "modloader\rosa project evolved\rosa project evolved -  exterior\files\rosa-dff\gta3\camera.dff"
Uninstalling file "modloader\prioridade 40\nextgen remaster weapons\gameplay  weapons - items\camera.dff"
Installing file "modloader\rosa project evolved\rosa project evolved -  exterior\files\rosa-dff\gta3\cellphone.dff"
Uninstalling file "modloader\prioridade 40\nextgen remaster weapons\gameplay  weapons - items\cellphone.dff"
Installing file "modloader\rosa project evolved\rosa project evolved -  exterior\files\rosa-dff\gta3\chnsaw.dff"
Uninstalling file "modloader\prioridade 40\nextgen remaster weapons\gameplay  weapons - items\chnsaw.dff"
Installing file "modloader\rosa project evolved\rosa project evolved -  exterior\files\rosa-dff\gta3\chromegun.dff"
Uninstalling file "modloader\prioridade 40\nextgen remaster weapons\gameplay  weapons - items\chromegun.dff"
Installing file "modloader\rosa project evolved\rosa project evolved -  exterior\files\rosa-dff\gta3\colt45.dff"
Uninstalling file "modloader\prioridade 40\nextgen remaster weapons\gameplay  weapons - items\colt45.dff"
Installing file "modloader\rosa project evolved\rosa project evolved -  exterior\files\rosa-dff\gta3\cuntgun.dff"
Uninstalling file "modloader\prioridade 40\nextgen remaster weapons\gameplay  weapons - items\cuntgun.dff"
Installing file "modloader\rosa project evolved\rosa project evolved -  exterior\files\rosa-dff\gta3\desert_eagle.dff"
Uninstalling file "modloader\prioridade 40\nextgen remaster weapons\gameplay  weapons - items\desert_eagle.dff"
Installing file "modloader\rosa project evolved\rosa project evolved -  exterior\files\rosa-dff\gta3\diamond_3.dff"
Uninstalling file "modloader\prioridade 40\nextgen remaster weapons\gameplay  pickups\diamond_3.dff"
Installing file "modloader\rosa project evolved\rosa project evolved -  exterior\files\rosa-dff\gta3\fire_ex.dff"
Uninstalling file "modloader\prioridade 40\nextgen remaster weapons\gameplay  weapons - items\fire_ex.dff"
Installing file "modloader\rosa project evolved\rosa project evolved -  exterior\files\rosa-dff\gta3\flame.dff"
Uninstalling file "modloader\prioridade 40\nextgen remaster weapons\gameplay  weapons - items\flame.dff"
Installing file "modloader\rosa project evolved\rosa project evolved -  exterior\files\rosa-dff\gta3\flare.dff"
Uninstalling file "modloader\prioridade 40\nextgen remaster weapons\gameplay  weapons - items\flare.dff"
Installing file "modloader\rosa project evolved\rosa project evolved -  exterior\files\rosa-dff\gta3\flowera.dff"
Uninstalling file "modloader\prioridade 40\nextgen remaster weapons\gameplay  weapons - items\flowera.dff"
Installing file "modloader\rosa project evolved\rosa project evolved -  exterior\files\rosa-dff\gta3\flowerb.dff"
Installing file "modloader\rosa project evolved\rosa project evolved -  exterior\files\rosa-dff\gta3\golfclub.dff"
Uninstalling file "modloader\prioridade 40\nextgen remaster weapons\gameplay  weapons - items\golfclub.dff"
Installing file "modloader\rosa project evolved\rosa project evolved -  exterior\files\rosa-dff\gta3\grenade.dff"
Uninstalling file "modloader\prioridade 40\nextgen remaster weapons\gameplay  weapons - items\grenade.dff"
Installing file "modloader\rosa project evolved\rosa project evolved -  exterior\files\rosa-dff\gta3\gun_boxbig.dff"
Installing file "modloader\rosa project evolved\rosa project evolved -  exterior\files\rosa-dff\gta3\gun_boxwee.dff"
Installing file "modloader\rosa project evolved\rosa project evolved -  exterior\files\rosa-dff\gta3\gun_cane.dff"
Uninstalling file "modloader\prioridade 40\nextgen remaster weapons\gameplay  weapons - items\gun_cane.dff"
Installing file "modloader\rosa project evolved\rosa project evolved -  exterior\files\rosa-dff\gta3\gun_dildo1.dff"
Uninstalling file "modloader\prioridade 40\nextgen remaster weapons\gameplay  weapons - items\gun_dildo1.dff"
Installing file "modloader\rosa project evolved\rosa project evolved -  exterior\files\rosa-dff\gta3\gun_dildo2.dff"
Uninstalling file "modloader\prioridade 40\nextgen remaster weapons\gameplay  weapons - items\gun_dildo2.dff"
Installing file "modloader\rosa project evolved\rosa project evolved -  exterior\files\rosa-dff\gta3\gun_para.dff"
Uninstalling file "modloader\prioridade 40\nextgen remaster weapons\gameplay  weapons - items\gun_para.dff"
Installing file "modloader\rosa project evolved\rosa project evolved -  exterior\files\rosa-dff\gta3\gun_vibe1.dff"
Uninstalling file "modloader\prioridade 40\nextgen remaster weapons\gameplay  weapons - items\gun_vibe1.dff"
Installing file "modloader\rosa project evolved\rosa project evolved -  exterior\files\rosa-dff\gta3\gun_vibe2.dff"
Uninstalling file "modloader\prioridade 40\nextgen remaster weapons\gameplay  weapons - items\gun_vibe2.dff"
Installing file "modloader\rosa project evolved\rosa project evolved -  exterior\files\rosa-dff\gta3\health.dff"
Uninstalling file "modloader\prioridade 40\nextgen remaster weapons\gameplay  pickups\health.dff"
Installing file "modloader\rosa project evolved\rosa project evolved -  exterior\files\rosa-dff\gta3\heatseek.dff"
Uninstalling file "modloader\prioridade 40\nextgen remaster weapons\gameplay  weapons - items\heatseek.dff"
Installing file "modloader\rosa project evolved\rosa project evolved -  exterior\files\rosa-dff\gta3\hern.dff"
Installing file "modloader\rosa project evolved\rosa project evolved -  exterior\files\rosa-dff\gta3\irgoggles.dff"
Uninstalling file "modloader\prioridade 40\nextgen remaster weapons\gameplay  weapons - items\irgoggles.dff"
Installing file "modloader\rosa project evolved\rosa project evolved -  exterior\files\rosa-dff\gta3\jetpack.dff"
Uninstalling file "modloader\prioridade 40\nextgen remaster weapons\gameplay  weapons - items\jetpack.dff"
Installing file "modloader\rosa project evolved\rosa project evolved -  exterior\files\rosa-dff\gta3\katana.dff"
Uninstalling file "modloader\prioridade 40\nextgen remaster weapons\gameplay  weapons - items\katana.dff"
Installing file "modloader\rosa project evolved\rosa project evolved -  exterior\files\rosa-dff\gta3\kendl.dff"
Installing file "modloader\rosa project evolved\rosa project evolved -  exterior\files\rosa-dff\gta3\kmb_parachute.dff"
Uninstalling file "modloader\prioridade 40\nextgen remaster weapons\gameplay  pickups\kmb_parachute.dff"
Installing file "modloader\rosa project evolved\rosa project evolved -  exterior\files\rosa-dff\gta3\knifecur.dff"
Uninstalling file "modloader\prioridade 40\nextgen remaster weapons\gameplay  weapons - items\knifecur.dff"
Installing file "modloader\rosa project evolved\rosa project evolved -  exterior\files\rosa-dff\gta3\m4.dff"
Uninstalling file "modloader\prioridade 40\nextgen remaster weapons\gameplay  weapons - items\m4.dff"
Installing file "modloader\rosa project evolved\rosa project evolved -  exterior\files\rosa-dff\gta3\micro_uzi.dff"
Uninstalling file "modloader\prioridade 40\nextgen remaster weapons\gameplay  weapons - items\micro_uzi.dff"
Installing file "modloader\rosa project evolved\rosa project evolved -  exterior\files\rosa-dff\gta3\minigun.dff"
Uninstalling file "modloader\prioridade 40\nextgen remaster weapons\gameplay  weapons - items\minigun.dff"
Installing file "modloader\rosa project evolved\rosa project evolved -  exterior\files\rosa-dff\gta3\minigun2.dff"
Installing file "modloader\rosa project evolved\rosa project evolved -  exterior\files\rosa-dff\gta3\missile.dff"
Uninstalling file "modloader\prioridade 40\nextgen remaster weapons\gameplay  weapons - items\missile.dff"
Installing file "modloader\rosa project evolved\rosa project evolved -  exterior\files\rosa-dff\gta3\molotov.dff"
Uninstalling file "modloader\prioridade 40\nextgen remaster weapons\gameplay  weapons - items\molotov.dff"
Installing file "modloader\rosa project evolved\rosa project evolved -  exterior\files\rosa-dff\gta3\money.dff"
Installing file "modloader\rosa project evolved\rosa project evolved -  exterior\files\rosa-dff\gta3\mp5lng.dff"
Uninstalling file "modloader\prioridade 40\nextgen remaster weapons\gameplay  weapons - items\mp5lng.dff"
Installing file "modloader\rosa project evolved\rosa project evolved -  exterior\files\rosa-dff\gta3\nitestick.dff"
Uninstalling file "modloader\prioridade 40\nextgen remaster weapons\gameplay  weapons - items\nitestick.dff"
Installing file "modloader\rosa project evolved\rosa project evolved -  exterior\files\rosa-dff\gta3\nvgoggles.dff"
Uninstalling file "modloader\prioridade 40\nextgen remaster weapons\gameplay  weapons - items\nvgoggles.dff"
Installing file "modloader\rosa project evolved\rosa project evolved -  exterior\files\rosa-dff\gta3\pickupsave.dff"
Uninstalling file "modloader\prioridade 40\nextgen remaster weapons\gameplay  pickups\pickupsave.dff"
Installing file "modloader\rosa project evolved\rosa project evolved -  exterior\files\rosa-dff\gta3\poolcue.dff"
Uninstalling file "modloader\prioridade 40\nextgen remaster weapons\gameplay  weapons - items\poolcue.dff"
Installing file "modloader\rosa project evolved\rosa project evolved -  exterior\files\rosa-dff\gta3\pulaski.dff"
Installing file "modloader\rosa project evolved\rosa project evolved -  exterior\files\rosa-dff\gta3\rocketla.dff"
Uninstalling file "modloader\prioridade 40\nextgen remaster weapons\gameplay  weapons - items\rocketla.dff"
Installing file "modloader\rosa project evolved\rosa project evolved -  exterior\files\rosa-dff\gta3\ryder2.dff"
Installing file "modloader\rosa project evolved\rosa project evolved -  exterior\files\rosa-dff\gta3\ryder3.dff"
Installing file "modloader\rosa project evolved\rosa project evolved -  exterior\files\rosa-dff\gta3\satchel.dff"
Uninstalling file "modloader\prioridade 40\nextgen remaster weapons\gameplay  weapons - items\satchel.dff"
Installing file "modloader\rosa project evolved\rosa project evolved -  exterior\files\rosa-dff\gta3\sawnoff.dff"
Uninstalling file "modloader\prioridade 40\nextgen remaster weapons\gameplay  weapons - items\sawnoff.dff"
Installing file "modloader\rosa project evolved\rosa project evolved -  exterior\files\rosa-dff\gta3\shotgspa.dff"
Uninstalling file "modloader\prioridade 40\nextgen remaster weapons\gameplay  weapons - items\shotgspa.dff"
Installing file "modloader\rosa project evolved\rosa project evolved -  exterior\files\rosa-dff\gta3\shovel.dff"
Uninstalling file "modloader\prioridade 40\nextgen remaster weapons\gameplay  weapons - items\shovel.dff"
Installing file "modloader\rosa project evolved\rosa project evolved -  exterior\files\rosa-dff\gta3\silenced.dff"
Uninstalling file "modloader\prioridade 40\nextgen remaster weapons\gameplay  weapons - items\silenced.dff"
Installing file "modloader\rosa project evolved\rosa project evolved -  exterior\files\rosa-dff\gta3\skateboard.dff"
Uninstalling file "modloader\prioridade 40\nextgen remaster weapons\gameplay  weapons - items\skateboard.dff"
Installing file "modloader\rosa project evolved\rosa project evolved -  exterior\files\rosa-dff\gta3\sniper.dff"
Uninstalling file "modloader\prioridade 40\nextgen remaster weapons\gameplay  weapons - items\sniper.dff"
Installing file "modloader\rosa project evolved\rosa project evolved -  exterior\files\rosa-dff\gta3\spraycan.dff"
Uninstalling file "modloader\prioridade 40\nextgen remaster weapons\gameplay  weapons - items\spraycan.dff"
Installing file "modloader\rosa project evolved\rosa project evolved -  exterior\files\rosa-dff\gta3\stalks.dff"
Installing file "modloader\rosa project evolved\rosa project evolved -  exterior\files\rosa-dff\gta3\sweet.dff"
Installing file "modloader\rosa project evolved\rosa project evolved -  exterior\files\rosa-dff\gta3\teargas.dff"
Uninstalling file "modloader\prioridade 40\nextgen remaster weapons\gameplay  weapons - items\teargas.dff"
Installing file "modloader\rosa project evolved\rosa project evolved -  exterior\files\rosa-dff\gta3\tec9.dff"
Uninstalling file "modloader\prioridade 40\nextgen remaster weapons\gameplay  weapons - items\tec9.dff"
Installing file "modloader\rosa project evolved\rosa project evolved -  exterior\files\rosa-dff\gta3\tenpen.dff"
Installing file "modloader\rosa project evolved\rosa project evolved -  exterior\files\rosa-dff\gta3\truth.dff"
Installing file "modloader\rosa project evolved\rosa project evolved -  exterior\files\scripts\imglimitadjuster.asi"
Installing file "modloader\rosa project evolved\rosa project evolved -  exterior\files\txdp.ide"
Installing file "modloader\rosa project evolved\rosa project evolved -  exterior\files\world_loader.txt"
Installing file "modloader\rosa project evolved\rosa project evolved - cutscene\files\cutscene_loader.txt"
Installing file "modloader\rosa project evolved\rosa project evolved - cutscene\files\models\cutscene.img"
Installing file "modloader\rosa project evolved\rosa project evolved - cutscene\files\models\proper_cutscene_retex.img"
Installing file "modloader\rosa project evolved\rosa project evolved - cutscene\files\models\rosa-dff\cutscene\cs9mm.dff"
Uninstalling file "modloader\prioridade 40\nextgen remaster weapons\cutscenes  weapons - items\cs9mm.dff"
Installing file "modloader\rosa project evolved\rosa project evolved - cutscene\files\models\rosa-dff\cutscene\csbat.dff"
Uninstalling file "modloader\prioridade 40\nextgen remaster weapons\cutscenes  weapons - items\csbat.dff"
Installing file "modloader\rosa project evolved\rosa project evolved - cutscene\files\models\rosa-dff\cutscene\csburgerbox.dff"
Installing file "modloader\rosa project evolved\rosa project evolved - cutscene\files\models\rosa-dff\cutscene\cscamera.dff"
Uninstalling file "modloader\prioridade 40\nextgen remaster weapons\cutscenes  weapons - items\cscamera.dff"
Installing file "modloader\rosa project evolved\rosa project evolved - cutscene\files\models\rosa-dff\cutscene\cscolt45.dff"
Uninstalling file "modloader\prioridade 40\nextgen remaster weapons\cutscenes  weapons - items\cscolt45.dff"
Installing file "modloader\rosa project evolved\rosa project evolved - cutscene\files\models\rosa-dff\cutscene\csdeserteagle.dff"
Uninstalling file "modloader\prioridade 40\nextgen remaster weapons\cutscenes  weapons - items\csdeserteagle.dff"
Installing file "modloader\rosa project evolved\rosa project evolved - cutscene\files\models\rosa-dff\cutscene\csjetpack.dff"
Uninstalling file "modloader\prioridade 40\nextgen remaster weapons\cutscenes  weapons - items\csjetpack.dff"
Installing file "modloader\rosa project evolved\rosa project evolved - cutscene\files\models\rosa-dff\cutscene\cspaperbag.dff"
Installing file "modloader\rosa project evolved\rosa project evolved - cutscene\files\models\rosa-dff\cutscene\cssilenced.dff"
Uninstalling file "modloader\prioridade 40\nextgen remaster weapons\cutscenes  weapons - items\cssilenced.dff"
Installing file "modloader\rosa project evolved\rosa project evolved - interior\files\interior_loader.txt"
Installing file "modloader\rosa project evolved\rosa project evolved - interior\files\models\gta_int.img"
Installing file "modloader\rosa project evolved\rosa project evolved - interior\files\models\proper_interior_retex.img"
Installing file "modloader\rosa project evolved\rosa project evolved - interior\files\models\rosa-dff\gtaint\carter_statue.dff"
Updating state for "modloader\soundize ambient sounds\"...
Installing file "modloader\soundize ambient sounds\guids.txt"
Installing file "modloader\soundize ambient sounds\remove vanilla\wind\bank_053\sound_001.wav"
Installing file "modloader\soundize ambient sounds\remove vanilla\wind\bank_053\sound_030.wav"
Installing file "modloader\soundize ambient sounds\remove vanilla\wind\bank_053\sound_031.wav"
Updating state for "modloader\prioridade 60\"...
Installing file "modloader\prioridade 60\fix\bike flip fix\cleo\flip fix (nadalao).cs"
Installing file "modloader\prioridade 60\fix\food eating fix\cleo\food eating fix (junior_djjr).cs"
Installing file "modloader\prioridade 60\fix\food eating fix\food models\food eating fix.col"
Installing file "modloader\prioridade 60\fix\food eating fix\food models\food eating fix.ide"
Installing file "modloader\prioridade 60\fix\food eating fix\food models\food eating fix.txt"
Installing file "modloader\prioridade 60\fix\food eating fix\food models\friedchick.dff"
Installing file "modloader\prioridade 60\fix\food eating fix\food models\friedchick.txd"
Installing file "modloader\prioridade 60\fix\food eating fix\food models\hotdogfood.dff"
Installing file "modloader\prioridade 60\fix\food eating fix\food models\hotdogfood.txd"
Installing file "modloader\prioridade 60\fix\food eating fix\food models\rustysep.dff"
Installing file "modloader\prioridade 60\fix\food eating fix\food models\rustysep.txd"
Installing file "modloader\prioridade 60\mapas\8-tracks random\8tracks\8bar5.dff"
Installing file "modloader\prioridade 60\mapas\8-tracks random\8tracks\8bars.txd"
Installing file "modloader\prioridade 60\mapas\8-tracks random\8tracks\8road2.dff"
Installing file "modloader\prioridade 60\mapas\8-tracks random\8tracks\8screen.dff"
Installing file "modloader\prioridade 60\mapas\8-tracks random\8tracks\8screen01.dff"
Installing file "modloader\prioridade 60\mapas\8-tracks random\8tracks\8stad.dff"
Installing file "modloader\prioridade 60\mapas\8-tracks random\8tracks\8stad.txd"
Installing file "modloader\prioridade 60\mapas\8-tracks random\8tracks\8track1.dff"
Installing file "modloader\prioridade 60\mapas\8-tracks random\8tracks\bridge.dff"
Installing file "modloader\prioridade 60\mapas\8-tracks random\8tracks\bridge.txd"
Installing file "modloader\prioridade 60\mapas\8-tracks random\8tracks\cockbars.dff"
Installing file "modloader\prioridade 60\mapas\8-tracks random\8tracks\crowds.txd"
Installing file "modloader\prioridade 60\mapas\8-tracks random\8tracks\inner.dff"
Installing file "modloader\prioridade 60\mapas\8-tracks random\8tracks\innertrack.txd"
Installing file "modloader\prioridade 60\mapas\8-tracks random\8tracks\innertrak.txd"
Installing file "modloader\prioridade 60\mapas\8-tracks random\8tracks\road.txd"
Installing file "modloader\prioridade 60\mapas\8-tracks random\8tracks\stadint_2.col"
Installing file "modloader\prioridade 60\mapas\8-tracks random\8tracks\stands.dff"
Installing file "modloader\prioridade 60\mapas\8-tracks random\readme_eg.txt"
Installing file "modloader\prioridade 60\mapas\8-tracks random\readme_esp.txt"
Installing file "modloader\prioridade 60\mapas\dam extended\dam with alot addons with waterfall\countryn.ipl"
Installing file "modloader\prioridade 60\mapas\dam extended\des_wdam.txd"
Installing file "modloader\prioridade 60\mapas\dam extended\desertdam.txd"
Installing file "modloader\prioridade 60\mapas\dam extended\read me first.txt"
Installing file "modloader\prioridade 60\mapas\dam extended\read me.txt"
Installing file "modloader\prioridade 60\mapas\generic mod\data\gta.dat"
Installing file "modloader\prioridade 60\mapas\generic mod\data\maps\generic\generic_airtrain.ipl"
Installing file "modloader\prioridade 60\mapas\generic mod\data\maps\generic\generic_la.ipl"
Installing file "modloader\prioridade 60\mapas\generic mod\data\maps\generic\generic_sf.ipl"
Installing file "modloader\prioridade 60\mapas\generic mod\models\gta3.img\ap_jumbo_01.dff"
Installing file "modloader\prioridade 60\mapas\generic mod\readme.txt"
Installing file "modloader\prioridade 60\mapas\handling\handling ambulan.txt"
Installing file "modloader\prioridade 60\mapas\handling\handling bravura.txt"
Installing file "modloader\prioridade 60\mapas\handling\handling buffalo.txt"
Installing file "modloader\prioridade 60\mapas\handling\handling hpv1000.txt"
Installing file "modloader\prioridade 60\mapas\handling\handling landstal.txt"
Installing file "modloader\prioridade 60\mapas\handling\handling peren.txt"
Installing file "modloader\prioridade 60\mapas\handling\handling police_la.txt"
Installing file "modloader\prioridade 60\mapas\handling\handling tractor.txt"
Installing file "modloader\prioridade 60\mapas\san andreas bus station\break_s_sf.txd"
Installing file "modloader\prioridade 60\mapas\san andreas bus station\leeme.txt"
Installing file "modloader\prioridade 60\mapas\san andreas bus station\maps\generic\dynamic.ide"
Installing file "modloader\prioridade 60\mapas\san andreas bus station\maps\generic\dynamic2.ide"
Installing file "modloader\prioridade 60\mapas\san andreas bus station\maps\generic\multiobj.ide"
Installing file "modloader\prioridade 60\mapas\san andreas bus station\maps\generic\procobj.ide"
Installing file "modloader\prioridade 60\mapas\san andreas bus station\maps\interior\propext.ide"
Installing file "modloader\prioridade 60\mapas\san andreas bus station\maps\leveldes\levelxre.ide"
Installing file "modloader\prioridade 60\mapas\san andreas bus station\maps\vegas\vegass.ide"
Installing file "modloader\prioridade 60\mapas\san andreas bus station\maps\vegas\vegass.ipl"
Installing file "modloader\prioridade 60\mapas\san andreas bus station\readme.txt"
Installing file "modloader\prioridade 60\mapas\san andreas bus station\vgsbikeschool.txd"
Installing file "modloader\prioridade 60\mapas\toyota showroom\billbrd01_lan2.txd"
Installing file "modloader\prioridade 60\mapas\toyota showroom\cleo\toyotaparkedvehicles.cs"
Installing file "modloader\prioridade 60\mapas\toyota showroom\countrye_2.col"
Installing file "modloader\prioridade 60\mapas\toyota showroom\data\maps\country\countrye.ide"
Installing file "modloader\prioridade 60\mapas\toyota showroom\data\maps\country\countrye.ipl"
Installing file "modloader\prioridade 60\mapas\toyota showroom\ls_toyota.dff"
Installing file "modloader\prioridade 60\mapas\toyota showroom\ls_toyota.txd"
Installing file "modloader\prioridade 60\mapas\toyota showroom\toyotabase.dff"
Installing file "modloader\prioridade 60\mapas\toyota showroom\toyotabase.txd"
Installing file "modloader\prioridade 60\mapas\toyota showroom\vgnretail3.txd"
Installing file "modloader\prioridade 60\peds extender\pedsextender.sa.asi"
Installing file "modloader\prioridade 60\restored unused peds\blue2.dff"
Installing file "modloader\prioridade 60\restored unused peds\blue2.txd"
Installing file "modloader\prioridade 60\restored unused peds\blue3.dff"
Installing file "modloader\prioridade 60\restored unused peds\blue3.txd"
Installing file "modloader\prioridade 60\restored unused peds\data\gta.dat.txt"
Installing file "modloader\prioridade 60\restored unused peds\data\maps\restored unused peds.ide"
Installing file "modloader\prioridade 60\restored unused peds\data\pedgrp.dat"
Installing file "modloader\prioridade 60\restored unused peds\data\peds.ide"
Installing file "modloader\prioridade 60\restored unused peds\fam4.dff"
Installing file "modloader\prioridade 60\restored unused peds\fam4.txd"
Installing file "modloader\prioridade 60\restored unused peds\fam5.dff"
Installing file "modloader\prioridade 60\restored unused peds\fam5.txd"
Installing file "modloader\prioridade 60\restored unused peds\igho.dff"
Installing file "modloader\prioridade 60\restored unused peds\igho.txd"
Installing file "modloader\prioridade 60\restored unused peds\igpro1.dff"
Installing file "modloader\prioridade 60\restored unused peds\igpro1.txd"
Installing file "modloader\prioridade 60\restored unused peds\imyst.dff"
Installing file "modloader\prioridade 60\restored unused peds\imyst.txd"
Installing file "modloader\prioridade 60\restored unused peds\irfyst.dff"
Installing file "modloader\prioridade 60\restored unused peds\irfyst.txd"
Installing file "modloader\prioridade 60\restored unused peds\irmyst.dff"
Installing file "modloader\prioridade 60\restored unused peds\irmyst.txd"
Installing file "modloader\prioridade 60\restored unused peds\poolgy2.dff"
Installing file "modloader\prioridade 60\restored unused peds\poolgy2.txd"
Installing file "modloader\prioridade 60\restored unused peds\wmyskat.dff"
Installing file "modloader\prioridade 60\restored unused peds\wmyskat.txd"
Installing file "modloader\prioridade 60\restored unused peds\wmytx1.dff"
Installing file "modloader\prioridade 60\restored unused peds\wmytx1.txd"
Installing file "modloader\prioridade 60\restored unused peds\wmytx2.dff"
Installing file "modloader\prioridade 60\restored unused peds\wmytx2.txd"
Installing file "modloader\prioridade 60\veículos\avioes\angry bird plane\at400.dff"
Installing file "modloader\prioridade 60\veículos\avioes\aviao barata\rustler.dff"
Installing file "modloader\prioridade 60\veículos\avioes\aviao barata\rustler.txd"
Installing file "modloader\prioridade 60\veículos\avioes\aviao moto\hunter.dff"
Installing file "modloader\prioridade 60\veículos\avioes\aviao moto\hunter.txd"
Installing file "modloader\prioridade 60\veículos\avioes\aviao papel\dodo.dff"
Installing file "modloader\prioridade 60\veículos\avioes\aviao papel\dodo.txd"
Installing file "modloader\prioridade 60\veículos\avioes\shark plane\beagle.dff"
Installing file "modloader\prioridade 60\veículos\avioes\shark plane\beagle.txd"
Installing file "modloader\prioridade 60\veículos\avioes\xbox controller plane\shamal.dff"
Installing file "modloader\prioridade 60\veículos\avioes\xbox controller plane\shamal.txd"
Installing file "modloader\prioridade 60\veículos\barcos\barco ambulancia\coastg.dff"
Installing file "modloader\prioridade 60\veículos\barcos\barco ambulancia\coastg.txd"
Installing file "modloader\prioridade 60\veículos\barcos\barco banheira\dinghy.dff"
Installing file "modloader\prioridade 60\veículos\barcos\barco banheira\dinghy.txd"
Installing file "modloader\prioridade 60\veículos\barcos\barco golfinho\speeder.dff"
Installing file "modloader\prioridade 60\veículos\barcos\barco golfinho\speeder.txd"
Installing file "modloader\prioridade 60\veículos\barcos\barco navio fantasma\marquis.dff"
Installing file "modloader\prioridade 60\veículos\barcos\barco navio fantasma\marquis.txd"
Installing file "modloader\prioridade 60\veículos\barcos\jaguars_raft\dinghy.dff"
Uninstalling file "modloader\prioridade 60\veículos\barcos\barco banheira\dinghy.dff"
Installing file "modloader\prioridade 60\veículos\barcos\jaguars_raft\dinghy.txd"
Uninstalling file "modloader\prioridade 60\veículos\barcos\barco banheira\dinghy.txd"
Installing file "modloader\prioridade 60\veículos\carros\ambulance\ambulan.dff"
Uninstalling file "modloader\prioridade 40\carros originais imvehft\models\gta3img\dffs\ambulan.dff"
Installing file "modloader\prioridade 60\veículos\carros\ambulance\ambulan.txd"
Uninstalling file "modloader\prioridade 40\carros originais imvehft\models\gta3img\txds\ambulan.txd"
Installing file "modloader\prioridade 60\veículos\carros\barracks\barracks.dff"
Uninstalling file "modloader\prioridade 40\carros originais imvehft\models\gta3img\dffs\barracks.dff"
Installing file "modloader\prioridade 60\veículos\carros\barracks\barracks.txd"
Uninstalling file "modloader\prioridade 40\carros originais imvehft\models\gta3img\txds\barracks.txd"
Installing file "modloader\prioridade 60\veículos\carros\blade com teto\blade.dff"
Uninstalling file "modloader\prioridade 40\carros originais imvehft\models\gta3img\dffs\blade.dff"
Installing file "modloader\prioridade 60\veículos\carros\blade com teto\blade.txd"
Uninstalling file "modloader\prioridade 40\carros originais imvehft\models\gta3img\txds\blade.txd"
Installing file "modloader\prioridade 60\veículos\carros\bola\bandito.dff"
Uninstalling file "modloader\prioridade 40\carros originais imvehft\models\gta3img\dffs\bandito.dff"
Installing file "modloader\prioridade 60\veículos\carros\bola\bandito.txd"
Uninstalling file "modloader\prioridade 40\carros originais imvehft\models\gta3img\txds\bandito.txd"
Installing file "modloader\prioridade 60\veículos\carros\boxville\boxburg.dff"
Uninstalling file "modloader\prioridade 40\carros originais imvehft\models\gta3img\dffs\boxburg.dff"
Installing file "modloader\prioridade 60\veículos\carros\boxville\boxburg.txd"
Uninstalling file "modloader\prioridade 40\carros originais imvehft\models\gta3img\txds\boxburg.txd"
Installing file "modloader\prioridade 60\veículos\carros\burrito game\burrito.dff"
Uninstalling file "modloader\prioridade 40\carros originais imvehft\models\gta3img\dffs\burrito.dff"
Installing file "modloader\prioridade 60\veículos\carros\burrito game\burrito.txd"
Uninstalling file "modloader\prioridade 40\carros originais imvehft\models\gta3img\txds\burrito.txd"
Installing file "modloader\prioridade 60\veículos\carros\cabbie\cabbie.dff"
Uninstalling file "modloader\prioridade 40\carros originais imvehft\models\gta3img\dffs\cabbie.dff"
Installing file "modloader\prioridade 60\veículos\carros\cabbie\cabbie.txd"
Uninstalling file "modloader\prioridade 40\carros originais imvehft\models\gta3img\txds\cabbie.txd"
Installing file "modloader\prioridade 60\veículos\carros\caddy\caddy.dff"
Uninstalling file "modloader\prioridade 40\carros originais imvehft\models\gta3img\dffs\caddy.dff"
Installing file "modloader\prioridade 60\veículos\carros\caddy\caddy.txd"
Uninstalling file "modloader\prioridade 40\carros originais imvehft\models\gta3img\txds\caddy.txd"
Installing file "modloader\prioridade 60\veículos\carros\cadeira de rodas\sweeper.dff"
Uninstalling file "modloader\prioridade 40\carros originais imvehft\models\gta3img\dffs\sweeper.dff"
Installing file "modloader\prioridade 60\veículos\carros\cadeira de rodas\sweeper.txd"
Uninstalling file "modloader\prioridade 40\carros originais imvehft\models\gta3img\txds\sweeper.txd"
Installing file "modloader\prioridade 60\veículos\carros\cadrona\cadrona.dff"
Uninstalling file "modloader\prioridade 40\carros originais imvehft\models\gta3img\dffs\cadrona.dff"
Installing file "modloader\prioridade 60\veículos\carros\cadrona\cadrona.txd"
Uninstalling file "modloader\prioridade 40\carros originais imvehft\models\gta3img\txds\cadrona.txd"
Installing file "modloader\prioridade 60\veículos\carros\carrinho bate bate\mower.dff"
Uninstalling file "modloader\prioridade 40\carros originais imvehft\models\gta3img\dffs\mower.dff"
Installing file "modloader\prioridade 60\veículos\carros\carrinho bate bate\mower.txd"
Uninstalling file "modloader\prioridade 40\carros originais imvehft\models\gta3img\txds\mower.txd"
Installing file "modloader\prioridade 60\veículos\carros\carrinho mercado\farmtr1.dff"
Installing file "modloader\prioridade 60\veículos\carros\carrinho mercado\farmtr1.txd"
Installing file "modloader\prioridade 60\veículos\carros\carro sorvete 2\rumpo.dff"
Uninstalling file "modloader\prioridade 40\carros originais imvehft\models\gta3img\dffs\rumpo.dff"
Installing file "modloader\prioridade 60\veículos\carros\carro sorvete 2\rumpo.txd"
Uninstalling file "modloader\prioridade 40\carros originais imvehft\models\gta3img\txds\rumpo.txd"
Installing file "modloader\prioridade 60\veículos\carros\clover\clover.dff"
Uninstalling file "modloader\prioridade 40\carros originais imvehft\models\gta3img\dffs\clover.dff"
Installing file "modloader\prioridade 60\veículos\carros\clover\clover.txd"
Uninstalling file "modloader\prioridade 40\carros originais imvehft\models\gta3img\txds\clover.txd"
Installing file "modloader\prioridade 60\veículos\carros\comet plus+\comet.dff"
Uninstalling file "modloader\prioridade 40\carros originais imvehft\models\gta3img\dffs\comet.dff"
Installing file "modloader\prioridade 60\veículos\carros\comet plus+\comet.txd"
Uninstalling file "modloader\prioridade 40\carros originais imvehft\models\gta3img\txds\comet.txd"
Installing file "modloader\prioridade 60\veículos\carros\comet plus+\lineas comet.txt"
Installing file "modloader\prioridade 60\veículos\carros\fiat 147\sabre.dff"
Uninstalling file "modloader\prioridade 40\carros originais imvehft\models\gta3img\dffs\sabre.dff"
Installing file "modloader\prioridade 60\veículos\carros\fiat 147\sabre.txd"
Uninstalling file "modloader\prioridade 40\carros originais imvehft\models\gta3img\txds\sabre.txd"
Installing file "modloader\prioridade 60\veículos\carros\freeway plus\freeway.dff"
Uninstalling file "modloader\prioridade 40\carros originais imvehft\models\gta3img\dffs\freeway.dff"
Installing file "modloader\prioridade 60\veículos\carros\freeway plus\freeway.txd"
Uninstalling file "modloader\prioridade 40\carros originais imvehft\models\gta3img\txds\freeway.txd"
Installing file "modloader\prioridade 60\veículos\carros\freeway plus\lines.txt"
Installing file "modloader\prioridade 60\veículos\carros\hermes\hermes.dff"
Uninstalling file "modloader\prioridade 40\carros originais imvehft\models\gta3img\dffs\hermes.dff"
Installing file "modloader\prioridade 60\veículos\carros\hermes\hermes.txd"
Uninstalling file "modloader\prioridade 40\carros originais imvehft\models\gta3img\txds\hermes.txd"
Installing file "modloader\prioridade 60\veículos\carros\hotdog\hotdog.dff"
Uninstalling file "modloader\prioridade 40\carros originais imvehft\models\gta3img\dffs\hotdog.dff"
Installing file "modloader\prioridade 60\veículos\carros\hotdog\hotdog.txd"
Uninstalling file "modloader\prioridade 40\carros originais imvehft\models\gta3img\txds\hotdog.txd"
Installing file "modloader\prioridade 60\veículos\carros\hotknife\cleo\cleo_text\hotknife.fxt"
Installing file "modloader\prioridade 60\veículos\carros\hotknife\cleo\hotknife.cs"
Installing file "modloader\prioridade 60\veículos\carros\hotknife\hotknife.dff"
Uninstalling file "modloader\prioridade 40\carros originais imvehft\models\gta3img\dffs\hotknife.dff"
Installing file "modloader\prioridade 60\veículos\carros\hotknife\hotknife.txd"
Uninstalling file "modloader\prioridade 40\carros originais imvehft\models\gta3img\txds\hotknife.txd"
Installing file "modloader\prioridade 60\veículos\carros\hotknife\hotknife.txt"
Installing file "modloader\prioridade 60\veículos\carros\hotknife\paintjob\hotknife1.txd"
Installing file "modloader\prioridade 60\veículos\carros\hotknife\paintjob\hotknife2.txd"
Installing file "modloader\prioridade 60\veículos\carros\hotknife\paintjob\hotknife3.txd"
Installing file "modloader\prioridade 60\veículos\carros\hotknife\paintjob\hotknife4.txd"
Installing file "modloader\prioridade 60\veículos\carros\hotknife\paintjob\hotknife5.txd"
Installing file "modloader\prioridade 60\veículos\carros\huntley\huntley.dff"
Uninstalling file "modloader\prioridade 40\carros originais imvehft\models\gta3img\dffs\huntley.dff"
Installing file "modloader\prioridade 60\veículos\carros\huntley\huntley.txd"
Uninstalling file "modloader\prioridade 40\carros originais imvehft\models\gta3img\txds\huntley.txd"
Installing file "modloader\prioridade 60\veículos\carros\hustler\hustler.dff"
Uninstalling file "modloader\prioridade 40\carros originais imvehft\models\gta3img\dffs\hustler.dff"
Installing file "modloader\prioridade 60\veículos\carros\hustler\hustler.txd"
Uninstalling file "modloader\prioridade 40\carros originais imvehft\models\gta3img\txds\hustler.txd"
Installing file "modloader\prioridade 60\veículos\carros\invisible car\uranus.dff"
Uninstalling file "modloader\prioridade 40\carros originais imvehft\models\gta3img\dffs\uranus.dff"
Installing file "modloader\prioridade 60\veículos\carros\kibom bike\bike.dff"
Installing file "modloader\prioridade 60\veículos\carros\kibom bike\bike.txd"
Installing file "modloader\prioridade 60\veículos\carros\mesa plus+\lines.txt"
Installing file "modloader\prioridade 60\veículos\carros\mesa plus+\mesa.dff"
Uninstalling file "modloader\prioridade 40\carros originais imvehft\models\gta3img\dffs\mesa.dff"
Installing file "modloader\prioridade 60\veículos\carros\mesa plus+\mesa.txd"
Uninstalling file "modloader\prioridade 40\carros originais imvehft\models\gta3img\txds\mesa.txd"
Installing file "modloader\prioridade 60\veículos\carros\minicooper mr bean\flash.dff"
Uninstalling file "modloader\prioridade 40\carros originais imvehft\models\gta3img\dffs\flash.dff"
Installing file "modloader\prioridade 60\veículos\carros\minicooper mr bean\flash.txd"
Uninstalling file "modloader\prioridade 40\carros originais imvehft\models\gta3img\txds\flash.txd"
Installing file "modloader\prioridade 60\veículos\carros\moto fam2\fcr900.dff"
Uninstalling file "modloader\prioridade 40\carros originais imvehft\models\gta3img\dffs\fcr900.dff"
Installing file "modloader\prioridade 60\veículos\carros\moto fam2\fcr900.txd"
Uninstalling file "modloader\prioridade 40\carros originais imvehft\models\gta3img\txds\fcr900.txd"
Installing file "modloader\prioridade 60\veículos\carros\mr whoopee\mrwhoop.dff"
Uninstalling file "modloader\prioridade 40\carros originais imvehft\models\gta3img\dffs\mrwhoop.dff"
Installing file "modloader\prioridade 60\veículos\carros\mr whoopee\mrwhoop.txd"
Uninstalling file "modloader\prioridade 40\carros originais imvehft\models\gta3img\txds\mrwhoop.txd"
Installing file "modloader\prioridade 60\veículos\carros\nemesis strike vortex 2\vortex.dff"
Installing file "modloader\prioridade 60\veículos\carros\nemesis strike vortex 2\vortex.txd"
Installing file "modloader\prioridade 60\veículos\carros\nrg 500 remastered by ezekiel\nrg500.dff"
Uninstalling file "modloader\prioridade 40\carros originais imvehft\models\gta3img\dffs\nrg500.dff"
Installing file "modloader\prioridade 60\veículos\carros\nrg 500 remastered by ezekiel\nrg500.txd"
Uninstalling file "modloader\prioridade 40\carros originais imvehft\models\gta3img\txds\nrg500.txd"
Installing file "modloader\prioridade 60\veículos\carros\ovo\rccam.dff"
Installing file "modloader\prioridade 60\veículos\carros\ovo\rccam.txd"
Installing file "modloader\prioridade 60\veículos\carros\papelao kart\kart.dff"
Uninstalling file "modloader\prioridade 40\carros originais imvehft\models\gta3img\dffs\kart.dff"
Installing file "modloader\prioridade 60\veículos\carros\papelao kart\kart.txd"
Uninstalling file "modloader\prioridade 40\carros originais imvehft\models\gta3img\txds\kart.txd"
Installing file "modloader\prioridade 60\veículos\carros\pcj600 remastered hd\data.txt"
Installing file "modloader\prioridade 60\veículos\carros\pcj600 remastered hd\pcj600.dff"
Uninstalling file "modloader\prioridade 40\carros originais imvehft\models\gta3img\dffs\pcj600.dff"
Installing file "modloader\prioridade 60\veículos\carros\pcj600 remastered hd\pcj600.txd"
Uninstalling file "modloader\prioridade 40\carros originais imvehft\models\gta3img\txds\pcj600.txd"
Installing file "modloader\prioridade 60\veículos\carros\pcj600 remastered hd\pcj600_1.txd"
Installing file "modloader\prioridade 60\veículos\carros\pcj600 remastered hd\pcj600_2.txd"
Installing file "modloader\prioridade 60\veículos\carros\pcj600 remastered hd\pcj600_3.txd"
Installing file "modloader\prioridade 60\veículos\carros\pcj600 remastered hd\pcj600_4.txd"
Installing file "modloader\prioridade 60\veículos\carros\pcj600 remastered hd\pcj600_5.txd"
Installing file "modloader\prioridade 60\veículos\carros\police lv tuner\copcarvg.dff"
Uninstalling file "modloader\prioridade 40\carros originais imvehft\models\gta3img\dffs\copcarvg.dff"
Installing file "modloader\prioridade 60\veículos\carros\police lv tuner\copcarvg.txd"
Uninstalling file "modloader\prioridade 40\carros originais imvehft\models\gta3img\txds\copcarvg.txd"
Installing file "modloader\prioridade 60\veículos\carros\quad\quad.dff"
Uninstalling file "modloader\prioridade 40\carros originais imvehft\models\gta3img\dffs\quad.dff"
Installing file "modloader\prioridade 60\veículos\carros\quad\quad.txd"
Uninstalling file "modloader\prioridade 40\carros originais imvehft\models\gta3img\txds\quad.txd"
Installing file "modloader\prioridade 60\veículos\carros\rancher\rancher.dff"
Uninstalling file "modloader\prioridade 40\carros originais imvehft\models\gta3img\dffs\rancher.dff"
Installing file "modloader\prioridade 60\veículos\carros\rancher\rancher.txd"
Uninstalling file "modloader\prioridade 40\carros originais imvehft\models\gta3img\txds\rancher.txd"
Installing file "modloader\prioridade 60\veículos\carros\rc bandit\rcbandit.dff"
Installing file "modloader\prioridade 60\veículos\carros\rc bandit\rcbandit.txd"
Installing file "modloader\prioridade 60\veículos\carros\regina copcarlv\regina.dff"
Uninstalling file "modloader\prioridade 40\carros originais imvehft\models\gta3img\dffs\regina.dff"
Installing file "modloader\prioridade 60\veículos\carros\regina copcarlv\regina.txd"
Uninstalling file "modloader\prioridade 40\carros originais imvehft\models\gta3img\txds\regina.txd"
Installing file "modloader\prioridade 60\veículos\carros\sandking\sandking.dff"
Uninstalling file "modloader\prioridade 40\carros originais imvehft\models\gta3img\dffs\sandking.dff"
Installing file "modloader\prioridade 60\veículos\carros\sandking\sandking.txd"
Uninstalling file "modloader\prioridade 40\carros originais imvehft\models\gta3img\txds\sandking.txd"
Installing file "modloader\prioridade 60\veículos\carros\sofá\tug.dff"
Uninstalling file "modloader\prioridade 40\carros originais imvehft\models\gta3img\dffs\tug.dff"
Installing file "modloader\prioridade 60\veículos\carros\sofá\tug.txd"
Uninstalling file "modloader\prioridade 40\carros originais imvehft\models\gta3img\txds\tug.txd"
Installing file "modloader\prioridade 60\veículos\carros\solair\solair.dff"
Uninstalling file "modloader\prioridade 40\carros originais imvehft\models\gta3img\dffs\solair.dff"
Installing file "modloader\prioridade 60\veículos\carros\solair\solair.txd"
Uninstalling file "modloader\prioridade 40\carros originais imvehft\models\gta3img\txds\solair.txd"
Installing file "modloader\prioridade 60\veículos\carros\spongebob burger\club.dff"
Uninstalling file "modloader\prioridade 40\carros originais imvehft\models\gta3img\dffs\club.dff"
Installing file "modloader\prioridade 60\veículos\carros\spongebob burger\club.txd"
Uninstalling file "modloader\prioridade 40\carros originais imvehft\models\gta3img\txds\club.txd"
Installing file "modloader\prioridade 60\veículos\carros\stallion\stallion.dff"
Uninstalling file "modloader\prioridade 40\carros originais imvehft\models\gta3img\dffs\stallion.dff"
Installing file "modloader\prioridade 60\veículos\carros\stallion\stallion.txd"
Uninstalling file "modloader\prioridade 40\carros originais imvehft\models\gta3img\txds\stallion.txd"
Installing file "modloader\prioridade 60\veículos\carros\sultan hatch\sultan.dff"
Uninstalling file "modloader\prioridade 40\carros originais imvehft\models\gta3img\dffs\sultan.dff"
Installing file "modloader\prioridade 60\veículos\carros\sultan hatch\sultan.txd"
Uninstalling file "modloader\prioridade 40\carros originais imvehft\models\gta3img\txds\sultan.txd"
Installing file "modloader\prioridade 60\veículos\carros\topfun\topfun.dff"
Uninstalling file "modloader\prioridade 40\carros originais imvehft\models\gta3img\dffs\topfun.dff"
Installing file "modloader\prioridade 60\veículos\carros\topfun\topfun.txd"
Uninstalling file "modloader\prioridade 40\carros originais imvehft\models\gta3img\txds\topfun.txd"
Installing file "modloader\prioridade 60\veículos\carros\tram\tram.dff"
Installing file "modloader\prioridade 60\veículos\carros\tram\tram.txd"
Installing file "modloader\prioridade 60\veículos\carros\wayfarer plus+\lines.txt"
Installing file "modloader\prioridade 60\veículos\carros\wayfarer plus+\wayfarer.dff"
Uninstalling file "modloader\prioridade 40\carros originais imvehft\models\gta3img\dffs\wayfarer.dff"
Installing file "modloader\prioridade 60\veículos\carros\wayfarer plus+\wayfarer.txd"
Uninstalling file "modloader\prioridade 40\carros originais imvehft\models\gta3img\txds\wayfarer.txd"
Installing file "modloader\prioridade 60\veículos\carros\zr 350\zr350.dff"
Uninstalling file "modloader\prioridade 40\carros originais imvehft\models\gta3img\dffs\zr350.dff"
Installing file "modloader\prioridade 60\veículos\carros\zr 350\zr350.txd"
Uninstalling file "modloader\prioridade 40\carros originais imvehft\models\gta3img\txds\zr350.txd"
Installing file "modloader\prioridade 60\veículos\trem\walter's brown streak\streak.dff"
Installing file "modloader\prioridade 60\veículos\trem\walter's brown streak\streak.txd"
Installing file "modloader\prioridade 60\veículos\trem\walter's brown streak\streakc.dff"
Installing file "modloader\prioridade 60\veículos\trem\walter's brown streak\streakc.txd"
Installing file "modloader\prioridade 60\veículos\trem\walter's freight\freibox\freibox.dff"
Installing file "modloader\prioridade 60\veículos\trem\walter's freight\freibox\freibox.txd"
Installing file "modloader\prioridade 60\veículos\trem\walter's freight\freibox\line.txt"
Installing file "modloader\prioridade 60\veículos\trem\walter's freight\freiflat\freiflat.dff"
Installing file "modloader\prioridade 60\veículos\trem\walter's freight\freiflat\freiflat.txd"
Installing file "modloader\prioridade 60\veículos\trem\walter's freight\freight\freight.dff"
Installing file "modloader\prioridade 60\veículos\trem\walter's freight\freight\freight.txd"
Installing file "modloader\prioridade 60\veículos\veh br\boxville.dff"
Uninstalling file "modloader\prioridade 40\carros originais imvehft\models\gta3img\dffs\boxville.dff"
Installing file "modloader\prioridade 60\veículos\veh br\boxville.txd"
Uninstalling file "modloader\prioridade 40\carros originais imvehft\models\gta3img\txds\boxville.txd"
Installing file "modloader\prioridade 60\veículos\veh br\buccanee.dff"
Uninstalling file "modloader\prioridade 40\carros originais imvehft\models\gta3img\dffs\buccanee.dff"
Installing file "modloader\prioridade 60\veículos\veh br\buccanee.txd"
Uninstalling file "modloader\prioridade 40\carros originais imvehft\models\gta3img\txds\buccanee.txd"
Installing file "modloader\prioridade 60\veículos\veh br\coach.dff"
Uninstalling file "modloader\prioridade 40\carros originais imvehft\models\gta3img\dffs\coach.dff"
Installing file "modloader\prioridade 60\veículos\veh br\coach.txd"
Uninstalling file "modloader\prioridade 40\carros originais imvehft\models\gta3img\txds\coach.txd"
Installing file "modloader\prioridade 60\veículos\veh br\dozer.dff"
Uninstalling file "modloader\prioridade 40\carros originais imvehft\models\gta3img\dffs\dozer.dff"
Installing file "modloader\prioridade 60\veículos\veh br\dozer.txd"
Uninstalling file "modloader\prioridade 40\carros originais imvehft\models\gta3img\txds\dozer.txd"
Installing file "modloader\prioridade 60\veículos\veh br\elegy.dff"
Uninstalling file "modloader\prioridade 40\carros originais imvehft\models\gta3img\dffs\elegy.dff"
Installing file "modloader\prioridade 60\veículos\veh br\elegy.txd"
Uninstalling file "modloader\prioridade 40\carros originais imvehft\models\gta3img\txds\elegy.txd"
Installing file "modloader\prioridade 60\veículos\veh br\esperant.dff"
Uninstalling file "modloader\prioridade 40\carros originais imvehft\models\gta3img\dffs\esperant.dff"
Installing file "modloader\prioridade 60\veículos\veh br\esperant.txd"
Uninstalling file "modloader\prioridade 40\carros originais imvehft\models\gta3img\txds\esperant.txd"
Installing file "modloader\prioridade 60\veículos\veh br\fbitruck1.txd"
Installing file "modloader\prioridade 60\veículos\veh br\firela.dff"
Uninstalling file "modloader\prioridade 40\carros originais imvehft\models\gta3img\dffs\firela.dff"
Installing file "modloader\prioridade 60\veículos\veh br\firela.txd"
Uninstalling file "modloader\prioridade 40\carros originais imvehft\models\gta3img\txds\firela.txd"
Installing file "modloader\prioridade 60\veículos\veh br\firetruk.dff"
Uninstalling file "modloader\prioridade 40\carros originais imvehft\models\gta3img\dffs\firetruk.dff"
Installing file "modloader\prioridade 60\veículos\veh br\firetruk.txd"
Uninstalling file "modloader\prioridade 40\carros originais imvehft\models\gta3img\txds\firetruk.txd"
Installing file "modloader\prioridade 60\veículos\veh br\forklift.dff"
Uninstalling file "modloader\prioridade 40\carros originais imvehft\models\gta3img\dffs\forklift.dff"
Installing file "modloader\prioridade 60\veículos\veh br\forklift.txd"
Uninstalling file "modloader\prioridade 40\carros originais imvehft\models\gta3img\txds\forklift.txd"
Installing file "modloader\prioridade 60\veículos\veh br\hermes.dff"
Uninstalling file "modloader\prioridade 60\veículos\carros\hermes\hermes.dff"
Installing file "modloader\prioridade 60\veículos\veh br\hermes.txd"
Uninstalling file "modloader\prioridade 60\veículos\carros\hermes\hermes.txd"
Installing file "modloader\prioridade 60\veículos\veh br\hotdog.dff"
Uninstalling file "modloader\prioridade 60\veículos\carros\hotdog\hotdog.dff"
Installing file "modloader\prioridade 60\veículos\veh br\hotdog.txd"
Uninstalling file "modloader\prioridade 60\veículos\carros\hotdog\hotdog.txd"
Installing file "modloader\prioridade 60\veículos\veh br\intruder.dff"
Uninstalling file "modloader\prioridade 40\carros originais imvehft\models\gta3img\dffs\intruder.dff"
Installing file "modloader\prioridade 60\veículos\veh br\intruder.txd"
Uninstalling file "modloader\prioridade 40\carros originais imvehft\models\gta3img\txds\intruder.txd"
Installing file "modloader\prioridade 60\veículos\veh br\moonbeam.dff"
Uninstalling file "modloader\prioridade 40\carros originais imvehft\models\gta3img\dffs\moonbeam.dff"
Installing file "modloader\prioridade 60\veículos\veh br\moonbeam.txd"
Uninstalling file "modloader\prioridade 40\carros originais imvehft\models\gta3img\txds\moonbeam.txd"
Installing file "modloader\prioridade 60\veículos\veh br\moonbean.txt"
Installing file "modloader\prioridade 60\veículos\veh br\mrwhoop.dff"
Uninstalling file "modloader\prioridade 60\veículos\carros\mr whoopee\mrwhoop.dff"
Installing file "modloader\prioridade 60\veículos\veh br\mrwhoop.txd"
Uninstalling file "modloader\prioridade 60\veículos\carros\mr whoopee\mrwhoop.txd"
Installing file "modloader\prioridade 60\veículos\veh br\pcj600.dff"
Uninstalling file "modloader\prioridade 60\veículos\carros\pcj600 remastered hd\pcj600.dff"
Installing file "modloader\prioridade 60\veículos\veh br\pcj600.txd"
Uninstalling file "modloader\prioridade 60\veículos\carros\pcj600 remastered hd\pcj600.txd"
Installing file "modloader\prioridade 60\veículos\veh br\petro.dff"
Uninstalling file "modloader\prioridade 40\carros originais imvehft\models\gta3img\dffs\petro.dff"
Installing file "modloader\prioridade 60\veículos\veh br\petro.txd"
Uninstalling file "modloader\prioridade 40\carros originais imvehft\models\gta3img\txds\petro.txd"
Installing file "modloader\prioridade 60\veículos\veh br\petrotr.dff"
Uninstalling file "modloader\prioridade 40\carros originais imvehft\models\gta3img\dffs\petrotr.dff"
Installing file "modloader\prioridade 60\veículos\veh br\petrotr.txd"
Uninstalling file "modloader\prioridade 40\carros originais imvehft\models\gta3img\txds\petrotr.txd"
Installing file "modloader\prioridade 60\veículos\veh br\previon.dff"
Uninstalling file "modloader\prioridade 40\carros originais imvehft\models\gta3img\dffs\previon.dff"
Installing file "modloader\prioridade 60\veículos\veh br\previon.txd"
Uninstalling file "modloader\prioridade 40\carros originais imvehft\models\gta3img\txds\previon.txd"
Installing file "modloader\prioridade 60\veículos\veh br\raindanc.dff"
Installing file "modloader\prioridade 60\veículos\veh br\raindanc.txd"
Installing file "modloader\prioridade 60\veículos\veh br\sadler.dff"
Uninstalling file "modloader\prioridade 40\carros originais imvehft\models\gta3img\dffs\sadler.dff"
Installing file "modloader\prioridade 60\veículos\veh br\sadler.txd"
Uninstalling file "modloader\prioridade 40\carros originais imvehft\models\gta3img\txds\sadler.txd"
Installing file "modloader\prioridade 60\veículos\veh br\securica.dff"
Uninstalling file "modloader\prioridade 40\carros originais imvehft\models\gta3img\dffs\securica.dff"
Installing file "modloader\prioridade 60\veículos\veh br\securica.txd"
Uninstalling file "modloader\prioridade 40\carros originais imvehft\models\gta3img\txds\securica.txd"
Installing file "modloader\prioridade 60\veículos\veh br\utility.dff"
Uninstalling file "modloader\prioridade 40\carros originais imvehft\models\gta3img\dffs\utility.dff"
Installing file "modloader\prioridade 60\veículos\veh br\utility.txd"
Uninstalling file "modloader\prioridade 40\carros originais imvehft\models\gta3img\txds\utility.txd"
Installing file "modloader\prioridade 60\veículos\veh br\walton.dff"
Uninstalling file "modloader\prioridade 40\carros originais imvehft\models\gta3img\dffs\walton.dff"
Installing file "modloader\prioridade 60\veículos\veh br\walton.txd"
Uninstalling file "modloader\prioridade 40\carros originais imvehft\models\gta3img\txds\walton.txd"
Installing file "modloader\prioridade 60\veículos\veh br\yankee.dff"
Uninstalling file "modloader\prioridade 40\carros originais imvehft\models\gta3img\dffs\yankee.dff"
Installing file "modloader\prioridade 60\veículos\veh br\yankee.txd"
Uninstalling file "modloader\prioridade 40\carros originais imvehft\models\gta3img\txds\yankee.txd"
Updating state for "modloader\prioridade 70\"...
Installing file "modloader\prioridade 70\cutscene\cs9mm.txd"
Uninstalling file "modloader\prioridade 40\nextgen remaster weapons\cutscenes  weapons - items\cs9mm.txd"
Installing file "modloader\prioridade 70\cutscene\csbball.txd"
Uninstalling file "modloader\prioridade 40\nextgen remaster weapons\cutscenes  weapons - items\csbball.txd"
Installing file "modloader\prioridade 70\cutscene\csbdup.dff"
Installing file "modloader\prioridade 70\cutscene\csbdup.txd"
Installing file "modloader\prioridade 70\cutscene\csbigbear.dff"
Installing file "modloader\prioridade 70\cutscene\csbigbear.txd"
Installing file "modloader\prioridade 70\cutscene\csbigbearthin.dff"
Installing file "modloader\prioridade 70\cutscene\csbigbearthin.txd"
Installing file "modloader\prioridade 70\cutscene\csburger1.dff"
Installing file "modloader\prioridade 70\cutscene\csburger1.txd"
Installing file "modloader\prioridade 70\cutscene\csburger2.dff"
Installing file "modloader\prioridade 70\cutscene\csburger2.txd"
Installing file "modloader\prioridade 70\cutscene\cscard.txd"
Installing file "modloader\prioridade 70\cutscene\cscarddeck.txd"
Installing file "modloader\prioridade 70\cutscene\cscase.txd"
Installing file "modloader\prioridade 70\cutscene\cscopcarla92.txd"
Installing file "modloader\prioridade 70\cutscene\cskendl.dff"
Installing file "modloader\prioridade 70\cutscene\cskendl.txd"
Installing file "modloader\prioridade 70\cutscene\csmoneysing.txd"
Installing file "modloader\prioridade 70\cutscene\cspulaski.dff"
Installing file "modloader\prioridade 70\cutscene\cspulaski.txd"
Installing file "modloader\prioridade 70\cutscene\csryder.dff"
Installing file "modloader\prioridade 70\cutscene\csryder.txd"
Installing file "modloader\prioridade 70\cutscene\cssmoke.dff"
Installing file "modloader\prioridade 70\cutscene\cssmoke.txd"
Installing file "modloader\prioridade 70\cutscene\cssmokevest.dff"
Installing file "modloader\prioridade 70\cutscene\cssmokevest.txd"
Installing file "modloader\prioridade 70\cutscene\cssmokevest2.dff"
Installing file "modloader\prioridade 70\cutscene\cssmokevest2.txd"
Installing file "modloader\prioridade 70\cutscene\cssuitcase.txd"
Installing file "modloader\prioridade 70\cutscene\cssweet.dff"
Installing file "modloader\prioridade 70\cutscene\cssweet.txd"
Installing file "modloader\prioridade 70\cutscene\cstorino.dff"
Installing file "modloader\prioridade 70\cutscene\cstorino.txd"
Installing file "modloader\prioridade 70\loadscreens\loadscs.txd"
Installing file "modloader\prioridade 70\male01 nervoso\peds.ide"
Installing file "modloader\prioridade 70\mapa\cidade\barrierblk.txd"
Installing file "modloader\prioridade 70\mapa\cidade\benchm.txd"
Installing file "modloader\prioridade 70\mapa\cidade\cj_airprt.txd"
Installing file "modloader\prioridade 70\mapa\cidade\cj_airprt2.txd"
Installing file "modloader\prioridade 70\mapa\cidade\cj_airprt3.txd"
Installing file "modloader\prioridade 70\mapa\cidade\cj_bar.txd"
Installing file "modloader\prioridade 70\mapa\cidade\cj_ext_vend.txd"
Installing file "modloader\prioridade 70\mapa\cidade\cj_ext_vend2.txd"
Installing file "modloader\prioridade 70\mapa\cidade\cj_money_bags.txd"
Uninstalling file "modloader\prioridade 40\nextgen remaster weapons\gameplay  pickups\cj_money_bags.txd"
Installing file "modloader\prioridade 70\mapa\cidade\cj_till_break.txd"
Installing file "modloader\prioridade 70\mapa\cidade\comercios\cinemart_alpha.txd"
Installing file "modloader\prioridade 70\mapa\cidade\comercios\coast_apts.txd"
Installing file "modloader\prioridade 70\mapa\cidade\comercios\compomark_lae2.txd"
Installing file "modloader\prioridade 70\mapa\cidade\comercios\eastbeach2a_lae2.txd"
Installing file "modloader\prioridade 70\mapa\cidade\comercios\eastbeach3c_lae2.txd"
Installing file "modloader\prioridade 70\mapa\cidade\comercios\eastbeach4a_lae2.txd"
Installing file "modloader\prioridade 70\mapa\cidade\comercios\eastbeach8_lae2.txd"
Installing file "modloader\prioridade 70\mapa\cidade\comercios\eastlstr_lae2.txd"
Installing file "modloader\prioridade 70\mapa\cidade\comercios\lae2newtempbx.txd"
Installing file "modloader\prioridade 70\mapa\cidade\comercios\lawnstripm.txd"
Installing file "modloader\prioridade 70\mapa\cidade\comercios\mainlcawn.txd"
Installing file "modloader\prioridade 70\mapa\cidade\comercios\melrose02_lawn.txd"
Installing file "modloader\prioridade 70\mapa\cidade\comercios\melrose03_lawn.txd"
Installing file "modloader\prioridade 70\mapa\cidade\comercios\melrose05_lawn.txd"
Installing file "modloader\prioridade 70\mapa\cidade\comercios\melrose08_lawn.txd"
Installing file "modloader\prioridade 70\mapa\cidade\comercios\melrose11_lawn.txd"
Installing file "modloader\prioridade 70\mapa\cidade\comercios\melrose15_lawn.txd"
Installing file "modloader\prioridade 70\mapa\cidade\comercios\melrose19_lawn.txd"
Installing file "modloader\prioridade 70\mapa\cidade\comercios\melrosetr1_lawn.txd"
Installing file "modloader\prioridade 70\mapa\cidade\comercios\melrosetr_lawn.txd"
Installing file "modloader\prioridade 70\mapa\cidade\ctscene_las.txd"
Installing file "modloader\prioridade 70\mapa\cidade\desn2_roadbloks.txd"
Installing file "modloader\prioridade 70\mapa\cidade\dyn_cash.txd"
Installing file "modloader\prioridade 70\mapa\cidade\dyn_objects.txd"
Installing file "modloader\prioridade 70\mapa\cidade\eastls4_lae2.txd"
Installing file "modloader\prioridade 70\mapa\cidade\fabrica\sprunkworks.txd"
Installing file "modloader\prioridade 70\mapa\cidade\fazer\sw_fact02.txd"
Installing file "modloader\prioridade 70\mapa\cidade\fazer\sw_well1.txd"
Installing file "modloader\prioridade 70\mapa\cidade\foodkarts.txd"
Installing file "modloader\prioridade 70\mapa\cidade\graffiti_lan01.txd"
Installing file "modloader\prioridade 70\mapa\cidade\greenscreen\con_drivein.txd"
Installing file "modloader\prioridade 70\mapa\cidade\lae2billboards.txd"
Installing file "modloader\prioridade 70\mapa\cidade\lanblokb.txd"
Installing file "modloader\prioridade 70\mapa\cidade\melrose06_lawn.txd"
Installing file "modloader\prioridade 70\mapa\cidade\melrose08_lawn.txd"
Uninstalling file "modloader\prioridade 70\mapa\cidade\comercios\melrose08_lawn.txd"
Installing file "modloader\prioridade 70\mapa\cidade\posto ipiranga\barrio1_lae.txd"
Installing file "modloader\prioridade 70\mapa\cidade\posto ipiranga\wshxrefpump.txd"
Installing file "modloader\prioridade 70\mapa\cidade\roadblkx.txd"
Installing file "modloader\prioridade 70\mapa\cidade\sbt\tvstudio_law2.txd"
Installing file "modloader\prioridade 70\mapa\cidade\telegraph.txd"
Installing file "modloader\prioridade 70\mapa\cidade\vend.txd"
Installing file "modloader\prioridade 70\mapa\interiores\academia tozi\exterior\ganton01_lae2.txd"
Installing file "modloader\prioridade 70\mapa\interiores\academia tozi\exterior\gym_weights.txd"
Installing file "modloader\prioridade 70\mapa\interiores\academia tozi\exterior\vbmybox.txd"
Installing file "modloader\prioridade 70\mapa\interiores\academia tozi\exterior\vegasdwntwn1.txd"
Installing file "modloader\prioridade 70\mapa\interiores\academia tozi\exterior\vwmybox.txd"
Installing file "modloader\prioridade 70\mapa\interiores\academia tozi\interior\genintint2_gym.txd"
Installing file "modloader\prioridade 70\mapa\interiores\academia tozi\interior\genintint_gym.txd"
Installing file "modloader\prioridade 70\mapa\interiores\academia tozi\interior\intring_gymint3.txd"
Installing file "modloader\prioridade 70\mapa\interiores\academia tozi\interior\lring_gmint3.txd"
Installing file "modloader\prioridade 70\mapa\interiores\academia tozi\interior\punchbag2.txd"
Installing file "modloader\prioridade 70\mapa\interiores\casas\bdup\bdupsfurn.txd"
Installing file "modloader\prioridade 70\mapa\interiores\casas\bdup\bdupshifi.txd"
Installing file "modloader\prioridade 70\mapa\interiores\casas\bdup\bdupslight.txd"
Installing file "modloader\prioridade 70\mapa\interiores\casas\bdup\bdupsnew.txd"
Installing file "modloader\prioridade 70\mapa\interiores\casas\bdup\lee_bdupsflat.txd"
Installing file "modloader\prioridade 70\mapa\interiores\casas\bdup\lee_bdupsmain.txd"
Installing file "modloader\prioridade 70\mapa\interiores\casas\casa ryder\csbottle.txd"
Installing file "modloader\prioridade 70\mapa\interiores\casas\casa ryder\cscooker.txd"
Installing file "modloader\prioridade 70\mapa\interiores\casas\casa ryder\csryderbrew.txd"
Installing file "modloader\prioridade 70\mapa\interiores\casas\casa ryder\rybath.txd"
Installing file "modloader\prioridade 70\mapa\interiores\casas\casa ryder\ryfurn2.txd"
Installing file "modloader\prioridade 70\mapa\interiores\casas\casa ryder\ryhall.txd"
Installing file "modloader\prioridade 70\mapa\interiores\casas\casa ryder\rylounge.txd"
Installing file "modloader\prioridade 70\mapa\interiores\casas\casa ryder\rystuff.txd"
Installing file "modloader\prioridade 70\mapa\interiores\casas\casa ryder\rywins.txd"
Installing file "modloader\prioridade 70\mapa\interiores\casas\casa sweet\contachou1_lae2.txd"
Installing file "modloader\prioridade 70\mapa\interiores\casas\casa sweet\csfridge.txd"
Installing file "modloader\prioridade 70\mapa\interiores\casas\casa sweet\sweets_bit2.txd"
Installing file "modloader\prioridade 70\mapa\interiores\casas\casa sweet\sweets_roon.txd"
Installing file "modloader\prioridade 70\mapa\interiores\casas\casa sweet\sweetshads.txd"
Installing file "modloader\prioridade 70\mapa\interiores\casas\casa sweet\sweetshall.txd"
Installing file "modloader\prioridade 70\mapa\interiores\casas\casa sweet\sweetsmain.txd"
Installing file "modloader\prioridade 70\mapa\interiores\comidas\burger\burger_tray.txd"
Installing file "modloader\prioridade 70\mapa\interiores\comidas\burger\cj_burg_sign.txd"
Installing file "modloader\prioridade 70\mapa\interiores\comidas\burger\cj_burg_sign2.txd"
Installing file "modloader\prioridade 70\mapa\interiores\comidas\burger\cj_ff_acc1.txd"
Installing file "modloader\prioridade 70\mapa\interiores\comidas\burger\cj_ff_counters.txd"
Installing file "modloader\prioridade 70\mapa\interiores\comidas\burger\genintintfastb2.txd"
Installing file "modloader\prioridade 70\mapa\interiores\comidas\burger\proc_rub.txd"
Installing file "modloader\prioridade 70\mapa\interiores\comidas\frago assado\cb_details.txd"
Installing file "modloader\prioridade 70\mapa\interiores\comidas\frago assado\chick_tray.txd"
Installing file "modloader\prioridade 70\mapa\interiores\comidas\frago assado\cj_cb_sign.txd"
Installing file "modloader\prioridade 70\mapa\interiores\comidas\frago assado\exterior\bigoldbuild_sfe.txd"
Installing file "modloader\prioridade 70\mapa\interiores\comidas\frago assado\exterior\chinatownmall.txd"
Installing file "modloader\prioridade 70\mapa\interiores\comidas\frago assado\exterior\cluckbell_sfs.txd"
Installing file "modloader\prioridade 70\mapa\interiores\comidas\frago assado\exterior\cuntwbtzzcs_t.txd"
Installing file "modloader\prioridade 70\mapa\interiores\comidas\frago assado\exterior\des_dinerw.txd"
Installing file "modloader\prioridade 70\mapa\interiores\comidas\frago assado\exterior\des_ufoinn.txd"
Installing file "modloader\prioridade 70\mapa\interiores\comidas\frago assado\exterior\furniture_lae2.txd"
Installing file "modloader\prioridade 70\mapa\interiores\comidas\frago assado\exterior\lashops6_las2.txd"
Installing file "modloader\prioridade 70\mapa\interiores\comidas\frago assado\exterior\lawnabv.txd"
Installing file "modloader\prioridade 70\mapa\interiores\comidas\frago assado\exterior\vgndwntwn23.txd"
Installing file "modloader\prioridade 70\mapa\interiores\comidas\frago assado\exterior\vgnshopnmall.txd"
Installing file "modloader\prioridade 70\mapa\interiores\comidas\frago assado\genintintfasta.txd"
Installing file "modloader\prioridade 70\mapa\interiores\comidas\frago assado\wmybell.txd"
Installing file "modloader\prioridade 70\mapa\interiores\comidas\guaraná\cj_commercial.txd"
Installing file "modloader\prioridade 70\mapa\interiores\comidas\guaraná\cj_furniture.txd"
Installing file "modloader\prioridade 70\mapa\interiores\comidas\guaraná\cj_jucie.txd"
Installing file "modloader\prioridade 70\mapa\interiores\comidas\guaraná\cj_off_lic.txd"
Installing file "modloader\prioridade 70\mapa\interiores\comidas\guaraná\cjtemp.txd"
Installing file "modloader\prioridade 70\mapa\interiores\comidas\pizza\cj_piz_sign.txd"
Installing file "modloader\prioridade 70\mapa\interiores\comidas\pizza\exterior pizza\ce_bankalley1.txd"
Installing file "modloader\prioridade 70\mapa\interiores\comidas\pizza\exterior pizza\ce_pizza.txd"
Installing file "modloader\prioridade 70\mapa\interiores\comidas\pizza\exterior pizza\idlewood3_lae.txd"
Installing file "modloader\prioridade 70\mapa\interiores\comidas\pizza\exterior pizza\pier69.txd"
Installing file "modloader\prioridade 70\mapa\interiores\comidas\pizza\exterior pizza\smallertxd.txd"
Installing file "modloader\prioridade 70\mapa\interiores\comidas\pizza\exterior pizza\sw_block06.txd"
Installing file "modloader\prioridade 70\mapa\interiores\comidas\pizza\genintintfastc.txd"
Installing file "modloader\prioridade 70\mapa\interiores\comidas\pizza\pizza_furn old.txd"
Installing file "modloader\prioridade 70\mapa\interiores\comidas\pizza\pizza_furn.txd"
Installing file "modloader\prioridade 70\mapa\interiores\comidas\pizza\pizza_tray.txd"
Installing file "modloader\prioridade 70\mapa\interiores\comidas\pizza\prop_pizzabox.txd"
Installing file "modloader\prioridade 70\mapa\interiores\comidas\pizza\wmypizz.txd"
Installing file "modloader\prioridade 70\mapa\interiores\comidas\subway\exterior\melrose12_lawn.txd"
Installing file "modloader\prioridade 70\mapa\interiores\comidas\subway\exterior\telewirelawn.txd"
Installing file "modloader\prioridade 70\mapa\interiores\comidas\subway\interior\cj_don_sign.txd"
Installing file "modloader\prioridade 70\mapa\interiores\comidas\subway\interior\d_s.txd"
Installing file "modloader\prioridade 70\mapa\interiores\comidas\subway\interior\donut_tray.txd"
Installing file "modloader\prioridade 70\mapa\interiores\comidas\subway\interior\genintintfastd.txd"
Installing file "modloader\prioridade 70\mapa\interiores\farmacia\cj_ammun_extra.txd"
Installing file "modloader\prioridade 70\mapa\interiores\farmacia\gen_mun_counter.txd"
Installing file "modloader\prioridade 70\mapa\interiores\farmacia\gen_mun_xtars2.txd"
Installing file "modloader\prioridade 70\mapa\interiores\farmacia\gen_mun_xtra1.txd"
Installing file "modloader\prioridade 70\mapa\interiores\farmacia\gen_munation.txd"
Installing file "modloader\prioridade 70\mapa\interiores\farmacia\lasraodnshops.txd"
Installing file "modloader\prioridade 70\mapa\interiores\jefferson motel\im_xtra.txd"
Installing file "modloader\prioridade 70\mapa\interiores\jefferson motel\imy_motel.txd"
Installing file "modloader\prioridade 70\mapa\interiores\jefferson motel\imy_motel2.txd"
Installing file "modloader\prioridade 70\mapa\interiores\livros\gb_books01.txd"
Uninstalling file "modloader\prioridade 5\cj house interior\gb_books01.txd"
Installing file "modloader\prioridade 70\mapa\interiores\livros\gb_magazines01.txd"
Uninstalling file "modloader\prioridade 5\cj house interior\gb_magazines01.txd"
Installing file "modloader\prioridade 70\mapa\interiores\lojas de roupas\centauro\exterior\rodeo02_law2.txd"
Installing file "modloader\prioridade 70\mapa\interiores\lojas de roupas\centauro\exterior\sunbill_law2.txd"
Installing file "modloader\prioridade 70\mapa\interiores\lojas de roupas\centauro\interior\cj_pro.txd"
Installing file "modloader\prioridade 70\mapa\interiores\lojas de roupas\centauro\interior\genintclothessport.txd"
Installing file "modloader\prioridade 70\mapa\interiores\lojas de roupas\centauro\interior\sport_cloth.txd"
Installing file "modloader\prioridade 70\mapa\interiores\lojas de roupas\hering\exterior\stolenbuild02.txd"
Installing file "modloader\prioridade 70\mapa\interiores\lojas de roupas\hering\interior\cj_gash.txd"
Installing file "modloader\prioridade 70\mapa\interiores\lojas de roupas\hering\interior\cj_zip_sign.txd"
Installing file "modloader\prioridade 70\mapa\interiores\lojas de roupas\hering\interior\cloth_track_t.txd"
Installing file "modloader\prioridade 70\mapa\interiores\lojas de roupas\hering\interior\gap.txd"
Installing file "modloader\prioridade 70\mapa\interiores\lojas de roupas\hering\interior\shopping.txd"
Installing file "modloader\prioridade 70\mapa\interiores\lojas de roupas\kondzilla wear\gta3\jeffers5a_lae.txd"
Installing file "modloader\prioridade 70\mapa\interiores\lojas de roupas\kondzilla wear\gta_int\cj_banner.txd"
Installing file "modloader\prioridade 70\mapa\interiores\lojas de roupas\kondzilla wear\gta_int\cj_banner2.txd"
Installing file "modloader\prioridade 70\mapa\interiores\lojas de roupas\kondzilla wear\gta_int\cj_base5.txd"
Installing file "modloader\prioridade 70\mapa\interiores\lojas de roupas\kondzilla wear\gta_int\cj_bobo.txd"
Installing file "modloader\prioridade 70\mapa\interiores\lojas de roupas\kondzilla wear\gta_int\cj_urb.txd"
Installing file "modloader\prioridade 70\mapa\interiores\lojas de roupas\kondzilla wear\gta_int\intclotheshiphop.txd"
Installing file "modloader\prioridade 70\mapa\interiores\lojas de roupas\kondzilla wear\gta_int\skate_shop.txd"
Installing file "modloader\prioridade 70\mapa\interiores\lojas de roupas\kondzilla wear\gta_int\surf_boards.txd"
Uninstalling file "modloader\prioridade 5\cj house interior\surf_boards.txd"
Installing file "modloader\prioridade 70\mapa\interiores\lojas de roupas\marisa\cj_banner3.txd"
Installing file "modloader\prioridade 70\mapa\interiores\lojas de roupas\marisa\cj_binc_sign.txd"
Installing file "modloader\prioridade 70\mapa\interiores\lojas de roupas\marisa\cloth_track_t.txd"
Uninstalling file "modloader\prioridade 70\mapa\interiores\lojas de roupas\hering\interior\cloth_track_t.txd"
Installing file "modloader\prioridade 70\mapa\interiores\lojas de roupas\marisa\cloth_trackies.txd"
Installing file "modloader\prioridade 70\mapa\interiores\lojas de roupas\marisa\exterior roupas\templae2land.txd"
Installing file "modloader\prioridade 70\mapa\interiores\lojas de roupas\marisa\scummy.txd"
Installing file "modloader\prioridade 70\mapa\interiores\lojas de roupas\renner\exterior\rodeo01_law2.txd"
Installing file "modloader\prioridade 70\mapa\interiores\lojas de roupas\renner\exterior\rodeot01_law2.txd"
Installing file "modloader\prioridade 70\mapa\interiores\lojas de roupas\renner\interior\cj_vic.txd"
Installing file "modloader\prioridade 70\mapa\interiores\lojas de roupas\renner\interior\intclothes_acc.txd"
Installing file "modloader\prioridade 70\mapa\interiores\lojas de roupas\renner\interior\intclothesa.txd"
Installing file "modloader\prioridade 70\mapa\interiores\lojas de roupas\shopping.dat"
Installing file "modloader\prioridade 70\mapa\interiores\loterias\coe_offtrackshop.txd"
Installing file "modloader\prioridade 70\mapa\interiores\loterias\dtbuil1_lan2.txd"
Installing file "modloader\prioridade 70\mapa\interiores\loterias\gen_offtrackint.txd"
Installing file "modloader\prioridade 70\mapa\interiores\loterias\gen_otb_bits.txd"
Installing file "modloader\prioridade 70\mapa\interiores\loterias\otb_machine.txd"
Installing file "modloader\prioridade 70\mapa\interiores\loterias\sw_block11.txd"
Installing file "modloader\prioridade 70\mapa\interiores\mercadinho\711_sfw.txd"
Installing file "modloader\prioridade 70\mapa\interiores\mercadinho\711c.txd"
Installing file "modloader\prioridade 70\mapa\interiores\mercadinho\7_11_door.txd"
Installing file "modloader\prioridade 70\mapa\interiores\mercadinho\7_11_posters.txd"
Installing file "modloader\prioridade 70\mapa\interiores\mercadinho\cj_ss_1.txd"
Installing file "modloader\prioridade 70\mapa\interiores\mercadinho\cj_ss_2.txd"
Installing file "modloader\prioridade 70\mapa\interiores\mercadinho\cj_ss_3.txd"
Installing file "modloader\prioridade 70\mapa\interiores\mercadinho\cj_ss_4.txd"
Installing file "modloader\prioridade 70\mapa\interiores\mercadinho\extrerior\casinoshops1.txd"
Installing file "modloader\prioridade 70\mapa\interiores\mercadinho\extrerior\lanblokb2.txd"
Installing file "modloader\prioridade 70\mapa\interiores\mercadinho\extrerior\shopliquor_las.txd"
Installing file "modloader\prioridade 70\mapa\interiores\mercadinho\extrerior\stripshop1.txd"
Installing file "modloader\prioridade 70\mapa\interiores\mercadinho\extrerior\vegasdwntwn1.txd"
Uninstalling file "modloader\prioridade 70\mapa\interiores\academia tozi\exterior\vegasdwntwn1.txd"
Installing file "modloader\prioridade 70\mapa\interiores\mercadinho\extrerior\vgnretail6.txd"
Installing file "modloader\prioridade 70\mapa\interiores\mercadinho\gb_foodwrap01.txd"
Uninstalling file "modloader\prioridade 5\cj house interior\gb_foodwrap01.txd"
Installing file "modloader\prioridade 70\mapa\interiores\mercadinho\genintint711_1.txd"
Installing file "modloader\prioridade 70\mapa\interiores\mercadinho\new_cabinets.txd"
Installing file "modloader\prioridade 70\mapa\interiores\mercadinho\new_cabinets2.txd"
Installing file "modloader\prioridade 70\mapa\interiores\mercadinho\new_cabinets3.txd"
Installing file "modloader\prioridade 70\mapa\interiores\nova era games\exterior\vgnlowbild.txd"
Installing file "modloader\prioridade 70\mapa\interiores\nova era games\interior\cj_sex.txd"
Installing file "modloader\prioridade 70\mapa\interiores\nova era games\interior\genintintsex.txd"
Installing file "modloader\prioridade 70\mapa\interiores\nova era games\interior\sexdetail.txd"
Installing file "modloader\prioridade 70\mapa\interiores\outros\bball1.txd"
Installing file "modloader\prioridade 70\mapa\interiores\outros\carter_block_2.txd"
Installing file "modloader\prioridade 70\mapa\interiores\outros\estate2.txd"
Installing file "modloader\prioridade 70\mapa\interiores\outros\gb_bedroomclths01.txd"
Installing file "modloader\prioridade 70\mapa\interiores\outros\gb_kitchtake.txd"
Installing file "modloader\prioridade 70\mapa\interiores\outros\gb_takeaway01.txd"
Installing file "modloader\prioridade 70\mapa\interiores\outros\nu_filing.txd"
Installing file "modloader\prioridade 70\mapa\interiores\outros\vghotelnice.txd"
Installing file "modloader\prioridade 70\mapa\interiores\para editar\bar\cj_bar2.txd"
Installing file "modloader\prioridade 70\mapa\interiores\para editar\pick_up.txd"
Installing file "modloader\prioridade 70\mapa\interiores\quadros\dr_gsbits.txd"
Installing file "modloader\prioridade 70\mapa\interiores\quadros\gb_ornaments01.txd"
Installing file "modloader\prioridade 70\mapa\interiores\quadros\mp3.txd"
Installing file "modloader\prioridade 70\mapa\interiores\quadros\picture_frame.txd"
Uninstalling file "modloader\prioridade 5\cj house interior\picture_frame.txd"
Installing file "modloader\prioridade 70\mapa\interiores\quadros\picture_frame_clip.txd"
Installing file "modloader\prioridade 70\mapa\interiores\shopping\civic02cj.txd"
Installing file "modloader\prioridade 70\mapa\interiores\tattoo shop\int_tatoo.txd"
Installing file "modloader\prioridade 70\mapa\interiores\zero rc\rc_shop_acc.txd"
Installing file "modloader\prioridade 70\mapa\interiores\zero rc\rc_shop_figure.txd"
Installing file "modloader\prioridade 70\mapa\interiores\zero rc\rc_shop_hanger.txd"
Installing file "modloader\prioridade 70\mapa\interiores\zero rc\rc_shop_toy.txd"
Installing file "modloader\prioridade 70\mapa\interiores\zero rc\rc_shop_trains.txd"
Installing file "modloader\prioridade 70\mapa\super mario world\models\cj_coin_op.txd"
Installing file "modloader\prioridade 70\mapa\super mario world\models\txd\ld_grav.txd"
Installing file "modloader\prioridade 70\pichacoes\tags_larifa.txd"
Installing file "modloader\prioridade 70\pichacoes\tags_laseville.txd"
Installing file "modloader\prioridade 70\pichacoes\tags_lavagos.txd"
Installing file "modloader\prioridade 70\roupas\barba\goatee.txd"
Installing file "modloader\prioridade 70\roupas\bombeiro chapeu\bikerhelmet.dff"
Installing file "modloader\prioridade 70\roupas\bombeiro chapeu\bikerhelmet.txd"
Installing file "modloader\prioridade 70\roupas\bombeiro chapeu\pimpbombeiro.dff"
Installing file "modloader\prioridade 70\roupas\bombeiro chapeu\pimpbombeiro.txd"
Installing file "modloader\prioridade 70\roupas\bully medico\medic.txd"
Installing file "modloader\prioridade 70\roupas\bully medico\medictr.txd"
Installing file "modloader\prioridade 70\roupas\cabelo loiro\elvishair.dff"
Installing file "modloader\prioridade 70\roupas\cabelo loiro\elvishair.txd"
Installing file "modloader\prioridade 70\roupas\chapolin\bask2heatwht.txd"
Installing file "modloader\prioridade 70\roupas\chapolin\hairred.txd"
Installing file "modloader\prioridade 70\roupas\chapolin\shortsgang.txd"
Installing file "modloader\prioridade 70\roupas\chapolin\trackytop1pro.txd"
Installing file "modloader\prioridade 70\roupas\cluckin bell\boxingcap.dff"
Installing file "modloader\prioridade 70\roupas\cluckin bell\boxingcap.txd"
Installing file "modloader\prioridade 70\roupas\cluckin bell\tracktrgang.txd"
Installing file "modloader\prioridade 70\roupas\cluckin bell\tshirtbobomonk.txd"
Installing file "modloader\prioridade 70\roupas\fresh prince\capblueside.txd"
Installing file "modloader\prioridade 70\roupas\fresh prince\shortsgrey.txd"
Installing file "modloader\prioridade 70\roupas\fresh prince\tshirtheatwht.txd"
Installing file "modloader\prioridade 70\roupas\funk\cap.dff"
Installing file "modloader\prioridade 70\roupas\funk\capblk.txd"
Installing file "modloader\prioridade 70\roupas\funk\capblue.txd"
Installing file "modloader\prioridade 70\roupas\funk\capgang.txd"
Installing file "modloader\prioridade 70\roupas\funk\capred.txd"
Installing file "modloader\prioridade 70\roupas\funk\capzip.txd"
Installing file "modloader\prioridade 70\roupas\funk\glasses03.dff"
Installing file "modloader\prioridade 70\roupas\funk\glasses03.txd"
Installing file "modloader\prioridade 70\roupas\funk\glasses03blue.txd"
Installing file "modloader\prioridade 70\roupas\funk\glasses03dark.txd"
Installing file "modloader\prioridade 70\roupas\funk\glasses03red.txd"
Installing file "modloader\prioridade 70\roupas\hair\afro.txd"
Installing file "modloader\prioridade 70\roupas\hair\afrotash.txd"
Installing file "modloader\prioridade 70\roupas\hair\flattop.txd"
Installing file "modloader\prioridade 70\roupas\hair\hairpink.txd"
Installing file "modloader\prioridade 70\roupas\hats\balaclava.txd"
Installing file "modloader\prioridade 70\roupas\hats\bandgang.txd"
Installing file "modloader\prioridade 70\roupas\hats\bandred2.txd"
Installing file "modloader\prioridade 70\roupas\hats\capblueover.txd"
Installing file "modloader\prioridade 70\roupas\hats\captruck.dff"
Installing file "modloader\prioridade 70\roupas\hats\captruck.txd"
Installing file "modloader\prioridade 70\roupas\hats\hatmancplaid.txd"
Installing file "modloader\prioridade 70\roupas\julius\bald.txd"
Installing file "modloader\prioridade 70\roupas\julius\garagetop.txd"
Installing file "modloader\prioridade 70\roupas\legs\bbshortred.txd"
Installing file "modloader\prioridade 70\roupas\legs\boxshort.txd"
Installing file "modloader\prioridade 70\roupas\memes\beard.txd"
Installing file "modloader\prioridade 70\roupas\memes\cutoffdenims.txd"
Installing file "modloader\prioridade 70\roupas\memes\jhericurl.txd"
Installing file "modloader\prioridade 70\roupas\memes\tshirterisorn.txd"
Installing file "modloader\prioridade 70\roupas\memes\tshirterisyell.txd"
Installing file "modloader\prioridade 70\roupas\orange 12\chinosblack.txd"
Installing file "modloader\prioridade 70\roupas\orange 12\hoodyagreen.txd"
Installing file "modloader\prioridade 70\roupas\outros\groucho.txd"
Installing file "modloader\prioridade 70\roupas\outros\grouchos.dff"
Installing file "modloader\prioridade 70\roupas\outros\hockey.txd"
Installing file "modloader\prioridade 70\roupas\outros\hockeymask.dff"
Installing file "modloader\prioridade 70\roupas\pink cj\cowboyboot2.txd"
Installing file "modloader\prioridade 70\roupas\pink cj\gimp.txd"
Installing file "modloader\prioridade 70\roupas\pink cj\gimpleg.txd"
Installing file "modloader\prioridade 70\roupas\pink cj\gimpmask.txd"
Installing file "modloader\prioridade 70\roupas\pink cj\gimpshoe.txd"
Installing file "modloader\prioridade 70\roupas\pink cj\shellsuit.txd"
Installing file "modloader\prioridade 70\roupas\pink cj\shellsuittr.txd"
Installing file "modloader\prioridade 70\roupas\pink cj\zorro.txd"
Installing file "modloader\prioridade 70\roupas\shoes\sandal.txd"
Installing file "modloader\prioridade 70\roupas\torso\baskballdrib.txd"
Installing file "modloader\prioridade 70\roupas\torso\hawaiiwht.txd"
Installing file "modloader\prioridade 70\roupas\torso\sportjack.txd"
Installing file "modloader\prioridade 70\roupas\torso\tshirtbase5.txd"
Installing file "modloader\prioridade 70\roupas\torso\tshirtblunts.txd"
Installing file "modloader\prioridade 70\roupas\torso\tshirtilovels.txd"
Installing file "modloader\prioridade 70\roupas\torso\tshirtlocgrey.txd"
Installing file "modloader\prioridade 70\roupas\torso\vestblack.txd"
Installing file "modloader\prioridade 70\skins\antigas\bbthin.dff"
Installing file "modloader\prioridade 70\skins\antigas\bbthin.txd"
Installing file "modloader\prioridade 70\skins\antigas\cwmyhb2.dff"
Installing file "modloader\prioridade 70\skins\antigas\cwmyhb2.txd"
Installing file "modloader\prioridade 70\skins\antigas\pulaski.dff"
Uninstalling file "modloader\rosa project evolved\rosa project evolved -  exterior\files\rosa-dff\gta3\pulaski.dff"
Installing file "modloader\prioridade 70\skins\antigas\pulaski.txd"
Installing file "modloader\prioridade 70\skins\antigas\ryder.dff"
Installing file "modloader\prioridade 70\skins\antigas\ryder.txd"
Installing file "modloader\prioridade 70\skins\antigas\ryder2.dff"
Uninstalling file "modloader\rosa project evolved\rosa project evolved -  exterior\files\rosa-dff\gta3\ryder2.dff"
Installing file "modloader\prioridade 70\skins\antigas\ryder2.txd"
Installing file "modloader\prioridade 70\skins\antigas\ryder3.dff"
Uninstalling file "modloader\rosa project evolved\rosa project evolved -  exterior\files\rosa-dff\gta3\ryder3.dff"
Installing file "modloader\prioridade 70\skins\antigas\ryder3.txd"
Installing file "modloader\prioridade 70\skins\antigas\smoke.dff"
Installing file "modloader\prioridade 70\skins\antigas\smoke.txd"
Installing file "modloader\prioridade 70\skins\antigas\smokev.dff"
Installing file "modloader\prioridade 70\skins\antigas\smokev.txd"
Installing file "modloader\prioridade 70\skins\antigas\sweet.dff"
Uninstalling file "modloader\rosa project evolved\rosa project evolved -  exterior\files\rosa-dff\gta3\sweet.dff"
Installing file "modloader\prioridade 70\skins\antigas\sweet.txd"
Installing file "modloader\prioridade 70\skins\antigas\torino.dff"
Installing file "modloader\prioridade 70\skins\antigas\torino.txd"
Installing file "modloader\prioridade 70\skins\antigas\wmyva2.dff"
Installing file "modloader\prioridade 70\skins\antigas\wmyva2.txd"
Installing file "modloader\prioridade 70\skins\correio\hmogar.txd"
Installing file "modloader\prioridade 70\skins\correio\wmysgrd.txd"
Installing file "modloader\prioridade 70\skins\funkeiros\hermes.dff"
Uninstalling file "modloader\prioridade 60\veículos\veh br\hermes.dff"
Installing file "modloader\prioridade 70\skins\funkeiros\hermes.txd"
Uninstalling file "modloader\prioridade 60\veículos\veh br\hermes.txd"
Installing file "modloader\prioridade 70\skins\funkeiros\lsv1.dff"
Installing file "modloader\prioridade 70\skins\funkeiros\lsv1.txd"
Installing file "modloader\prioridade 70\skins\funkeiros\lsv2.dff"
Installing file "modloader\prioridade 70\skins\funkeiros\lsv2.txd"
Installing file "modloader\prioridade 70\skins\funkeiros\lsv3.dff"
Installing file "modloader\prioridade 70\skins\funkeiros\lsv3.txd"
Installing file "modloader\prioridade 70\skins\funkeiros\manana.dff"
Uninstalling file "modloader\prioridade 40\carros originais imvehft\models\gta3img\dffs\manana.dff"
Installing file "modloader\prioridade 70\skins\funkeiros\manana.txd"
Uninstalling file "modloader\prioridade 40\carros originais imvehft\models\gta3img\txds\manana.txd"
Installing file "modloader\prioridade 70\skins\funkeiros\oceanic.dff"
Uninstalling file "modloader\prioridade 40\carros originais imvehft\models\gta3img\dffs\oceanic.dff"
Installing file "modloader\prioridade 70\skins\funkeiros\oceanic.txd"
Uninstalling file "modloader\prioridade 40\carros originais imvehft\models\gta3img\txds\oceanic.txd"
Installing file "modloader\prioridade 70\skins\funkeiros\yosemite.dff"
Uninstalling file "modloader\prioridade 40\carros originais imvehft\models\gta3img\dffs\yosemite.dff"
Installing file "modloader\prioridade 70\skins\funkeiros\yosemite.txd"
Uninstalling file "modloader\prioridade 40\carros originais imvehft\models\gta3img\txds\yosemite.txd"
Installing file "modloader\prioridade 70\skins\gays\sfr1.txd"
Installing file "modloader\prioridade 70\skins\gays\sfr2.txd"
Installing file "modloader\prioridade 70\skins\gays\sfr3.txd"
Installing file "modloader\prioridade 70\skins\proerd\bmydrug.dff"
Installing file "modloader\prioridade 70\skins\proerd\bmydrug.txd"
Installing file "modloader\prioridade 70\skins\roupa pizza\wfyclot.dff"
Installing file "modloader\prioridade 70\skins\roupa pizza\wfyclot.txd"
Installing file "modloader\prioridade 70\sons\genrl\bank_137\sound_76.wav"
Installing file "modloader\prioridade 70\veiculos\caminhao de lixo\trash.dff"
Uninstalling file "modloader\prioridade 40\carros originais imvehft\models\gta3img\dffs\trash.dff"
Installing file "modloader\prioridade 70\veiculos\caminhao de lixo\trash.txd"
Uninstalling file "modloader\prioridade 40\carros originais imvehft\models\gta3img\txds\trash.txd"
Installing file "modloader\prioridade 70\veiculos\carro policia rosa\copcarla.dff"
Uninstalling file "modloader\prioridade 40\carros originais imvehft\models\gta3img\dffs\copcarla.dff"
Installing file "modloader\prioridade 70\veiculos\carro policia rosa\copcarla.txd"
Uninstalling file "modloader\prioridade 40\carros originais imvehft\models\gta3img\txds\copcarla.txd"
Installing file "modloader\prioridade 70\veiculos\onibus valinhos\bus.dff"
Uninstalling file "modloader\prioridade 40\carros originais imvehft\models\gta3img\dffs\bus.dff"
Installing file "modloader\prioridade 70\veiculos\onibus valinhos\bus.txd"
Uninstalling file "modloader\prioridade 40\carros originais imvehft\models\gta3img\txds\bus.txd"
Installing file "modloader\prioridade 70\veiculos\onibus valinhos\coach.dff"
Uninstalling file "modloader\prioridade 60\veículos\veh br\coach.dff"
Installing file "modloader\prioridade 70\veiculos\onibus valinhos\coach.txd"
Uninstalling file "modloader\prioridade 60\veículos\veh br\coach.txd"
Updating state for "modloader\prioridade 80\"...
Installing file "modloader\prioridade 80\body stats fix\cleo\body stat fix in interiors (cleoude).cs"
Installing file "modloader\prioridade 80\breakable vending machines\(hd textures)\breakable vending machines\cj_vend_manhunt.txd"
Installing file "modloader\prioridade 80\breakable vending machines\breakable vending machines.col"
Installing file "modloader\prioridade 80\breakable vending machines\breakable vending machines.ide"
Installing file "modloader\prioridade 80\breakable vending machines\cj_ext_sprunk.dff"
Installing file "modloader\prioridade 80\breakable vending machines\cj_ext_sprunk_dam.dff"
Installing file "modloader\prioridade 80\breakable vending machines\cj_sprunk1.dff"
Installing file "modloader\prioridade 80\breakable vending machines\cj_sprunk1_dam.dff"
Installing file "modloader\prioridade 80\breakable vending machines\cj_vend_manh_ext.txd"
Installing file "modloader\prioridade 80\breakable vending machines\cj_vend_manhunt.txd"
Uninstalling file "modloader\prioridade 80\breakable vending machines\(hd textures)\breakable vending machines\cj_vend_manhunt.txd"
Installing file "modloader\prioridade 80\breakable vending machines\cleo\breakable vending machines (junior_djjr).cs"
Installing file "modloader\prioridade 80\breakable vending machines\loader.txt"
Installing file "modloader\prioridade 80\cj grita em quedas com o carro\cleo\caraireact.cs"
Installing file "modloader\prioridade 80\crazy train\cleo\crazytrain.cs"
Installing file "modloader\prioridade 80\enterable hidden interiors\cleo\ehi enex tweaks (junior_djjr).cs"
Installing file "modloader\prioridade 80\enterable hidden interiors\cleo\ehi.cs"
Installing file "modloader\prioridade 80\enterable hidden interiors\data\gta dat.txt"
Installing file "modloader\prioridade 80\enterable hidden interiors\data\maps\ehi\ehi.ipl"
Installing file "modloader\prioridade 80\enterable hidden interiors\map files replace\leveldes\levelmap.ide"
Installing file "modloader\prioridade 80\enterable hidden interiors\models\gta3.img\a51_detailstuff.txd"
Installing file "modloader\prioridade 80\enterable hidden interiors\models\gta3.img\cj_custom_bar.dff"
Installing file "modloader\prioridade 80\enterable hidden interiors\models\gta3.img\countn2_5.col"
Installing file "modloader\prioridade 80\enterable hidden interiors\models\gta3.img\countrye_13.col"
Installing file "modloader\prioridade 80\enterable hidden interiors\models\gta3.img\des_a51infenc.dff"
Installing file "modloader\prioridade 80\enterable hidden interiors\models\gta3.img\lan2_1.col"
Installing file "modloader\prioridade 80\enterable hidden interiors\models\gta3.img\lan2office.txd"
Installing file "modloader\prioridade 80\enterable hidden interiors\models\gta3.img\laxref.col"
Installing file "modloader\prioridade 80\enterable hidden interiors\models\gta3.img\levelmap_1.col"
Installing file "modloader\prioridade 80\enterable hidden interiors\models\gta3.img\sfse_12.col"
Installing file "modloader\prioridade 80\enterable hidden interiors\models\gta3.img\skyscrapn203_gls.dff"
Installing file "modloader\prioridade 80\enterable hidden interiors\models\gta3.img\sw_gas01.dff"
Installing file "modloader\prioridade 80\enterable hidden interiors\models\gta3.img\vgnvrock.txd"
Installing file "modloader\prioridade 80\enterable hidden interiors\models\gta_int.img\ab_mafsuitedoor.dff"
Installing file "modloader\prioridade 80\enterable hidden interiors\models\gta_int.img\gen_int3_1.col"
Uninstalling file "modloader\tuning mod\gta_intimg\gen_int3_1.col"
Installing file "modloader\prioridade 80\enterable hidden interiors\models\gta_int.img\gen_int4_1.col"
Installing file "modloader\prioridade 80\enterable hidden interiors\models\gta_int.img\gen_int5_1.col"
Installing file "modloader\prioridade 80\enterable hidden interiors\models\gta_int.img\gen_int5_2.col"
Installing file "modloader\prioridade 80\enterable hidden interiors\models\gta_int.img\gen_intb_2.col"
Installing file "modloader\prioridade 80\enterable hidden interiors\models\gta_int.img\int_cont_1.col"
Installing file "modloader\prioridade 80\enterable hidden interiors\models\gta_int.img\int_la_2.col"
Installing file "modloader\prioridade 80\enterable hidden interiors\models\gta_int.img\int_la_4.col"
Installing file "modloader\prioridade 80\enterable hidden interiors\models\gta_int.img\int_veg_1.col"
Installing file "modloader\prioridade 80\enterable hidden interiors\models\gta_int.img\props.col"
Installing file "modloader\prioridade 80\enterable hidden interiors\models\gta_int.img\props2.col"
Installing file "modloader\prioridade 80\enterable hidden interiors\simplelimitadjuster_enex.asi"
Installing file "modloader\prioridade 80\gps camera\cameragps.asi"
Installing file "modloader\prioridade 80\improved jetpack control\cleo\improved jetpack control (junior_djjr).cs"
Installing file "modloader\prioridade 80\mod insetos\cleo\insects (junior_djjr).cs"
Installing file "modloader\prioridade 80\new algorithm for trains\bltlm.dff"
Installing file "modloader\prioridade 80\new algorithm for trains\cleo\algorithm5.cs"
Installing file "modloader\prioridade 80\new algorithm for trains\cleo\undersized_lights.cs"
Installing file "modloader\prioridade 80\new algorithm for trains\colltl.col"
Installing file "modloader\prioridade 80\new algorithm for trains\grtlm.dff"
Installing file "modloader\prioridade 80\new algorithm for trains\loader.txt"
Installing file "modloader\prioridade 80\new algorithm for trains\rdtlm.dff"
Installing file "modloader\prioridade 80\new algorithm for trains\tllgs.ide"
Installing file "modloader\prioridade 80\new algorithm for trains\tltxsm.txd"
Installing file "modloader\prioridade 80\new algorithm for trains\whtlm.dff"
Installing file "modloader\prioridade 80\new algorithm for trains\yltlm.dff"
Installing file "modloader\prioridade 80\ped fire fix\cleo\ped fire fix (junior_djjr).cs"
Installing file "modloader\prioridade 80\random car talk\cleo\random car talk (junior_djjr).cs"
Installing file "modloader\prioridade 80\real traffic fix\realtrafficfix.sa.asi"
Installing file "modloader\prioridade 80\show date\cleo\show_date.cs"
Installing file "modloader\prioridade 80\throw rotate fix\cleo\throw rotate fix (junior_djjr).cs"
Installing file "modloader\prioridade 80\tutorial free roam\cleo\tutorial free roam.cs"
Installing file "modloader\prioridade 80\unpause zone name\cleo\unpause zone name (junior_djjr).cs"
Installing file "modloader\prioridade 80\vehfuncs\gsx.asi"
Installing file "modloader\prioridade 80\vehfuncs\vehfuncs.asi"
Installing file "modloader\prioridade 80\weather forecast\cleo\weather forecast (junior_djjr).cs"
Installing file "modloader\prioridade 80\weather forecast\models\txd\weafore.txd"
Installing file "modloader\prioridade 80\weather forecast\tutorial.txt"
Updating state for "modloader\prioridade 90\"...
Installing file "modloader\prioridade 90\attach vehicle\cleo\attach vehicle (junior_djjr).cs"
Installing file "modloader\prioridade 90\attach vehicle\cleo\cleo_text\attach vehicle.fxt"
Installing file "modloader\prioridade 90\attach vehicle\tecla 2.txt"
Installing file "modloader\prioridade 90\collectibles on radar\collectiblesonradar.sa.asi"
Installing file "modloader\prioridade 90\collectibles on radar\desativa com f12.txt"
Installing file "modloader\prioridade 90\horn call homies\cleo\horn call homies.cs"
Installing file "modloader\prioridade 90\horn call homies\cleo\horn call homies.txt"
Installing file "modloader\prioridade 90\improved jetpack control\cleo\improved jetpack control (junior_djjr).cs"
Uninstalling file "modloader\prioridade 80\improved jetpack control\cleo\improved jetpack control (junior_djjr).cs"
Installing file "modloader\prioridade 90\manual driveby remake\cleo\sa.manualdrivebyremake.cs"
Installing file "modloader\prioridade 90\manual driveby remake\drivebys.ifp"
Installing file "modloader\prioridade 90\parked car maker\cleo\car maker parked ( um geek ).cs"
Installing file "modloader\prioridade 90\parked car maker\leiame.txt"
Installing file "modloader\prioridade 90\parking save garages\cleo\grgx_park.cs"
Installing file "modloader\prioridade 90\parking save garages\data\loader.txt"
Installing file "modloader\prioridade 90\parking save garages\data\maps\grgx_park\grgx_carpark.col"
Installing file "modloader\prioridade 90\parking save garages\data\maps\grgx_park\grgx_park.ide"
Installing file "modloader\prioridade 90\parking save garages\data\maps\grgx_park\grgx_park.ipl"
Installing file "modloader\prioridade 90\parking save garages\grgx.asi"
Installing file "modloader\prioridade 90\parking save garages\gta3img\grgx_carpark.dff"
Installing file "modloader\prioridade 90\parking save garages\gta3img\grgx_carpark.txd"
Installing file "modloader\prioridade 90\parking save garages\leiame.txt"
Installing file "modloader\prioridade 90\recruit any ped\cleo\recruit any ped.cs"
Installing file "modloader\prioridade 90\recruit more members\cleo\recruit more members.cs"
Installing file "modloader\prioridade 90\sf tags\loader.txt"
Installing file "modloader\prioridade 90\sf tags\sf_tags.ipl"
Installing file "modloader\prioridade 90\vending machines remastered\cj_candyvendor.dff"
Installing file "modloader\prioridade 90\vending machines remastered\cj_commercial.txd"
Uninstalling file "modloader\prioridade 70\mapa\interiores\comidas\guaraná\cj_commercial.txd"
Installing file "modloader\prioridade 90\vending machines remastered\cj_ext_candy.dff"
Installing file "modloader\prioridade 90\vending machines remastered\cj_ext_sprunk.dff"
Uninstalling file "modloader\prioridade 80\breakable vending machines\cj_ext_sprunk.dff"
Installing file "modloader\prioridade 90\vending machines remastered\cj_ext_vend old.txd"
Installing file "modloader\prioridade 90\vending machines remastered\cj_ext_vend.txd"
Uninstalling file "modloader\prioridade 70\mapa\cidade\cj_ext_vend.txd"
Installing file "modloader\prioridade 90\vending machines remastered\cj_ext_vend2.txd"
Uninstalling file "modloader\prioridade 70\mapa\cidade\cj_ext_vend2.txd"
Installing file "modloader\prioridade 90\vending machines remastered\cj_juice_can.dff"
Installing file "modloader\prioridade 90\vending machines remastered\cj_sprunk1.dff"
Uninstalling file "modloader\prioridade 80\breakable vending machines\cj_sprunk1.dff"
Installing file "modloader\prioridade 90\vending machines remastered\juice old.txd"
Installing file "modloader\prioridade 90\vending machines remastered\juice.txd"
Installing file "modloader\prioridade 90\vending machines remastered\props2.col"
Uninstalling file "modloader\prioridade 80\enterable hidden interiors\models\gta_int.img\props2.col"
Installing file "modloader\prioridade 90\vending machines remastered\vend.txd"
Uninstalling file "modloader\prioridade 70\mapa\cidade\vend.txd"
Installing file "modloader\prioridade 90\vending machines remastered\vendmach.dff"
Installing file "modloader\prioridade 90\vending machines remastered\vendmachfd.dff"
Updating state for "modloader\proper fixes\"...
Installing file "modloader\proper fixes\additional models\loader.txt"
Installing file "modloader\proper fixes\additional models\properfixes.ide"
Installing file "modloader\proper fixes\additional models\properfixes.ipl"
Installing file "modloader\proper fixes\additional models\stream\properfixes.col"
Installing file "modloader\proper fixes\additional textures\loader.txt"
Installing file "modloader\proper fixes\additional textures\lodproperf_country.txd"
Installing file "modloader\proper fixes\additional textures\lodproperf_la.txd"
Installing file "modloader\proper fixes\additional textures\lodproperf_sf.txd"
Installing file "modloader\proper fixes\additional textures\lodproperf_vegas.txd"
Installing file "modloader\proper fixes\additional textures\neontex.txd"
Installing file "modloader\proper fixes\additional textures\pf_nitelites.txd"
Installing file "modloader\proper fixes\additional textures\properf_country.txd"
Installing file "modloader\proper fixes\additional textures\properf_cutscene.txd"
Installing file "modloader\proper fixes\additional textures\properf_dynamic.txd"
Installing file "modloader\proper fixes\additional textures\properf_int.txd"
Installing file "modloader\proper fixes\additional textures\properf_la.txd"
Installing file "modloader\proper fixes\additional textures\properf_peds.txd"
Installing file "modloader\proper fixes\additional textures\properf_sf.txd"
Installing file "modloader\proper fixes\additional textures\properf_vegas.txd"
Installing file "modloader\proper fixes\additional textures\properfixestxdp.ide"
Installing file "modloader\proper fixes\cuts.img"
Installing file "modloader\proper fixes\cutscene.img"
Uninstalling file "modloader\rosa project evolved\rosa project evolved - cutscene\files\models\cutscene.img"
Installing file "modloader\proper fixes\gta3.img"
Uninstalling file "modloader\rosa project evolved\rosa project evolved -  exterior\files\models\gta3.img"
Installing file "modloader\proper fixes\gta_int.img"
Uninstalling file "modloader\rosa project evolved\rosa project evolved - interior\files\models\gta_int.img"
Installing file "modloader\proper fixes\lod vegetation\loader.txt"
Installing file "modloader\proper fixes\lod vegetation\lodvegetation.col"
Installing file "modloader\proper fixes\lod vegetation\lodvegetation.ide"
Installing file "modloader\proper fixes\lod vegetation\lodvegetation.txd"
Installing file "modloader\proper fixes\lod vegetation\original replace\lod_redwoodgrp.dff"
Installing file "modloader\proper fixes\lod vegetation\original replace\lod_vbg_fir_co.dff"
Installing file "modloader\proper fixes\map\data\maps\country\countn2.ide"
Installing file "modloader\proper fixes\map\data\maps\country\countn2.ipl"
Installing file "modloader\proper fixes\map\data\maps\country\countrye.ide"
Installing file "modloader\proper fixes\map\data\maps\country\countrye.ipl"
Installing file "modloader\proper fixes\map\data\maps\country\countryn.ide"
Installing file "modloader\proper fixes\map\data\maps\country\countryn.ipl"
Installing file "modloader\proper fixes\map\data\maps\country\countrys.ide"
Installing file "modloader\proper fixes\map\data\maps\country\countrys.ipl"
Installing file "modloader\proper fixes\map\data\maps\country\countryw.ide"
Installing file "modloader\proper fixes\map\data\maps\country\countryw.ipl"
Installing file "modloader\proper fixes\map\data\maps\country\counxref.ide"
Installing file "modloader\proper fixes\map\data\maps\cull.ipl"
Installing file "modloader\proper fixes\map\data\maps\generic\barriers.ide"
Installing file "modloader\proper fixes\map\data\maps\generic\dynamic.ide"
Installing file "modloader\proper fixes\map\data\maps\generic\dynamic2.ide"
Installing file "modloader\proper fixes\map\data\maps\generic\multiobj.ide"
Installing file "modloader\proper fixes\map\data\maps\generic\procobj.ide"
Installing file "modloader\proper fixes\map\data\maps\generic\vegepart.ide"
Installing file "modloader\proper fixes\map\data\maps\interior\gen_int1.ipl"
Installing file "modloader\proper fixes\map\data\maps\interior\gen_int3.ide"
Installing file "modloader\proper fixes\map\data\maps\interior\gen_int5.ide"
Installing file "modloader\proper fixes\map\data\maps\interior\gen_intb.ide"
Installing file "modloader\proper fixes\map\data\maps\interior\int_la.ide"
Installing file "modloader\proper fixes\map\data\maps\interior\int_la.ipl"
Installing file "modloader\proper fixes\map\data\maps\interior\int_sf.ide"
Installing file "modloader\proper fixes\map\data\maps\interior\int_sf.ipl"
Installing file "modloader\proper fixes\map\data\maps\interior\int_veg.ide"
Installing file "modloader\proper fixes\map\data\maps\interior\int_veg.ipl"
Installing file "modloader\proper fixes\map\data\maps\interior\propext.ide"
Installing file "modloader\proper fixes\map\data\maps\interior\props.ide"
Installing file "modloader\proper fixes\map\data\maps\interior\props2.ide"
Installing file "modloader\proper fixes\map\data\maps\interior\stadint.ide"
Installing file "modloader\proper fixes\map\data\maps\interior\stadint.ipl"
Installing file "modloader\proper fixes\map\data\maps\la\lae.ide"
Installing file "modloader\proper fixes\map\data\maps\la\lae.ipl"
Installing file "modloader\proper fixes\map\data\maps\la\lae2.ide"
Installing file "modloader\proper fixes\map\data\maps\la\lae2.ipl"
Installing file "modloader\proper fixes\map\data\maps\la\lahills.ide"
Installing file "modloader\proper fixes\map\data\maps\la\lahills.ipl"
Installing file "modloader\proper fixes\map\data\maps\la\lan.ide"
Installing file "modloader\proper fixes\map\data\maps\la\lan.ipl"
Installing file "modloader\proper fixes\map\data\maps\la\lan2.ide"
Installing file "modloader\proper fixes\map\data\maps\la\lan2.ipl"
Installing file "modloader\proper fixes\map\data\maps\la\las.ide"
Installing file "modloader\proper fixes\map\data\maps\la\las.ipl"
Installing file "modloader\proper fixes\map\data\maps\la\las2.ide"
Installing file "modloader\proper fixes\map\data\maps\la\las2.ipl"
Installing file "modloader\proper fixes\map\data\maps\la\law.ide"
Installing file "modloader\proper fixes\map\data\maps\la\law.ipl"
Installing file "modloader\proper fixes\map\data\maps\la\law2.ide"
Installing file "modloader\proper fixes\map\data\maps\la\law2.ipl"
Installing file "modloader\proper fixes\map\data\maps\la\lawn.ide"
Installing file "modloader\proper fixes\map\data\maps\la\lawn.ipl"
Installing file "modloader\proper fixes\map\data\maps\la\laxref.ide"
Installing file "modloader\proper fixes\map\data\maps\leveldes\levelmap.ide"
Installing file "modloader\proper fixes\map\data\maps\leveldes\levelmap.ipl"
Installing file "modloader\proper fixes\map\data\maps\leveldes\levelxre.ide"
Installing file "modloader\proper fixes\map\data\maps\occluint.ipl"
Installing file "modloader\proper fixes\map\data\maps\occlula.ipl"
Installing file "modloader\proper fixes\map\data\maps\occlusf.ipl"
Installing file "modloader\proper fixes\map\data\maps\occluveg.ipl"
Installing file "modloader\proper fixes\map\data\maps\sf\sfe.ide"
Installing file "modloader\proper fixes\map\data\maps\sf\sfe.ipl"
Installing file "modloader\proper fixes\map\data\maps\sf\sfn.ide"
Installing file "modloader\proper fixes\map\data\maps\sf\sfn.ipl"
Installing file "modloader\proper fixes\map\data\maps\sf\sfs.ide"
Installing file "modloader\proper fixes\map\data\maps\sf\sfs.ipl"
Installing file "modloader\proper fixes\map\data\maps\sf\sfse.ide"
Installing file "modloader\proper fixes\map\data\maps\sf\sfse.ipl"
Installing file "modloader\proper fixes\map\data\maps\sf\sfw.ide"
Installing file "modloader\proper fixes\map\data\maps\sf\sfw.ipl"
Installing file "modloader\proper fixes\map\data\maps\sf\sfxref.ide"
Installing file "modloader\proper fixes\map\data\maps\vegas\vegase.ide"
Installing file "modloader\proper fixes\map\data\maps\vegas\vegase.ipl"
Installing file "modloader\proper fixes\map\data\maps\vegas\vegasn.ide"
Installing file "modloader\proper fixes\map\data\maps\vegas\vegasn.ipl"
Installing file "modloader\proper fixes\map\data\maps\vegas\vegass.ide"
Installing file "modloader\proper fixes\map\data\maps\vegas\vegass.ipl"
Installing file "modloader\proper fixes\map\data\maps\vegas\vegasw.ide"
Installing file "modloader\proper fixes\map\data\maps\vegas\vegasw.ipl"
Installing file "modloader\proper fixes\map\data\maps\vegas\vegaxref.ide"
Installing file "modloader\proper fixes\map\data\maps\vegas\vegaxref.ipl"
Installing file "modloader\proper fixes\misc\data\furnitur.dat"
Installing file "modloader\proper fixes\misc\data\plants.dat"
Installing file "modloader\proper fixes\misc\data\procobj.dat"
Installing file "modloader\proper fixes\misc\data\water.dat"
Installing file "modloader\proper fixes\properfixes.asi"
Installing file "modloader\proper fixes\ps2 grass\models\grass\grass0_1.dff"
Installing file "modloader\proper fixes\ps2 grass\models\grass\grass0_2.dff"
Installing file "modloader\proper fixes\ps2 grass\models\grass\grass0_3.dff"
Installing file "modloader\proper fixes\ps2 grass\models\grass\grass0_4.dff"
Installing file "modloader\proper fixes\ps2 grass\models\grass\grass1_1.dff"
Installing file "modloader\proper fixes\ps2 grass\models\grass\grass1_2.dff"
Installing file "modloader\proper fixes\ps2 grass\models\grass\grass1_3.dff"
Installing file "modloader\proper fixes\ps2 grass\models\grass\grass1_4.dff"
Installing file "modloader\proper fixes\ps2 grass\models\grass\grass2_1.dff"
Installing file "modloader\proper fixes\ps2 grass\models\grass\grass2_2.dff"
Installing file "modloader\proper fixes\ps2 grass\models\grass\grass2_3.dff"
Installing file "modloader\proper fixes\ps2 grass\models\grass\grass2_4.dff"
Installing file "modloader\proper fixes\ps2 grass\models\grass\grass3_1.dff"
Installing file "modloader\proper fixes\ps2 grass\models\grass\grass3_2.dff"
Installing file "modloader\proper fixes\ps2 grass\models\grass\grass3_3.dff"
Installing file "modloader\proper fixes\ps2 grass\models\grass\grass3_4.dff"
Installing file "modloader\proper fixes\ps2 grass\models\grass\plant1.dff"
Installing file "modloader\proper fixes\race maps\models\txd\ld_rce1.txd"
Installing file "modloader\proper fixes\race maps\models\txd\ld_rce2.txd"
Installing file "modloader\proper fixes\race maps\models\txd\ld_rce3.txd"
Installing file "modloader\proper fixes\race maps\models\txd\ld_rce4.txd"
Installing file "modloader\proper fixes\race maps\models\txd\ld_rce5.txd"
Installing file "modloader\proper fixes\sa optimized map\gta.dat.txt"
Installing file "modloader\proper fixes\sa optimized map\sa optimized map.ide"
Updating state for "modloader\prioridade 100\"...
Installing file "modloader\prioridade 100\0x858624\aperte b + page down para diminuir.txt"
Installing file "modloader\prioridade 100\0x858624\aperte b + page up para aumentar.txt"
Installing file "modloader\prioridade 100\0x858624\cleo\0x858624.cs"
Installing file "modloader\prioridade 100\boxrain\aperte w+b.txt"
Installing file "modloader\prioridade 100\boxrain\cleo\rain.cs"
Installing file "modloader\prioridade 100\carjump\aperta shift.txt"
Installing file "modloader\prioridade 100\carjump\cleo\vehiclejump.cs"
Installing file "modloader\prioridade 100\change4colors\cleo\change_color.cs"
Installing file "modloader\prioridade 100\change4colors\digite color.txt"
Installing file "modloader\prioridade 100\clipboard cheat\cleo\clipboard cheat.cs"
Installing file "modloader\prioridade 100\clipboard cheat\tutorial.txt"
Installing file "modloader\prioridade 100\custom vinewood text\cleo\custom vinewood text (junior_djjr).cs"
Installing file "modloader\prioridade 100\custom vinewood text\custom vinewood text.col"
Installing file "modloader\prioridade 100\custom vinewood text\custom vinewood text.ide"
Installing file "modloader\prioridade 100\custom vinewood text\dff\cust_vin_text_0.dff"
Installing file "modloader\prioridade 100\custom vinewood text\dff\cust_vin_text_1.dff"
Installing file "modloader\prioridade 100\custom vinewood text\dff\cust_vin_text_2.dff"
Installing file "modloader\prioridade 100\custom vinewood text\dff\cust_vin_text_3.dff"
Installing file "modloader\prioridade 100\custom vinewood text\dff\cust_vin_text_4.dff"
Installing file "modloader\prioridade 100\custom vinewood text\dff\cust_vin_text_5.dff"
Installing file "modloader\prioridade 100\custom vinewood text\dff\cust_vin_text_6.dff"
Installing file "modloader\prioridade 100\custom vinewood text\dff\cust_vin_text_7.dff"
Installing file "modloader\prioridade 100\custom vinewood text\dff\cust_vin_text_8.dff"
Installing file "modloader\prioridade 100\custom vinewood text\dff\cust_vin_text_9.dff"
Installing file "modloader\prioridade 100\custom vinewood text\dff\cust_vin_text_a.dff"
Installing file "modloader\prioridade 100\custom vinewood text\dff\cust_vin_text_b.dff"
Installing file "modloader\prioridade 100\custom vinewood text\dff\cust_vin_text_c.dff"
Installing file "modloader\prioridade 100\custom vinewood text\dff\cust_vin_text_d.dff"
Installing file "modloader\prioridade 100\custom vinewood text\dff\cust_vin_text_e.dff"
Installing file "modloader\prioridade 100\custom vinewood text\dff\cust_vin_text_f.dff"
Installing file "modloader\prioridade 100\custom vinewood text\dff\cust_vin_text_g.dff"
Installing file "modloader\prioridade 100\custom vinewood text\dff\cust_vin_text_h.dff"
Installing file "modloader\prioridade 100\custom vinewood text\dff\cust_vin_text_i.dff"
Installing file "modloader\prioridade 100\custom vinewood text\dff\cust_vin_text_j.dff"
Installing file "modloader\prioridade 100\custom vinewood text\dff\cust_vin_text_k.dff"
Installing file "modloader\prioridade 100\custom vinewood text\dff\cust_vin_text_l.dff"
Installing file "modloader\prioridade 100\custom vinewood text\dff\cust_vin_text_m.dff"
Installing file "modloader\prioridade 100\custom vinewood text\dff\cust_vin_text_n.dff"
Installing file "modloader\prioridade 100\custom vinewood text\dff\cust_vin_text_o.dff"
Installing file "modloader\prioridade 100\custom vinewood text\dff\cust_vin_text_p.dff"
Installing file "modloader\prioridade 100\custom vinewood text\dff\cust_vin_text_q.dff"
Installing file "modloader\prioridade 100\custom vinewood text\dff\cust_vin_text_r.dff"
Installing file "modloader\prioridade 100\custom vinewood text\dff\cust_vin_text_s.dff"
Installing file "modloader\prioridade 100\custom vinewood text\dff\cust_vin_text_t.dff"
Installing file "modloader\prioridade 100\custom vinewood text\dff\cust_vin_text_u.dff"
Installing file "modloader\prioridade 100\custom vinewood text\dff\cust_vin_text_v.dff"
Installing file "modloader\prioridade 100\custom vinewood text\dff\cust_vin_text_w.dff"
Installing file "modloader\prioridade 100\custom vinewood text\dff\cust_vin_text_x.dff"
Installing file "modloader\prioridade 100\custom vinewood text\dff\cust_vin_text_y.dff"
Installing file "modloader\prioridade 100\custom vinewood text\dff\cust_vin_text_z.dff"
Installing file "modloader\prioridade 100\custom vinewood text\loader.txt"
Installing file "modloader\prioridade 100\custom vinewood text\remove original\lahills_4.col"
Installing file "modloader\prioridade 100\custom vinewood text\remove original\lodvinesign1_cunte.dff"
Installing file "modloader\prioridade 100\custom vinewood text\remove original\vinesign1_cunte.dff"
Installing file "modloader\prioridade 100\custom vinewood text\remove original\vinesign1_cunte01.dff"
Installing file "modloader\prioridade 100\dance with f5\cleo\dance.cs"
Installing file "modloader\prioridade 100\dance with f5\cleo\dance.txt"
Installing file "modloader\prioridade 100\ext\style.css"
Installing file "modloader\prioridade 100\graffiti anywhere\cleo\cleo_text\graffiti anywhere.fxt"
Installing file "modloader\prioridade 100\graffiti anywhere\cleo\graffiti anywhere (junior_djjr).cs"
Installing file "modloader\prioridade 100\graffiti anywhere\graffitis\graffiti_1x1_1.dff"
Installing file "modloader\prioridade 100\graffiti anywhere\graffitis\graffiti_2x1_1.dff"
Installing file "modloader\prioridade 100\graffiti anywhere\graffitis\graffiti_2x1_10.dff"
Installing file "modloader\prioridade 100\graffiti anywhere\graffitis\graffiti_2x1_11.dff"
Installing file "modloader\prioridade 100\graffiti anywhere\graffitis\graffiti_2x1_2.dff"
Installing file "modloader\prioridade 100\graffiti anywhere\graffitis\graffiti_2x1_3.dff"
Installing file "modloader\prioridade 100\graffiti anywhere\graffitis\graffiti_2x1_4.dff"
Installing file "modloader\prioridade 100\graffiti anywhere\graffitis\graffiti_2x1_5.dff"
Installing file "modloader\prioridade 100\graffiti anywhere\graffitis\graffiti_2x1_6.dff"
Installing file "modloader\prioridade 100\graffiti anywhere\graffitis\graffiti_2x1_7.dff"
Installing file "modloader\prioridade 100\graffiti anywhere\graffitis\graffiti_2x1_8.dff"
Installing file "modloader\prioridade 100\graffiti anywhere\graffitis\graffiti_2x1_9.dff"
Installing file "modloader\prioridade 100\graffiti anywhere\graffitis\graffiti_4x1_1.dff"
Installing file "modloader\prioridade 100\graffiti anywhere\graffitis\graffiti_anywhere.txd"
Installing file "modloader\prioridade 100\graffiti anywhere\graffitis\graffitianywhere.col"
Installing file "modloader\prioridade 100\graffiti anywhere\graffitis\graffitianywhere.ide"
Installing file "modloader\prioridade 100\graffiti anywhere\graffitis\loader.txt"
Installing file "modloader\prioridade 100\graffiti anywhere\graffitis\models\txd\grfanyw.txd"
Installing file "modloader\prioridade 100\graffiti anywhere\objectcolorsapi.sa.asi"
Installing file "modloader\prioridade 100\graffiti anywhere\tutorial.txt"
Installing file "modloader\prioridade 100\in-game map editor\cleo\in-game map editor (junior_djjr).cs"
Installing file "modloader\prioridade 100\in-game map editor\test.ipl"
Installing file "modloader\prioridade 100\insanity\cleo\avia.cs"
Installing file "modloader\prioridade 100\insanity\cleo\pedcraz.cs"
Installing file "modloader\prioridade 100\insanity\cleo\pedfall.cs"
Installing file "modloader\prioridade 100\insanity\cleo\putcar.cs"
Installing file "modloader\prioridade 100\insanity\cleo\speedcarp.cs"
Installing file "modloader\prioridade 100\insanity\readme - en.txt"
Installing file "modloader\prioridade 100\insanity\readme - pt.txt"
Installing file "modloader\prioridade 100\insanity\tutorial.txt"
Installing file "modloader\prioridade 100\kamehameha\aperta tab + h.txt"
Installing file "modloader\prioridade 100\kamehameha\cleo\kamehameha.cs"
Installing file "modloader\prioridade 100\myths maker\cleo\animals\anim0\anim0.cs"
Installing file "modloader\prioridade 100\myths maker\cleo\animals\anim0\anim0.dff"
Installing file "modloader\prioridade 100\myths maker\cleo\animals\anim0\anim0.fxt"
Installing file "modloader\prioridade 100\myths maker\cleo\animals\anim0\anim0.txd"
Installing file "modloader\prioridade 100\myths maker\cleo\animals\anim10\anim10.dff"
Installing file "modloader\prioridade 100\myths maker\cleo\animals\anim10\anim10.txd"
Installing file "modloader\prioridade 100\myths maker\cleo\animals\anim11\anim11.dff"
Installing file "modloader\prioridade 100\myths maker\cleo\animals\anim11\anim11.txd"
Installing file "modloader\prioridade 100\myths maker\cleo\animals\anim12\anim12.dff"
Installing file "modloader\prioridade 100\myths maker\cleo\animals\anim12\anim12.txd"
Installing file "modloader\prioridade 100\myths maker\cleo\animals\anim13\a13_1.dff"
Installing file "modloader\prioridade 100\myths maker\cleo\animals\anim13\a13_1.txd"
Installing file "modloader\prioridade 100\myths maker\cleo\animals\anim13\a13_2.dff"
Installing file "modloader\prioridade 100\myths maker\cleo\animals\anim13\a13_2.txd"
Installing file "modloader\prioridade 100\myths maker\cleo\animals\anim13\anim13.dff"
Installing file "modloader\prioridade 100\myths maker\cleo\animals\anim13\anim13.ifp"
Installing file "modloader\prioridade 100\myths maker\cleo\animals\anim13\anim13.txd"
Installing file "modloader\prioridade 100\myths maker\cleo\animals\anim13\animgrp.dat"
Installing file "modloader\prioridade 100\myths maker\cleo\animals\anim13\wolf.ifp"
Installing file "modloader\prioridade 100\myths maker\cleo\animals\anim14\a14_1.dff"
Installing file "modloader\prioridade 100\myths maker\cleo\animals\anim14\a14_1.txd"
Installing file "modloader\prioridade 100\myths maker\cleo\animals\anim14\a14_2.dff"
Installing file "modloader\prioridade 100\myths maker\cleo\animals\anim14\a14_2.txd"
Installing file "modloader\prioridade 100\myths maker\cleo\animals\anim14\a14_3.dff"
Installing file "modloader\prioridade 100\myths maker\cleo\animals\anim14\a14_3.txd"
Installing file "modloader\prioridade 100\myths maker\cleo\animals\anim14\a14_4.dff"
Installing file "modloader\prioridade 100\myths maker\cleo\animals\anim14\a14_4.txd"
Installing file "modloader\prioridade 100\myths maker\cleo\animals\anim14\anim14.dff"
Installing file "modloader\prioridade 100\myths maker\cleo\animals\anim14\anim14.txd"
Installing file "modloader\prioridade 100\myths maker\cleo\animals\anim15\anim15.dff"
Installing file "modloader\prioridade 100\myths maker\cleo\animals\anim15\anim15.txd"
Installing file "modloader\prioridade 100\myths maker\cleo\animals\anim16\anim16.dff"
Installing file "modloader\prioridade 100\myths maker\cleo\animals\anim16\anim16.txd"
Installing file "modloader\prioridade 100\myths maker\cleo\animals\anim16\animgrp.dat"
Installing file "modloader\prioridade 100\myths maker\cleo\animals\anim16\atka16.ifp"
Installing file "modloader\prioridade 100\myths maker\cleo\animals\anim16\bear.ifp"
Installing file "modloader\prioridade 100\myths maker\cleo\animals\anim17\a17_1.dff"
Installing file "modloader\prioridade 100\myths maker\cleo\animals\anim17\a17_1.txd"
Installing file "modloader\prioridade 100\myths maker\cleo\animals\anim17\anim17.dff"
Installing file "modloader\prioridade 100\myths maker\cleo\animals\anim17\anim17.txd"
Installing file "modloader\prioridade 100\myths maker\cleo\animals\anim17\animgrp.dat"
Installing file "modloader\prioridade 100\myths maker\cleo\animals\anim17\atka17.ifp"
Installing file "modloader\prioridade 100\myths maker\cleo\animals\anim17\bear.ifp"
Uninstalling file "modloader\prioridade 100\myths maker\cleo\animals\anim16\bear.ifp"
Installing file "modloader\prioridade 100\myths maker\cleo\animals\anim18\a18_1.dff"
Installing file "modloader\prioridade 100\myths maker\cleo\animals\anim18\a18_1.txd"
Installing file "modloader\prioridade 100\myths maker\cleo\animals\anim18\anim18.dff"
Installing file "modloader\prioridade 100\myths maker\cleo\animals\anim18\anim18.txd"
Installing file "modloader\prioridade 100\myths maker\cleo\animals\anim18\animgrp.dat"
Installing file "modloader\prioridade 100\myths maker\cleo\animals\anim18\lion.ifp"
Installing file "modloader\prioridade 100\myths maker\cleo\animals\anim19\a19_1.dff"
Installing file "modloader\prioridade 100\myths maker\cleo\animals\anim19\a19_1.txd"
Installing file "modloader\prioridade 100\myths maker\cleo\animals\anim19\a19_2.dff"
Installing file "modloader\prioridade 100\myths maker\cleo\animals\anim19\a19_2.txd"
Installing file "modloader\prioridade 100\myths maker\cleo\animals\anim19\anim19.dff"
Installing file "modloader\prioridade 100\myths maker\cleo\animals\anim19\anim19.txd"
Installing file "modloader\prioridade 100\myths maker\cleo\animals\anim19\animgrp.dat"
Installing file "modloader\prioridade 100\myths maker\cleo\animals\anim19\rabit.ifp"
Installing file "modloader\prioridade 100\myths maker\cleo\animals\anim1\a1_1.dff"
Installing file "modloader\prioridade 100\myths maker\cleo\animals\anim1\a1_1.txd"
Installing file "modloader\prioridade 100\myths maker\cleo\animals\anim1\anim1.dff"
Installing file "modloader\prioridade 100\myths maker\cleo\animals\anim1\anim1.ifp"
Installing file "modloader\prioridade 100\myths maker\cleo\animals\anim1\anim1.txd"
Installing file "modloader\prioridade 100\myths maker\cleo\animals\anim1\animgrp.dat"
Installing file "modloader\prioridade 100\myths maker\cleo\animals\anim1\dog.ifp"
Installing file "modloader\prioridade 100\myths maker\cleo\animals\anim20\a20_1.dff"
Installing file "modloader\prioridade 100\myths maker\cleo\animals\anim20\a20_1.txd"
Installing file "modloader\prioridade 100\myths maker\cleo\animals\anim20\a20_2.dff"
Installing file "modloader\prioridade 100\myths maker\cleo\animals\anim20\a20_2.txd"
Installing file "modloader\prioridade 100\myths maker\cleo\animals\anim20\a20_3.dff"
Installing file "modloader\prioridade 100\myths maker\cleo\animals\anim20\a20_3.txd"
Installing file "modloader\prioridade 100\myths maker\cleo\animals\anim20\anim20.dff"
Installing file "modloader\prioridade 100\myths maker\cleo\animals\anim20\anim20.txd"
Installing file "modloader\prioridade 100\myths maker\cleo\animals\anim20\animgrp.dat"
Installing file "modloader\prioridade 100\myths maker\cleo\animals\anim20\deer1.ifp"
Installing file "modloader\prioridade 100\myths maker\cleo\animals\anim2\a2_1.dff"
Installing file "modloader\prioridade 100\myths maker\cleo\animals\anim2\a2_1.txd"
Installing file "modloader\prioridade 100\myths maker\cleo\animals\anim2\a2_2.dff"
Installing file "modloader\prioridade 100\myths maker\cleo\animals\anim2\a2_2.txd"
Installing file "modloader\prioridade 100\myths maker\cleo\animals\anim2\anim2.dff"
Installing file "modloader\prioridade 100\myths maker\cleo\animals\anim2\anim2.txd"
Installing file "modloader\prioridade 100\myths maker\cleo\animals\anim2\animgrp.dat"
Installing file "modloader\prioridade 100\myths maker\cleo\animals\anim2\boar.ifp"
Installing file "modloader\prioridade 100\myths maker\cleo\animals\anim3\a3_1.dff"
Installing file "modloader\prioridade 100\myths maker\cleo\animals\anim3\a3_1.txd"
Installing file "modloader\prioridade 100\myths maker\cleo\animals\anim3\a3_2.dff"
Installing file "modloader\prioridade 100\myths maker\cleo\animals\anim3\a3_2.txd"
Installing file "modloader\prioridade 100\myths maker\cleo\animals\anim3\a3_3.dff"
Installing file "modloader\prioridade 100\myths maker\cleo\animals\anim3\a3_3.txd"
Installing file "modloader\prioridade 100\myths maker\cleo\animals\anim3\anim3.dff"
Installing file "modloader\prioridade 100\myths maker\cleo\animals\anim3\anim3.txd"
Installing file "modloader\prioridade 100\myths maker\cleo\animals\anim3\animgrp.dat"
Installing file "modloader\prioridade 100\myths maker\cleo\animals\anim3\cat.ifp"
Installing file "modloader\prioridade 100\myths maker\cleo\animals\anim4\a4_1.dff"
Installing file "modloader\prioridade 100\myths maker\cleo\animals\anim4\a4_1.txd"
Installing file "modloader\prioridade 100\myths maker\cleo\animals\anim4\a4_2.dff"
Installing file "modloader\prioridade 100\myths maker\cleo\animals\anim4\a4_2.txd"
Installing file "modloader\prioridade 100\myths maker\cleo\animals\anim4\a4_3.dff"
Installing file "modloader\prioridade 100\myths maker\cleo\animals\anim4\a4_3.txd"
Installing file "modloader\prioridade 100\myths maker\cleo\animals\anim4\anim4.dff"
Installing file "modloader\prioridade 100\myths maker\cleo\animals\anim4\anim4.txd"
Installing file "modloader\prioridade 100\myths maker\cleo\animals\anim5\a5_1.dff"
Installing file "modloader\prioridade 100\myths maker\cleo\animals\anim5\a5_1.txd"
Installing file "modloader\prioridade 100\myths maker\cleo\animals\anim5\a5_2.dff"
Installing file "modloader\prioridade 100\myths maker\cleo\animals\anim5\a5_2.txd"
Installing file "modloader\prioridade 100\myths maker\cleo\animals\anim5\a5_3.dff"
Installing file "modloader\prioridade 100\myths maker\cleo\animals\anim5\a5_3.txd"
Installing file "modloader\prioridade 100\myths maker\cleo\animals\anim5\a5_4.dff"
Installing file "modloader\prioridade 100\myths maker\cleo\animals\anim5\a5_4.txd"
Installing file "modloader\prioridade 100\myths maker\cleo\animals\anim5\anim5.dff"
Installing file "modloader\prioridade 100\myths maker\cleo\animals\anim5\anim5.ifp"
Installing file "modloader\prioridade 100\myths maker\cleo\animals\anim5\anim5.txd"
Installing file "modloader\prioridade 100\myths maker\cleo\animals\anim5\animgrp.dat"
Installing file "modloader\prioridade 100\myths maker\cleo\animals\anim5\boar.ifp"
Uninstalling file "modloader\prioridade 100\myths maker\cleo\animals\anim2\boar.ifp"
Installing file "modloader\prioridade 100\myths maker\cleo\animals\anim6\anim6.dff"
Installing file "modloader\prioridade 100\myths maker\cleo\animals\anim6\anim6.txd"
Installing file "modloader\prioridade 100\myths maker\cleo\animals\anim7\anim7.cs"
Installing file "modloader\prioridade 100\myths maker\cleo\animals\anim7\anim7.dff"
Installing file "modloader\prioridade 100\myths maker\cleo\animals\anim7\anim7.txd"
Installing file "modloader\prioridade 100\myths maker\cleo\animals\anim7\horse_animation.ifp"
Installing file "modloader\prioridade 100\myths maker\cleo\animals\anim8\anim8.dff"
Installing file "modloader\prioridade 100\myths maker\cleo\animals\anim8\anim8.txd"
Installing file "modloader\prioridade 100\myths maker\cleo\animals\anim9\anim9.dff"
Installing file "modloader\prioridade 100\myths maker\cleo\animals\anim9\anim9.txd"
Installing file "modloader\prioridade 100\myths maker\cleo\cleo_text\myths_maker.fxt"
Installing file "modloader\prioridade 100\myths maker\digite myths para abrir o menu de configuração.txt"
Installing file "modloader\prioridade 100\name weapon spawner\aperta o +  i.txt"
Installing file "modloader\prioridade 100\name weapon spawner\cleo\added weapon spawner.cs"
Installing file "modloader\prioridade 100\name weapon spawner\tutorial.txt"
Installing file "modloader\prioridade 100\passenger\aperta g.txt"
Installing file "modloader\prioridade 100\passenger\cleo\passenger.cs"
Installing file "modloader\prioridade 100\passenger\cleo\passenger.txt"
Installing file "modloader\prioridade 100\passenger\passenger readme.txt"
Installing file "modloader\prioridade 100\pedrain\aperta alt + 1.txt"
Installing file "modloader\prioridade 100\pedrain\cleo\spawn de pedestres by igreen.dll alt+1.cs"
Installing file "modloader\prioridade 100\pedrain\cleo\spawn de pedestres by igreen.dll alt+1.txt"
Installing file "modloader\prioridade 100\pedrain\cleo\spawn de pedestres by igreen.dll alt+1[0].cs"
Installing file "modloader\prioridade 100\pedrain\cleo\spawn de pedestres by igreen.dll alt+1[0].txt"
Installing file "modloader\prioridade 100\portal gun\cleo\portal.cs"
Installing file "modloader\prioridade 100\portal gun\digite portal.txt"
Installing file "modloader\prioridade 100\rzl-trainer\cleo\rzl-trainer.cs"
Installing file "modloader\prioridade 100\rzl-trainer\how to use.txt"
Installing file "modloader\prioridade 100\selfie mod\cleo\screenshot_bykrash.cs"
Installing file "modloader\prioridade 100\selfie mod\cleo\selfphoto_bykrash_v2.cs"
Installing file "modloader\prioridade 100\selfie mod\comandos.txt"
Installing file "modloader\prioridade 100\selfie mod\fix\selfphoto fix (junior_djjr).cs"
Installing file "modloader\prioridade 100\shoot stuff\cleo\shoot stuff (junior_djjr).cs"
Installing file "modloader\prioridade 100\shoot stuff\digite shootstuff tecla m muda pra ped.txt"
Installing file "modloader\prioridade 100\skin selector (n)\aperta tab + e + bolinha do mouse.txt"
Installing file "modloader\prioridade 100\skin selector (n)\cleo\skin_n.cs"
Installing file "modloader\prioridade 100\skin selector (n)\cleo\skin_n.txt"
Installing file "modloader\prioridade 100\smooth camera\cleo\smoothcamerawork.fxt"
Installing file "modloader\prioridade 100\smooth camera\cleo\smoothcamerawork_ver05.cs"
Installing file "modloader\prioridade 100\smooth camera\cleo\smoothcamerawork_ver05.txt"
Installing file "modloader\prioridade 100\smooth camera\smcm e controles.txt"
Installing file "modloader\prioridade 100\spawn cj\cleo\spawnar um cj (junior_djjr).cs"
Installing file "modloader\prioridade 100\spawn cj\digite spawncj.txt"
Installing file "modloader\prioridade 100\spikes mod\aperta k em carro de policia.txt"
Installing file "modloader\prioridade 100\spikes mod\cleo\create_spikes.cs"
Installing file "modloader\prioridade 100\spikes mod\cleo\spikes_effect.cs"
Installing file "modloader\prioridade 100\spikes mod\digita spikes para usar em qualquer carro.txt"
Installing file "modloader\prioridade 100\spikes mod\tutorial.txt"
Installing file "modloader\prioridade 100\vomitar\cleo\giventake.cs"
Installing file "modloader\prioridade 100\vomitar\cleo\sitsmkdrkgang.cs"
Installing file "modloader\prioridade 100\vomitar\cleo\sitsmokedrink.cs"
Installing file "modloader\prioridade 100\vomitar\tutorial.txt"
Installing file "modloader\prioridade 100\waldrivebyleo\aperta 4 para ir pro teto.txt"
Installing file "modloader\prioridade 100\waldrivebyleo\aperta w + 1 no carro.txt"
Installing file "modloader\prioridade 100\waldrivebyleo\cleo\waldrivebyleo.cs"
Installing file "modloader\prioridade 100\walkstyle\cleo\cleo_text\walkstyle.fxt"
Installing file "modloader\prioridade 100\walkstyle\cleo\walkstyle.cs"
Installing file "modloader\prioridade 100\walkstyle\digite walkstyle.txt"
Updating state for "modloader\original radio extended\"...
Installing file "modloader\original radio extended\audio\config\traklkup.dat"
Installing file "modloader\original radio extended\audio\streams\adverts"
Installing file "modloader\original radio extended\audio\streams\ch"
Installing file "modloader\original radio extended\audio\streams\co"
Installing file "modloader\original radio extended\audio\streams\cr"
Installing file "modloader\original radio extended\audio\streams\ds"
Installing file "modloader\original radio extended\audio\streams\hc"
Installing file "modloader\original radio extended\audio\streams\mh"
Installing file "modloader\original radio extended\audio\streams\mr"
Installing file "modloader\original radio extended\audio\streams\nj"
Installing file "modloader\original radio extended\audio\streams\re"
Installing file "modloader\original radio extended\audio\streams\rg"
Installing file "modloader\original radio extended\audio\streams\tk"
Installing file "modloader\original radio extended\non stop pop\cleo\cleo_text\radios_names.fxt"
Installing file "modloader\original radio extended\non stop pop\models\fronten1.txd"
Updating gta3.std.data state...
Parsing readme file "modloader\controller\anim\warning anim !!.txt"
Parsing readme file "modloader\controller\gta3.img\warning skin !!.txt"
Parsing readme file "modloader\controller\holding\credits.txt"
Parsing readme file "modloader\prioridade 5\nextgen effects\map\gtadat.txt"
Found level file line for 'modloader\prioridade 5\nextgen effects\map\gtadat.txt':1: IPL DATA\MAPS\country\effects.IPL
Found level file line for 'modloader\prioridade 5\nextgen effects\map\gtadat.txt':2: IDE DATA\MAPS\leveldes\effects.IDE
Found level file line for 'modloader\prioridade 5\nextgen effects\map\gtadat.txt':3: COLFILE 0 data\maps\effects.col
Parsing readme file "modloader\tuning mod parts\gta v rat rod engine\loader.txt"
Found level file line for 'modloader\tuning mod parts\gta v rat rod engine\loader.txt':1: IDE modloader\Tuning Mod Parts\GTA V Rat Rod Engine\vrat_engine.ide
Parsing readme file "modloader\tuning mod parts\pack apocalipse 1\loader.txt"
Found level file line for 'modloader\tuning mod parts\pack apocalipse 1\loader.txt':1: IDE modloader\tuning mod parts\Pack Apocalipse 1\Pack Apocalipse 1.ide
Parsing readme file "modloader\tuning mod parts\pack apocalipse 2\loader.txt"
Found level file line for 'modloader\tuning mod parts\pack apocalipse 2\loader.txt':1: IDE modloader\Tuning Mod Parts\Pack Apocalipse 2\Pack Apocalipse 2.ide
Parsing readme file "modloader\skygfx - extended\models\texdb.txt"
Ignoring text file "modloader\skygfx - extended\models\texdb.txt" because it's too big.
Parsing cached readme data for "modloader\prioridade 40\animal statues remastered\loader.txt"
Found cached level file line for 'modloader\prioridade 40\animal statues remastered\loader.txt':1
Parsing cached readme data for "modloader\prioridade 40\nextgen remaster weapons\diminuir prioridade.txt"
Parsing cached readme data for "modloader\zmenu\keybinds configuradas.txt"
Parsing readme file "modloader\soundize\base\guids.txt"
Ignoring text file "modloader\soundize\base\guids.txt" because it's too big.
Parsing readme file "modloader\urbanize\map\loader.txt"
Found level file line for 'modloader\urbanize\map\loader.txt':12: IPL data\maps\Urbanize.ipl
Found level file line for 'modloader\urbanize\map\loader.txt':19: IPL data\maps\Urbanize - Bins.ipl
Found level file line for 'modloader\urbanize\map\loader.txt':26: IPL data\maps\Urbanize - Boxes.ipl
Found level file line for 'modloader\urbanize\map\loader.txt':33: IPL data\maps\Urbanize - Benches.ipl
Found level file line for 'modloader\urbanize\map\loader.txt':40: IPL data\maps\Urbanize - Chairs.ipl
Found level file line for 'modloader\urbanize\map\loader.txt':47: IPL data\maps\Urbanize - Roofs.ipl
Found level file line for 'modloader\urbanize\map\loader.txt':54: IPL data\maps\Urbanize - AirConds.ipl
Found level file line for 'modloader\urbanize\map\loader.txt':60: IPL data\maps\Urbanize - Mails.ipl
Found level file line for 'modloader\urbanize\map\loader.txt':66: IPL data\maps\Urbanize - Vases.ipl
Found level file line for 'modloader\urbanize\map\loader.txt':72: IPL data\maps\Urbanize - Fences.ipl
Found level file line for 'modloader\urbanize\map\loader.txt':78: IPL data\maps\Urbanize - Garbage.ipl
Found level file line for 'modloader\urbanize\map\loader.txt':84: IPL data\maps\Urbanize - Lights.ipl
Found level file line for 'modloader\urbanize\map\loader.txt':90: IPL data\maps\Urbanize - Street Side.ipl
Parsing readme file "modloader\essenciais\allweapon\tutorial.txt"
Parsing readme file "modloader\essenciais\amazing screenshot\tutorial.txt"
Parsing cached readme data for "modloader\essenciais\minhas adaptacoes\cleo\fogocj[3].txt"
Parsing readme file "modloader\essenciais\minhas adaptacoes\cleo\killcj.txt"
Parsing readme file "modloader\essenciais\noclip\leiame.txt"
Parsing readme file "modloader\essenciais\save anywhere with f4\aperta f4.txt"
Parsing readme file "modloader\essenciais\super fast teleporter\tutorial.txt"
Parsing readme file "modloader\essenciais\teleport to marker\marca no mapa e teleporta com yx.txt"
Parsing readme file "modloader\essenciais\unflip\aperta 7.txt"
Parsing readme file "modloader\essenciais\unflip\cleo\unflip.txt"
Parsing readme file "modloader\animmenu1.1\readme.txt"
Parsing readme file "modloader\oribitcam1.2\--- read me !!! ---.txt"
Parsing readme file "modloader\rosa project evolved\1-do not put in modpacks.txt"
Parsing readme file "modloader\rosa project evolved\1-samp and mta\mta\about mta.txt"
Parsing readme file "modloader\rosa project evolved\1-samp and mta\mta\sobre mta.txt"
Parsing readme file "modloader\rosa project evolved\1-samp and mta\samp\read - leia.txt"
Parsing readme file "modloader\rosa project evolved\2-acordo de licença.txt"
Parsing readme file "modloader\rosa project evolved\2-imglimitadjuster error fix\leiame.txt"
Parsing readme file "modloader\rosa project evolved\2-imglimitadjuster error fix\readme.txt"
Parsing readme file "modloader\rosa project evolved\2-license agreement.txt"
Parsing readme file "modloader\rosa project evolved\3-obrigado.txt"
Parsing readme file "modloader\rosa project evolved\3-thanks.txt"
Parsing readme file "modloader\rosa project evolved\rosa project evolved -  exterior\files\world_loader.txt"
Found level file line for 'modloader\rosa project evolved\rosa project evolved -  exterior\files\world_loader.txt':1: IDE DATA/MAPS/txdp.ide
Found level file line for 'modloader\rosa project evolved\rosa project evolved -  exterior\files\world_loader.txt':2: IMG DATA/MAPS/rosa_evolved_a.IMG
Found level file line for 'modloader\rosa project evolved\rosa project evolved -  exterior\files\world_loader.txt':3: IMG DATA/MAPS/rosa_evolved_b.IMG
Found level file line for 'modloader\rosa project evolved\rosa project evolved -  exterior\files\world_loader.txt':4: IMG DATA/MAPS/rosa_evolved_c.IMG
Found level file line for 'modloader\rosa project evolved\rosa project evolved -  exterior\files\world_loader.txt':5: IMG DATA/MAPS/rosa_evolved_d.IMG
Parsing readme file "modloader\rosa project evolved\rosa project evolved - cutscene\files\cutscene_loader.txt"
Found level file line for 'modloader\rosa project evolved\rosa project evolved - cutscene\files\cutscene_loader.txt':1: IMG DATA/MAPS/proper_cutscene_retex.IMG
Parsing readme file "modloader\rosa project evolved\rosa project evolved - interior\files\interior_loader.txt"
Found level file line for 'modloader\rosa project evolved\rosa project evolved - interior\files\interior_loader.txt':1: IMG DATA/MAPS/proper_interior_retex.IMG
Parsing readme file "modloader\soundize ambient sounds\guids.txt"
Parsing cached readme data for "modloader\prioridade 60\fix\food eating fix\food models\food eating fix.txt"
Found cached level file line for 'modloader\prioridade 60\fix\food eating fix\food models\food eating fix.txt':1
Found cached level file line for 'modloader\prioridade 60\fix\food eating fix\food models\food eating fix.txt':2
Parsing cached readme data for "modloader\prioridade 60\mapas\8-tracks random\readme_eg.txt"
Parsing cached readme data for "modloader\prioridade 60\mapas\8-tracks random\readme_esp.txt"
Parsing cached readme data for "modloader\prioridade 60\mapas\dam extended\read me first.txt"
Parsing cached readme data for "modloader\prioridade 60\mapas\dam extended\read me.txt"
Parsing cached readme data for "modloader\prioridade 60\mapas\generic mod\readme.txt"
Parsing cached readme data for "modloader\prioridade 60\mapas\handling\handling ambulan.txt"
Found cached vehicles handling line for 'modloader\prioridade 60\mapas\handling\handling ambulan.txt':1
Parsing cached readme data for "modloader\prioridade 60\mapas\handling\handling bravura.txt"
Found cached vehicles handling line for 'modloader\prioridade 60\mapas\handling\handling bravura.txt':1
Parsing cached readme data for "modloader\prioridade 60\mapas\handling\handling buffalo.txt"
Found cached vehicles handling line for 'modloader\prioridade 60\mapas\handling\handling buffalo.txt':1
Parsing cached readme data for "modloader\prioridade 60\mapas\handling\handling hpv1000.txt"
Found cached vehicles handling line for 'modloader\prioridade 60\mapas\handling\handling hpv1000.txt':1
Parsing cached readme data for "modloader\prioridade 60\mapas\handling\handling landstal.txt"
Parsing cached readme data for "modloader\prioridade 60\mapas\handling\handling peren.txt"
Found cached vehicles handling line for 'modloader\prioridade 60\mapas\handling\handling peren.txt':1
Parsing cached readme data for "modloader\prioridade 60\mapas\handling\handling police_la.txt"
Found cached vehicles handling line for 'modloader\prioridade 60\mapas\handling\handling police_la.txt':1
Parsing cached readme data for "modloader\prioridade 60\mapas\handling\handling tractor.txt"
Found cached vehicles handling line for 'modloader\prioridade 60\mapas\handling\handling tractor.txt':1
Parsing cached readme data for "modloader\prioridade 60\mapas\san andreas bus station\leeme.txt"
Parsing cached readme data for "modloader\prioridade 60\mapas\san andreas bus station\readme.txt"
Parsing cached readme data for "modloader\prioridade 60\restored unused peds\data\gta.dat.txt"
Found cached level file line for 'modloader\prioridade 60\restored unused peds\data\gta.dat.txt':4
Parsing cached readme data for "modloader\prioridade 60\veículos\carros\comet plus+\lineas comet.txt"
Found cached object types line for 'modloader\prioridade 60\veículos\carros\comet plus+\lineas comet.txt':4
Found cached vehicle colours line for 'modloader\prioridade 60\veículos\carros\comet plus+\lineas comet.txt':9
Found cached vehicles handling line for 'modloader\prioridade 60\veículos\carros\comet plus+\lineas comet.txt':12
Parsing cached readme data for "modloader\prioridade 60\veículos\carros\freeway plus\lines.txt"
Found cached vehicle upgrades line for 'modloader\prioridade 60\veículos\carros\freeway plus\lines.txt':4
Found cached vehicle colours line for 'modloader\prioridade 60\veículos\carros\freeway plus\lines.txt':7
Found cached object types line for 'modloader\prioridade 60\veículos\carros\freeway plus\lines.txt':13
Found cached vehicles handling line for 'modloader\prioridade 60\veículos\carros\freeway plus\lines.txt':16
Found cached vehicles handling line for 'modloader\prioridade 60\veículos\carros\freeway plus\lines.txt':17
Parsing cached readme data for "modloader\prioridade 60\veículos\carros\hotknife\hotknife.txt"
Found cached vehicles handling line for 'modloader\prioridade 60\veículos\carros\hotknife\hotknife.txt':1
Found cached object types line for 'modloader\prioridade 60\veículos\carros\hotknife\hotknife.txt':3
Found cached vehicle colours line for 'modloader\prioridade 60\veículos\carros\hotknife\hotknife.txt':5
Parsing cached readme data for "modloader\prioridade 60\veículos\carros\mesa plus+\lines.txt"
Found cached vehicles handling line for 'modloader\prioridade 60\veículos\carros\mesa plus+\lines.txt':4
Found cached object types line for 'modloader\prioridade 60\veículos\carros\mesa plus+\lines.txt':10
Found cached vehicle colours line for 'modloader\prioridade 60\veículos\carros\mesa plus+\lines.txt':13
Found cached vehicle upgrades line for 'modloader\prioridade 60\veículos\carros\mesa plus+\lines.txt':16
Parsing cached readme data for "modloader\prioridade 60\veículos\carros\pcj600 remastered hd\data.txt"
Found cached object types line for 'modloader\prioridade 60\veículos\carros\pcj600 remastered hd\data.txt':1
Found cached vehicles handling line for 'modloader\prioridade 60\veículos\carros\pcj600 remastered hd\data.txt':3
Found cached vehicle colours line for 'modloader\prioridade 60\veículos\carros\pcj600 remastered hd\data.txt':8
Parsing cached readme data for "modloader\prioridade 60\veículos\carros\wayfarer plus+\lines.txt"
Found cached vehicle upgrades line for 'modloader\prioridade 60\veículos\carros\wayfarer plus+\lines.txt':4
Found cached object types line for 'modloader\prioridade 60\veículos\carros\wayfarer plus+\lines.txt':10
Found cached vehicle colours line for 'modloader\prioridade 60\veículos\carros\wayfarer plus+\lines.txt':13
Found cached vehicles handling line for 'modloader\prioridade 60\veículos\carros\wayfarer plus+\lines.txt':16
Found cached vehicles handling line for 'modloader\prioridade 60\veículos\carros\wayfarer plus+\lines.txt':17
Parsing cached readme data for "modloader\prioridade 60\veículos\trem\walter's freight\freibox\line.txt"
Found cached vehicle colours line for 'modloader\prioridade 60\veículos\trem\walter's freight\freibox\line.txt':3
Parsing cached readme data for "modloader\prioridade 60\veículos\veh br\moonbean.txt"
Found cached vehicle colours line for 'modloader\prioridade 60\veículos\veh br\moonbean.txt':1
Parsing cached readme data for "modloader\prioridade 80\breakable vending machines\loader.txt"
Found cached level file line for 'modloader\prioridade 80\breakable vending machines\loader.txt':1
Found cached level file line for 'modloader\prioridade 80\breakable vending machines\loader.txt':2
Parsing cached readme data for "modloader\prioridade 80\enterable hidden interiors\data\gta dat.txt"
Found cached level file line for 'modloader\prioridade 80\enterable hidden interiors\data\gta dat.txt':3
Parsing cached readme data for "modloader\prioridade 80\new algorithm for trains\loader.txt"
Found cached level file line for 'modloader\prioridade 80\new algorithm for trains\loader.txt':4
Found cached level file line for 'modloader\prioridade 80\new algorithm for trains\loader.txt':5
Parsing cached readme data for "modloader\prioridade 80\weather forecast\tutorial.txt"
Parsing cached readme data for "modloader\prioridade 90\attach vehicle\tecla 2.txt"
Parsing readme file "modloader\prioridade 90\collectibles on radar\desativa com f12.txt"
Parsing cached readme data for "modloader\prioridade 90\horn call homies\cleo\horn call homies.txt"
Parsing cached readme data for "modloader\prioridade 90\parked car maker\leiame.txt"
Parsing cached readme data for "modloader\prioridade 90\parking save garages\data\loader.txt"
Found cached level file line for 'modloader\prioridade 90\parking save garages\data\loader.txt':1
Found cached level file line for 'modloader\prioridade 90\parking save garages\data\loader.txt':2
Found cached level file line for 'modloader\prioridade 90\parking save garages\data\loader.txt':3
Parsing cached readme data for "modloader\prioridade 90\parking save garages\leiame.txt"
Parsing cached readme data for "modloader\prioridade 90\sf tags\loader.txt"
Found cached level file line for 'modloader\prioridade 90\sf tags\loader.txt':1
Parsing readme file "modloader\proper fixes\additional models\loader.txt"
Found level file line for 'modloader\proper fixes\additional models\loader.txt':3: IDE DATA\MAPS\ProperFixes.ide
Found level file line for 'modloader\proper fixes\additional models\loader.txt':4: IPL DATA\MAPS\ProperFixes.ipl
Parsing readme file "modloader\proper fixes\additional textures\loader.txt"
Found level file line for 'modloader\proper fixes\additional textures\loader.txt':3: IDE DATA\MAPS\ProperFixesTXDP.ide
Parsing readme file "modloader\proper fixes\lod vegetation\loader.txt"
Found level file line for 'modloader\proper fixes\lod vegetation\loader.txt':4: COLFILE 0 DATA\MAPS\LODvegetation.COL
Found level file line for 'modloader\proper fixes\lod vegetation\loader.txt':5: IDE DATA\MAPS\LODvegetation.IDE
Parsing readme file "modloader\proper fixes\sa optimized map\gta.dat.txt"
Found level file line for 'modloader\proper fixes\sa optimized map\gta.dat.txt':10: IDE DATA\MAPS\SA Optimized Map.ide
Parsing cached readme data for "modloader\prioridade 100\0x858624\aperte b + page down para diminuir.txt"
Parsing cached readme data for "modloader\prioridade 100\0x858624\aperte b + page up para aumentar.txt"
Parsing cached readme data for "modloader\prioridade 100\boxrain\aperte w+b.txt"
Parsing cached readme data for "modloader\prioridade 100\carjump\aperta shift.txt"
Parsing cached readme data for "modloader\prioridade 100\change4colors\digite color.txt"
Parsing cached readme data for "modloader\prioridade 100\clipboard cheat\tutorial.txt"
Parsing cached readme data for "modloader\prioridade 100\custom vinewood text\loader.txt"
Found cached level file line for 'modloader\prioridade 100\custom vinewood text\loader.txt':3
Found cached level file line for 'modloader\prioridade 100\custom vinewood text\loader.txt':4
Parsing cached readme data for "modloader\prioridade 100\dance with f5\cleo\dance.txt"
Parsing cached readme data for "modloader\prioridade 100\graffiti anywhere\graffitis\loader.txt"
Found cached level file line for 'modloader\prioridade 100\graffiti anywhere\graffitis\loader.txt':5
Found cached level file line for 'modloader\prioridade 100\graffiti anywhere\graffitis\loader.txt':6
Parsing cached readme data for "modloader\prioridade 100\graffiti anywhere\tutorial.txt"
Parsing cached readme data for "modloader\prioridade 100\insanity\readme - en.txt"
Parsing cached readme data for "modloader\prioridade 100\insanity\readme - pt.txt"
Parsing cached readme data for "modloader\prioridade 100\insanity\tutorial.txt"
Parsing cached readme data for "modloader\prioridade 100\kamehameha\aperta tab + h.txt"
Parsing cached readme data for "modloader\prioridade 100\myths maker\digite myths para abrir o menu de configuração.txt"
Parsing cached readme data for "modloader\prioridade 100\name weapon spawner\aperta o +  i.txt"
Parsing cached readme data for "modloader\prioridade 100\name weapon spawner\tutorial.txt"
Parsing cached readme data for "modloader\prioridade 100\passenger\aperta g.txt"
Parsing cached readme data for "modloader\prioridade 100\passenger\cleo\passenger.txt"
Parsing cached readme data for "modloader\prioridade 100\passenger\passenger readme.txt"
Parsing cached readme data for "modloader\prioridade 100\pedrain\aperta alt + 1.txt"
Parsing cached readme data for "modloader\prioridade 100\pedrain\cleo\spawn de pedestres by igreen.dll alt+1.txt"
Parsing cached readme data for "modloader\prioridade 100\pedrain\cleo\spawn de pedestres by igreen.dll alt+1[0].txt"
Parsing cached readme data for "modloader\prioridade 100\portal gun\digite portal.txt"
Parsing cached readme data for "modloader\prioridade 100\rzl-trainer\how to use.txt"
Parsing cached readme data for "modloader\prioridade 100\selfie mod\comandos.txt"
Parsing cached readme data for "modloader\prioridade 100\shoot stuff\digite shootstuff tecla m muda pra ped.txt"
Parsing cached readme data for "modloader\prioridade 100\skin selector (n)\aperta tab + e + bolinha do mouse.txt"
Parsing readme file "modloader\prioridade 100\skin selector (n)\cleo\skin_n.txt"
Ignoring text file "modloader\prioridade 100\skin selector (n)\cleo\skin_n.txt" because it's too big.
Parsing readme file "modloader\prioridade 100\smooth camera\cleo\smoothcamerawork_ver05.txt"
Ignoring text file "modloader\prioridade 100\smooth camera\cleo\smoothcamerawork_ver05.txt" because it's too big.
Parsing cached readme data for "modloader\prioridade 100\smooth camera\smcm e controles.txt"
Parsing cached readme data for "modloader\prioridade 100\spawn cj\digite spawncj.txt"
Parsing cached readme data for "modloader\prioridade 100\spikes mod\aperta k em carro de policia.txt"
Parsing cached readme data for "modloader\prioridade 100\spikes mod\digita spikes para usar em qualquer carro.txt"
Parsing cached readme data for "modloader\prioridade 100\spikes mod\tutorial.txt"
Parsing cached readme data for "modloader\prioridade 100\vomitar\tutorial.txt"
Parsing cached readme data for "modloader\prioridade 100\waldrivebyleo\aperta 4 para ir pro teto.txt"
Parsing cached readme data for "modloader\prioridade 100\waldrivebyleo\aperta w + 1 no carro.txt"
Parsing cached readme data for "modloader\prioridade 100\walkstyle\digite walkstyle.txt"
Done updating gta3.std.data state.
Starting up filesystem watcher...

Mod Loader has started up!

Loading default font values "DATA\FONTS.DAT"
Loading custom vehicles handling "C:\Users\felip\AppData\Local\modloader\gta3.std.data\0\handling.cfg"
Loading default surface adhesion limits "data\surface.dat"
Loading default surface infos "data\surfinfo.dat"
Loading default surface audio infos "data\surfaud.dat"
Loading default ped stats "DATA\PEDSTATS.DAT"
Loading default decision maker "RANDOM.ped"
Loading default decision maker "m_norm.ped"
Loading default decision maker "m_plyr.ped"
Loading default decision maker "RANDOM.grp"
Loading default decision maker "MISSION.grp"
Loading default decision maker "GangMbr.ped"
Loading default decision maker "Cop.ped"
Loading default decision maker "R_Norm.ped"
Loading default decision maker "R_Tough.ped"
Loading default decision maker "R_Weak.ped"
Loading default decision maker "Fireman.ped"
Loading default decision maker "m_empty.ped"
Loading default decision maker "Indoors.ped"
Loading default decision maker "RANDOM.grp"
Loading default decision maker "RANDOM2.grp"
Loading default time cycle properties "TIMECYC.DAT"
Loading default population cycle properties "POPCYCLE.DAT"
Warning: SFXPak for some sound file doesn't exist! Using GENRL as default.
Loading custom plants surface properties "modloader\proper fixes\misc\data\plants.dat"
Loading custom anim association "C:\Users\felip\AppData\Local\modloader\gta3.std.data\0\animgrp.dat"
Opening file for streaming "modloader\proper fixes\gta3.img"
Opening file for streaming "modloader\proper fixes\gta_int.img"
Loading custom stream config "modloader\skygfx - extended\stream.ini"
Loading default fighting data "DATA\melee.dat"
Preloading level file "DATA\DEFAULT.DAT"
Loading default level file "DATA\DEFAULT.DAT"
Preloading level file "DATA\GTA.DAT"
Loading custom level file "C:\Users\felip\AppData\Local\modloader\gta3.std.data\0\gta.dat"
Loading preloaded level entries...
The file "modloader\urbanize\map\urbanize - fences.ipl" does not seem to be in the right virtual path, moving from "map\urbanize - fences.ipl" to "data\maps\urbanize - fences.ipl"
The file "modloader\tuning mod parts\pack apocalipse 1\pack apocalipse 1.ide" does not seem to be in the right virtual path, moving from "pack apocalipse 1\pack apocalipse 1.ide" to "modloader\tuning mod parts\pack apocalipse 1\pack apocalipse 1.ide"
The file "modloader\proper fixes\additional models\properfixes.ipl" does not seem to be in the right virtual path, moving from "additional models\properfixes.ipl" to "data\maps\properfixes.ipl"
The file "modloader\prioridade 5\nextgen effects\map\effects.ide" does not seem to be in the right virtual path, moving from "nextgen effects\map\effects.ide" to "data\maps\leveldes\effects.ide"
The file "modloader\tuning mod parts\pack apocalipse 2\pack apocalipse 2.ide" does not seem to be in the right virtual path, moving from "pack apocalipse 2\pack apocalipse 2.ide" to "modloader\tuning mod parts\pack apocalipse 2\pack apocalipse 2.ide"
The file "modloader\prioridade 5\nextgen effects\map\effects.ipl" does not seem to be in the right virtual path, moving from "nextgen effects\map\effects.ipl" to "data\maps\country\effects.ipl"
The file "modloader\tuning mod parts\gta v rat rod engine\vrat_engine.ide" does not seem to be in the right virtual path, moving from "gta v rat rod engine\vrat_engine.ide" to "modloader\tuning mod parts\gta v rat rod engine\vrat_engine.ide"
The file "modloader\prioridade 90\parking save garages\data\maps\grgx_park\grgx_park.ide" does not seem to be in the right virtual path, moving from "data\maps\grgx_park\grgx_park.ide" to "data\maps\grgx_park.ide"
The file "modloader\prioridade 40\animal statues remastered\asremastered.ide" does not seem to be in the right virtual path, moving from "animal statues remastered\asremastered.ide" to "data\maps\asremastered.ide"
The file "modloader\rosa project evolved\rosa project evolved -  exterior\files\txdp.ide" does not seem to be in the right virtual path, moving from "rosa project evolved -  exterior\files\txdp.ide" to "data\maps\txdp.ide"
The file "modloader\urbanize\map\urbanize - airconds.ipl" does not seem to be in the right virtual path, moving from "map\urbanize - airconds.ipl" to "data\maps\urbanize - airconds.ipl"
The file "modloader\urbanize\map\urbanize - benches.ipl" does not seem to be in the right virtual path, moving from "map\urbanize - benches.ipl" to "data\maps\urbanize - benches.ipl"
The file "modloader\prioridade 80\breakable vending machines\breakable vending machines.ide" does not seem to be in the right virtual path, moving from "breakable vending machines\breakable vending machines.ide" to "data\maps\breakable vending machines.ide"
The file "modloader\proper fixes\additional models\properfixes.ide" does not seem to be in the right virtual path, moving from "additional models\properfixes.ide" to "data\maps\properfixes.ide"
The file "modloader\urbanize\map\urbanize - bins.ipl" does not seem to be in the right virtual path, moving from "map\urbanize - bins.ipl" to "data\maps\urbanize - bins.ipl"
The file "modloader\urbanize\map\urbanize - boxes.ipl" does not seem to be in the right virtual path, moving from "map\urbanize - boxes.ipl" to "data\maps\urbanize - boxes.ipl"
The file "modloader\urbanize\map\urbanize - street side.ipl" does not seem to be in the right virtual path, moving from "map\urbanize - street side.ipl" to "data\maps\urbanize - street side.ipl"
The file "modloader\urbanize\map\urbanize - chairs.ipl" does not seem to be in the right virtual path, moving from "map\urbanize - chairs.ipl" to "data\maps\urbanize - chairs.ipl"
The file "modloader\urbanize\map\urbanize - garbage.ipl" does not seem to be in the right virtual path, moving from "map\urbanize - garbage.ipl" to "data\maps\urbanize - garbage.ipl"
The file "modloader\urbanize\map\urbanize - lights.ipl" does not seem to be in the right virtual path, moving from "map\urbanize - lights.ipl" to "data\maps\urbanize - lights.ipl"
The file "modloader\urbanize\map\urbanize - mails.ipl" does not seem to be in the right virtual path, moving from "map\urbanize - mails.ipl" to "data\maps\urbanize - mails.ipl"
The file "modloader\urbanize\map\urbanize - roofs.ipl" does not seem to be in the right virtual path, moving from "map\urbanize - roofs.ipl" to "data\maps\urbanize - roofs.ipl"
The file "modloader\urbanize\map\urbanize - vases.ipl" does not seem to be in the right virtual path, moving from "map\urbanize - vases.ipl" to "data\maps\urbanize - vases.ipl"
The file "modloader\urbanize\map\urbanize.ipl" does not seem to be in the right virtual path, moving from "map\urbanize.ipl" to "data\maps\urbanize.ipl"
The file "modloader\prioridade 60\fix\food eating fix\food models\food eating fix.ide" does not seem to be in the right virtual path, moving from "fix\food eating fix\food models\food eating fix.ide" to "data\maps\food eating fix.ide"
The file "modloader\prioridade 60\mapas\san andreas bus station\maps\vegas\vegass.ipl" does not seem to be in the right virtual path, moving from "mapas\san andreas bus station\maps\vegas\vegass.ipl" to "data\maps\vegas\vegass.ipl"
The file "modloader\prioridade 60\mapas\dam extended\dam with alot addons with waterfall\countryn.ipl" does not seem to be in the right virtual path, moving from "mapas\dam extended\dam with alot addons with waterfall\countryn.ipl" to "data\maps\country\countryn.ipl"
The file "modloader\proper fixes\additional textures\properfixestxdp.ide" does not seem to be in the right virtual path, moving from "additional textures\properfixestxdp.ide" to "data\maps\properfixestxdp.ide"
The file "modloader\prioridade 60\mapas\san andreas bus station\maps\leveldes\levelxre.ide" does not seem to be in the right virtual path, moving from "mapas\san andreas bus station\maps\leveldes\levelxre.ide" to "data\maps\leveldes\levelxre.ide"
The file "modloader\prioridade 60\mapas\san andreas bus station\maps\generic\dynamic.ide" does not seem to be in the right virtual path, moving from "mapas\san andreas bus station\maps\generic\dynamic.ide" to "data\maps\generic\dynamic.ide"
The file "modloader\prioridade 60\mapas\san andreas bus station\maps\generic\dynamic2.ide" does not seem to be in the right virtual path, moving from "mapas\san andreas bus station\maps\generic\dynamic2.ide" to "data\maps\generic\dynamic2.ide"
The file "modloader\prioridade 60\mapas\san andreas bus station\maps\generic\multiobj.ide" does not seem to be in the right virtual path, moving from "mapas\san andreas bus station\maps\generic\multiobj.ide" to "data\maps\generic\multiobj.ide"
The file "modloader\prioridade 60\mapas\san andreas bus station\maps\generic\procobj.ide" does not seem to be in the right virtual path, moving from "mapas\san andreas bus station\maps\generic\procobj.ide" to "data\maps\generic\procobj.ide"
The file "modloader\prioridade 60\mapas\san andreas bus station\maps\interior\propext.ide" does not seem to be in the right virtual path, moving from "mapas\san andreas bus station\maps\interior\propext.ide" to "data\maps\interior\propext.ide"
The file "modloader\prioridade 60\mapas\san andreas bus station\maps\vegas\vegass.ide" does not seem to be in the right virtual path, moving from "mapas\san andreas bus station\maps\vegas\vegass.ide" to "data\maps\vegas\vegass.ide"
The file "modloader\prioridade 80\new algorithm for trains\tllgs.ide" does not seem to be in the right virtual path, moving from "new algorithm for trains\tllgs.ide" to "modloader\new algorithm for trains\tllgs.ide"
The file "modloader\prioridade 90\parking save garages\data\maps\grgx_park\grgx_park.ipl" does not seem to be in the right virtual path, moving from "data\maps\grgx_park\grgx_park.ipl" to "data\maps\grgx_park.ipl"
The file "modloader\prioridade 70\male01 nervoso\peds.ide" does not seem to be in the right virtual path, moving from "male01 nervoso\peds.ide" to "data\peds.ide"
The file "modloader\prioridade 80\enterable hidden interiors\map files replace\leveldes\levelmap.ide" does not seem to be in the right virtual path, moving from "enterable hidden interiors\map files replace\leveldes\levelmap.ide" to "data\maps\leveldes\levelmap.ide"
The file "modloader\prioridade 90\sf tags\sf_tags.ipl" does not seem to be in the right virtual path, moving from "sf tags\sf_tags.ipl" to "data\maps\sf_tags.ipl"
The file "modloader\proper fixes\lod vegetation\lodvegetation.ide" does not seem to be in the right virtual path, moving from "lod vegetation\lodvegetation.ide" to "data\maps\lodvegetation.ide"
The file "modloader\proper fixes\map\data\maps\vegas\vegaxref.ipl" is not a registered entry in the level file, ignoring.
The file "modloader\proper fixes\sa optimized map\sa optimized map.ide" does not seem to be in the right virtual path, moving from "sa optimized map\sa optimized map.ide" to "data\maps\sa optimized map.ide"
The file "modloader\prioridade 100\custom vinewood text\custom vinewood text.ide" does not seem to be in the right virtual path, moving from "custom vinewood text\custom vinewood text.ide" to "data\maps\custom vinewood text.ide"
The file "modloader\prioridade 100\graffiti anywhere\graffitis\graffitianywhere.ide" does not seem to be in the right virtual path, moving from "graffiti anywhere\graffitis\graffitianywhere.ide" to "data\maps\graffitianywhere.ide"
The file "modloader\prioridade 100\in-game map editor\test.ipl" is not a registered entry in the level file, ignoring.
Opening file for streaming "data\paths\carrec.img"
Opening file for streaming "data\script\script.img"
Opening file for streaming "modloader\proper fixes\cutscene.img"
Opening file for streaming "cleo\skin.img"
Opening file for streaming "modloader\rosa project evolved\rosa project evolved -  exterior\files\models\rosa_evolved_a.img"
Opening file for streaming "modloader\rosa project evolved\rosa project evolved -  exterior\files\models\rosa_evolved_b.img"
Opening file for streaming "modloader\rosa project evolved\rosa project evolved -  exterior\files\models\rosa_evolved_c.img"
Opening file for streaming "modloader\rosa project evolved\rosa project evolved -  exterior\files\models\rosa_evolved_d.img"
Opening file for streaming "modloader\rosa project evolved\rosa project evolved - cutscene\files\models\proper_cutscene_retex.img"
Opening file for streaming "modloader\rosa project evolved\rosa project evolved - interior\files\models\proper_interior_retex.img"
Loading default object types "data\default.ide"
Loading custom object types "C:\Users\felip\AppData\Local\modloader\gta3.std.data\1\vehicles.ide"
Loading custom object types "C:\Users\felip\AppData\Local\modloader\gta3.std.data\1\peds.ide"
Loading custom object types "modloader\proper fixes\map\data\maps\generic\vegepart.ide"
Loading custom object types "modloader\proper fixes\map\data\maps\generic\barriers.ide"
Loading custom object types "C:\Users\felip\AppData\Local\modloader\gta3.std.data\1\dynamic.ide"
Loading custom object types "C:\Users\felip\AppData\Local\modloader\gta3.std.data\1\dynamic2.ide"
Loading custom object types "C:\Users\felip\AppData\Local\modloader\gta3.std.data\1\multiobj.ide"
Loading custom object types "C:\Users\felip\AppData\Local\modloader\gta3.std.data\1\procobj.ide"
Loading custom object types "modloader\proper fixes\map\data\maps\la\lan.ide"
Loading custom object types "modloader\proper fixes\map\data\maps\la\lan2.ide"
Loading custom object types "modloader\proper fixes\map\data\maps\la\las.ide"
Loading custom object types "modloader\proper fixes\map\data\maps\la\las2.ide"
Loading custom object types "modloader\proper fixes\map\data\maps\la\lae.ide"
Loading custom object types "modloader\proper fixes\map\data\maps\la\lae2.ide"
Loading custom object types "modloader\proper fixes\map\data\maps\la\law2.ide"
Loading custom object types "modloader\proper fixes\map\data\maps\la\law.ide"
Loading custom object types "modloader\proper fixes\map\data\maps\la\lawn.ide"
Loading custom object types "modloader\proper fixes\map\data\maps\la\lahills.ide"
Loading custom object types "modloader\proper fixes\map\data\maps\la\laxref.ide"
Loading custom object types "modloader\proper fixes\map\data\maps\sf\sfn.ide"
Loading custom object types "modloader\proper fixes\map\data\maps\sf\sfs.ide"
Loading custom object types "modloader\proper fixes\map\data\maps\sf\sfse.ide"
Loading custom object types "modloader\proper fixes\map\data\maps\sf\sfe.ide"
Loading custom object types "modloader\proper fixes\map\data\maps\sf\sfw.ide"
Loading custom object types "modloader\proper fixes\map\data\maps\sf\sfxref.ide"
Loading custom object types "modloader\proper fixes\map\data\maps\vegas\vegasn.ide"
Loading custom object types "C:\Users\felip\AppData\Local\modloader\gta3.std.data\1\vegass.ide"
Loading custom object types "modloader\proper fixes\map\data\maps\vegas\vegase.ide"
Loading custom object types "modloader\proper fixes\map\data\maps\vegas\vegasw.ide"
Loading custom object types "modloader\proper fixes\map\data\maps\vegas\vegaxref.ide"
Loading custom object types "modloader\proper fixes\map\data\maps\country\countryn.ide"
Loading custom object types "modloader\proper fixes\map\data\maps\country\countn2.ide"
Loading custom object types "modloader\proper fixes\map\data\maps\country\countrys.ide"
Loading custom object types "C:\Users\felip\AppData\Local\modloader\gta3.std.data\1\countrye.ide"
Loading custom object types "modloader\proper fixes\map\data\maps\country\countryw.ide"
Loading custom object types "modloader\proper fixes\map\data\maps\country\counxref.ide"
Loading custom object types "modloader\proper fixes\map\data\maps\interior\int_la.ide"
Loading custom object types "modloader\proper fixes\map\data\maps\interior\int_sf.ide"
Loading custom object types "modloader\proper fixes\map\data\maps\interior\int_veg.ide"
Loading default object types "data\maps\interior\int_cont.ide"
Loading custom object types "C:\Users\felip\AppData\Local\modloader\gta3.std.data\1\levelmap.ide"
Loading custom object types "C:\Users\felip\AppData\Local\modloader\gta3.std.data\1\levelxre.ide"
Loading default object types "data\maps\interior\gen_int1.ide"
Loading default object types "data\maps\interior\gen_int2.ide"
Loading custom object types "modloader\proper fixes\map\data\maps\interior\gen_intb.ide"
Loading custom object types "modloader\proper fixes\map\data\maps\interior\gen_int3.ide"
Loading default object types "data\maps\interior\gen_int4.ide"
Loading custom object types "modloader\proper fixes\map\data\maps\interior\gen_int5.ide"
Loading default object types "data\maps\interior\savehous.ide"
Loading custom object types "modloader\proper fixes\map\data\maps\interior\stadint.ide"
Loading default object types "data\maps\leveldes\seabed.ide"
Loading custom object types "modloader\proper fixes\map\data\maps\interior\props.ide"
Loading custom object types "modloader\proper fixes\map\data\maps\interior\props2.ide"
Loading custom object types "C:\Users\felip\AppData\Local\modloader\gta3.std.data\1\propext.ide"
Loading default object types "data\maps\veh_mods\veh_mods.ide"
Loading default object types "data\txdcut.ide"
Loading custom object types "modloader\prioridade 5\nextgen effects\map\effects.ide"
Loading custom object types "modloader\tuning mod parts\gta v rat rod engine\vrat_engine.ide"
Loading custom object types "modloader\tuning mod parts\pack apocalipse 1\pack apocalipse 1.ide"
Loading custom object types "modloader\tuning mod parts\pack apocalipse 2\pack apocalipse 2.ide"
Loading custom object types "modloader\prioridade 40\animal statues remastered\asremastered.ide"
Loading custom object types "modloader\rosa project evolved\rosa project evolved -  exterior\files\txdp.ide"
Loading custom object types "modloader\prioridade 60\fix\food eating fix\food models\food eating fix.ide"
Loading custom object types "modloader\prioridade 60\restored unused peds\data\maps\restored unused peds.ide"
Loading custom object types "modloader\prioridade 80\breakable vending machines\breakable vending machines.ide"
Loading custom object types "modloader\prioridade 80\new algorithm for trains\tllgs.ide"
Loading custom object types "modloader\prioridade 90\parking save garages\data\maps\grgx_park\grgx_park.ide"
Loading custom object types "modloader\proper fixes\additional models\properfixes.ide"
Loading custom object types "modloader\proper fixes\additional textures\properfixestxdp.ide"
Loading custom object types "modloader\proper fixes\lod vegetation\lodvegetation.ide"
Loading custom object types "modloader\proper fixes\sa optimized map\sa optimized map.ide"
Loading custom object types "modloader\prioridade 100\custom vinewood text\custom vinewood text.ide"
Loading custom object types "modloader\prioridade 100\graffiti anywhere\graffitis\graffitianywhere.ide"
Using non-streamed resource "modloader\prioridade 5\nextgen effects\map\effects.col"
Using non-streamed resource "modloader\prioridade 60\fix\food eating fix\food models\food eating fix.col"
Using non-streamed resource "modloader\prioridade 80\breakable vending machines\breakable vending machines.col"
Using non-streamed resource "modloader\prioridade 80\new algorithm for trains\colltl.col"
Using non-streamed resource "modloader\prioridade 90\parking save garages\data\maps\grgx_park\grgx_carpark.col"
Using non-streamed resource "modloader\proper fixes\lod vegetation\lodvegetation.col"
Using non-streamed resource "modloader\prioridade 100\custom vinewood text\custom vinewood text.col"
Using non-streamed resource "modloader\prioridade 100\graffiti anywhere\graffitis\graffitianywhere.col"
Loading custom object data "modloader\prioridade 5\nextgen effects\data\object.dat"
Loading custom vehicle colours "C:\Users\felip\AppData\Local\modloader\gta3.std.data\0\carcols.dat"
Loading custom vehicle upgrades "C:\Users\felip\AppData\Local\modloader\gta3.std.data\0\carmods.dat"
Initializing the streaming...
Failed to open cd stream "cleo\skin.img" for fetching
Loading abstract cd directory...
Importing model file for index 21548 at "modloader\prioridade 70\mapa\interiores\mercadinho\711_sfw.txd"
Importing model file for index 22591 at "modloader\prioridade 70\mapa\interiores\mercadinho\711c.txd"
Importing model file for index 20729 at "modloader\prioridade 70\mapa\interiores\mercadinho\7_11_door.txd"
Importing model file for index 22594 at "modloader\prioridade 70\mapa\interiores\mercadinho\7_11_posters.txd"
Importing model file for index 13659 at "modloader\prioridade 60\mapas\8-tracks random\8tracks\8bar5.dff"
Importing model file for index 22791 at "modloader\prioridade 60\mapas\8-tracks random\8tracks\8bars.txd"
Importing model file for index 13626 at "modloader\prioridade 60\mapas\8-tracks random\8tracks\8road2.dff"
Importing model file for index 13630 at "modloader\prioridade 60\mapas\8-tracks random\8tracks\8screen.dff"
Importing model file for index 13629 at "modloader\prioridade 60\mapas\8-tracks random\8tracks\8screen01.dff"
Importing model file for index 13628 at "modloader\prioridade 60\mapas\8-tracks random\8tracks\8stad.dff"
Importing model file for index 22784 at "modloader\prioridade 60\mapas\8-tracks random\8tracks\8stad.txd"
Importing model file for index 13660 at "modloader\prioridade 60\mapas\8-tracks random\8tracks\8track1.dff"
Importing model file for index 23685 at "modloader\prioridade 100\myths maker\cleo\animals\anim13\a13_1.txd"
Importing model file for index 23686 at "modloader\prioridade 100\myths maker\cleo\animals\anim13\a13_2.txd"
Importing model file for index 23687 at "modloader\prioridade 100\myths maker\cleo\animals\anim14\a14_1.txd"
Importing model file for index 23688 at "modloader\prioridade 100\myths maker\cleo\animals\anim14\a14_2.txd"
Importing model file for index 23689 at "modloader\prioridade 100\myths maker\cleo\animals\anim14\a14_3.txd"
Importing model file for index 23690 at "modloader\prioridade 100\myths maker\cleo\animals\anim14\a14_4.txd"
Importing model file for index 23691 at "modloader\prioridade 100\myths maker\cleo\animals\anim17\a17_1.txd"
Importing model file for index 23692 at "modloader\prioridade 100\myths maker\cleo\animals\anim18\a18_1.txd"
Importing model file for index 23693 at "modloader\prioridade 100\myths maker\cleo\animals\anim19\a19_1.txd"
Importing model file for index 23694 at "modloader\prioridade 100\myths maker\cleo\animals\anim19\a19_2.txd"
Importing model file for index 23695 at "modloader\prioridade 100\myths maker\cleo\animals\anim1\a1_1.txd"
Importing model file for index 23696 at "modloader\prioridade 100\myths maker\cleo\animals\anim20\a20_1.txd"
Importing model file for index 23697 at "modloader\prioridade 100\myths maker\cleo\animals\anim20\a20_2.txd"
Importing model file for index 23698 at "modloader\prioridade 100\myths maker\cleo\animals\anim20\a20_3.txd"
Importing model file for index 23699 at "modloader\prioridade 100\myths maker\cleo\animals\anim2\a2_1.txd"
Importing model file for index 23700 at "modloader\prioridade 100\myths maker\cleo\animals\anim2\a2_2.txd"
Importing model file for index 23701 at "modloader\prioridade 100\myths maker\cleo\animals\anim3\a3_1.txd"
Importing model file for index 23702 at "modloader\prioridade 100\myths maker\cleo\animals\anim3\a3_2.txd"
Importing model file for index 23703 at "modloader\prioridade 100\myths maker\cleo\animals\anim3\a3_3.txd"
Importing model file for index 23704 at "modloader\prioridade 100\myths maker\cleo\animals\anim4\a4_1.txd"
Importing model file for index 23705 at "modloader\prioridade 100\myths maker\cleo\animals\anim4\a4_2.txd"
Importing model file for index 23706 at "modloader\prioridade 100\myths maker\cleo\animals\anim4\a4_3.txd"
Importing model file for index 22055 at "modloader\prioridade 80\enterable hidden interiors\models\gta3.img\a51_detailstuff.txd"
Importing model file for index 23707 at "modloader\prioridade 100\myths maker\cleo\animals\anim5\a5_1.txd"
Importing model file for index 23708 at "modloader\prioridade 100\myths maker\cleo\animals\anim5\a5_2.txd"
Importing model file for index 23709 at "modloader\prioridade 100\myths maker\cleo\animals\anim5\a5_3.txd"
Importing model file for index 23710 at "modloader\prioridade 100\myths maker\cleo\animals\anim5\a5_4.txd"
Importing model file for index 14638 at "modloader\prioridade 80\enterable hidden interiors\models\gta_int.img\ab_mafsuitedoor.dff"
Importing model file for index 445 at "modloader\prioridade 40\carros originais imvehft\models\gta3img\dffs\admiral.dff"
Importing model file for index 20116 at "modloader\prioridade 40\carros originais imvehft\models\gta3img\txds\admiral.txd"
Importing model file for index 1241 at "modloader\rosa project evolved\rosa project evolved -  exterior\files\rosa-dff\gta3\adrenaline.dff"
Importing model file for index 355 at "modloader\rosa project evolved\rosa project evolved -  exterior\files\rosa-dff\gta3\ak47.dff"
Importing model file for index 20050 at "modloader\prioridade 40\nextgen remaster weapons\gameplay  weapons - items\ak47.txd"
Importing model file for index 602 at "modloader\prioridade 40\carros originais imvehft\models\gta3img\dffs\alpha.dff"
Importing model file for index 20273 at "modloader\prioridade 40\carros originais imvehft\models\gta3img\txds\alpha.txd"
Importing model file for index 416 at "modloader\prioridade 60\veículos\carros\ambulance\ambulan.dff"
Importing model file for index 20087 at "modloader\prioridade 60\veículos\carros\ambulance\ambulan.txd"
Importing model file for index 23711 at "modloader\prioridade 100\myths maker\cleo\animals\anim0\anim0.txd"
Importing model file for index 25730 at "modloader\prioridade 100\myths maker\cleo\animals\anim1\anim1.ifp"
Importing model file for index 23712 at "modloader\prioridade 100\myths maker\cleo\animals\anim1\anim1.txd"
Importing model file for index 23713 at "modloader\prioridade 100\myths maker\cleo\animals\anim10\anim10.txd"
Importing model file for index 23714 at "modloader\prioridade 100\myths maker\cleo\animals\anim11\anim11.txd"
Importing model file for index 23715 at "modloader\prioridade 100\myths maker\cleo\animals\anim12\anim12.txd"
Importing model file for index 25731 at "modloader\prioridade 100\myths maker\cleo\animals\anim13\anim13.ifp"
Importing model file for index 23716 at "modloader\prioridade 100\myths maker\cleo\animals\anim13\anim13.txd"
Importing model file for index 23717 at "modloader\prioridade 100\myths maker\cleo\animals\anim14\anim14.txd"
Importing model file for index 23718 at "modloader\prioridade 100\myths maker\cleo\animals\anim15\anim15.txd"
Importing model file for index 23719 at "modloader\prioridade 100\myths maker\cleo\animals\anim16\anim16.txd"
Importing model file for index 23720 at "modloader\prioridade 100\myths maker\cleo\animals\anim17\anim17.txd"
Importing model file for index 23721 at "modloader\prioridade 100\myths maker\cleo\animals\anim18\anim18.txd"
Importing model file for index 23722 at "modloader\prioridade 100\myths maker\cleo\animals\anim19\anim19.txd"
Importing model file for index 23723 at "modloader\prioridade 100\myths maker\cleo\animals\anim2\anim2.txd"
Importing model file for index 23724 at "modloader\prioridade 100\myths maker\cleo\animals\anim20\anim20.txd"
Importing model file for index 23725 at "modloader\prioridade 100\myths maker\cleo\animals\anim3\anim3.txd"
Importing model file for index 23726 at "modloader\prioridade 100\myths maker\cleo\animals\anim4\anim4.txd"
Importing model file for index 25732 at "modloader\prioridade 100\myths maker\cleo\animals\anim5\anim5.ifp"
Importing model file for index 23727 at "modloader\prioridade 100\myths maker\cleo\animals\anim5\anim5.txd"
Importing model file for index 23728 at "modloader\prioridade 100\myths maker\cleo\animals\anim6\anim6.txd"
Importing model file for index 23729 at "modloader\prioridade 100\myths maker\cleo\animals\anim7\anim7.txd"
Importing model file for index 23730 at "modloader\prioridade 100\myths maker\cleo\animals\anim8\anim8.txd"
Importing model file for index 23731 at "modloader\prioridade 100\myths maker\cleo\animals\anim9\anim9.txd"
Importing model file for index 1683 at "modloader\prioridade 60\mapas\generic mod\models\gta3.img\ap_jumbo_01.dff"
Importing model file for index 15517 at "modloader\tuning mod parts\pack apocalipse 1\apoc1_bar1.dff"
Importing model file for index 15518 at "modloader\tuning mod parts\pack apocalipse 1\apoc1_bar2.dff"
Importing model file for index 15519 at "modloader\tuning mod parts\pack apocalipse 1\apoc1_bar3.dff"
Importing model file for index 15520 at "modloader\tuning mod parts\pack apocalipse 1\apoc1_bar4.dff"
Importing model file for index 15511 at "modloader\tuning mod parts\pack apocalipse 1\apoc1_dump.dff"
Importing model file for index 15512 at "modloader\tuning mod parts\pack apocalipse 1\apoc1_exhaust.dff"
Importing model file for index 15516 at "modloader\tuning mod parts\pack apocalipse 1\apoc1_light.dff"
Importing model file for index 15523 at "modloader\tuning mod parts\pack apocalipse 1\apoc1_stair.dff"
Importing model file for index 15521 at "modloader\tuning mod parts\pack apocalipse 1\apoc1_store1.dff"
Importing model file for index 15522 at "modloader\tuning mod parts\pack apocalipse 1\apoc1_store2.dff"
Importing model file for index 15515 at "modloader\tuning mod parts\pack apocalipse 1\apoc1_turret.dff"
Importing model file for index 15514 at "modloader\tuning mod parts\pack apocalipse 1\apoc1_turretbase.dff"
Importing model file for index 15513 at "modloader\tuning mod parts\pack apocalipse 1\apoc1_wheel.dff"
Importing model file for index 15549 at "modloader\tuning mod parts\pack apocalipse 2\apoc2_axis.dff"
Importing model file for index 15572 at "modloader\tuning mod parts\pack apocalipse 2\apoc2_body.dff"
Importing model file for index 15542 at "modloader\tuning mod parts\pack apocalipse 2\apoc2_bumper1.dff"
Importing model file for index 15543 at "modloader\tuning mod parts\pack apocalipse 2\apoc2_bumper2.dff"
Importing model file for index 15551 at "modloader\tuning mod parts\pack apocalipse 2\apoc2_chain1.dff"
Importing model file for index 15552 at "modloader\tuning mod parts\pack apocalipse 2\apoc2_chain2.dff"
Importing model file for index 15550 at "modloader\tuning mod parts\pack apocalipse 2\apoc2_exhaust.dff"
Importing model file for index 15553 at "modloader\tuning mod parts\pack apocalipse 2\apoc2_gun.dff"
Importing model file for index 15559 at "modloader\tuning mod parts\pack apocalipse 2\apoc2_interiorgear.dff"
Importing model file for index 15558 at "modloader\tuning mod parts\pack apocalipse 2\apoc2_interiorpart.dff"
Importing model file for index 15554 at "modloader\tuning mod parts\pack apocalipse 2\apoc2_ladder.dff"
Importing model file for index 15555 at "modloader\tuning mod parts\pack apocalipse 2\apoc2_lights.dff"
Importing model file for index 15569 at "modloader\tuning mod parts\pack apocalipse 2\apoc2_metal1.dff"
Importing model file for index 15570 at "modloader\tuning mod parts\pack apocalipse 2\apoc2_metal2.dff"
Importing model file for index 15566 at "modloader\tuning mod parts\pack apocalipse 2\apoc2_pipe1.dff"
Importing model file for index 15567 at "modloader\tuning mod parts\pack apocalipse 2\apoc2_pipe2.dff"
Importing model file for index 15568 at "modloader\tuning mod parts\pack apocalipse 2\apoc2_pipe3.dff"
Importing model file for index 15556 at "modloader\tuning mod parts\pack apocalipse 2\apoc2_rollcage.dff"
Importing model file for index 15557 at "modloader\tuning mod parts\pack apocalipse 2\apoc2_seat.dff"
Importing model file for index 15561 at "modloader\tuning mod parts\pack apocalipse 2\apoc2_skull.dff"
Importing model file for index 15562 at "modloader\tuning mod parts\pack apocalipse 2\apoc2_skulls.dff"
Importing model file for index 15571 at "modloader\tuning mod parts\pack apocalipse 2\apoc2_spear.dff"
Importing model file for index 15563 at "modloader\tuning mod parts\pack apocalipse 2\apoc2_spike1.dff"
Importing model file for index 15564 at "modloader\tuning mod parts\pack apocalipse 2\apoc2_spike2.dff"
Importing model file for index 15565 at "modloader\tuning mod parts\pack apocalipse 2\apoc2_spike3.dff"
Importing model file for index 15545 at "modloader\tuning mod parts\pack apocalipse 2\apoc2_spoiler.dff"
Importing model file for index 15544 at "modloader\tuning mod parts\pack apocalipse 2\apoc2_spoilersup.dff"
Importing model file for index 15560 at "modloader\tuning mod parts\pack apocalipse 2\apoc2_steer.dff"
Importing model file for index 15547 at "modloader\tuning mod parts\pack apocalipse 2\apoc2_suspension.dff"
Importing model file for index 15546 at "modloader\tuning mod parts\pack apocalipse 2\apoc2_traction.dff"
Importing model file for index 15548 at "modloader\tuning mod parts\pack apocalipse 2\apoc2_wheel.dff"
Importing model file for index 15237 at "modloader\prioridade 5\nextgen effects\map\arch_1.dff"
Importing model file for index 15238 at "modloader\prioridade 5\nextgen effects\map\arch_2.dff"
Importing model file for index 15239 at "modloader\prioridade 5\nextgen effects\map\arch_3.dff"
Importing model file for index 373 at "modloader\rosa project evolved\rosa project evolved -  exterior\files\rosa-dff\gta3\armour.dff"
Importing model file for index 20068 at "modloader\prioridade 40\nextgen remaster weapons\gameplay  weapons - items\armour.txd"
Importing model file for index 435 at "modloader\prioridade 40\carros originais imvehft\models\gta3img\dffs\artict1.dff"
Importing model file for index 20106 at "modloader\prioridade 40\carros originais imvehft\models\gta3img\txds\artict1.txd"
Importing model file for index 450 at "modloader\prioridade 40\carros originais imvehft\models\gta3img\dffs\artict2.dff"
Importing model file for index 20121 at "modloader\prioridade 40\carros originais imvehft\models\gta3img\txds\artict2.txd"
Importing model file for index 591 at "modloader\prioridade 40\carros originais imvehft\models\gta3img\dffs\artict3.dff"
Importing model file for index 20262 at "modloader\prioridade 40\carros originais imvehft\models\gta3img\txds\artict3.txd"
Importing model file for index 25733 at "modloader\prioridade 40\animal statues remastered\asremastered.ifp"
Importing model file for index 577 at "modloader\prioridade 60\veículos\avioes\angry bird plane\at400.dff"
Importing model file for index 25734 at "modloader\prioridade 100\myths maker\cleo\animals\anim16\atka16.ifp"
Importing model file for index 25735 at "modloader\prioridade 100\myths maker\cleo\animals\anim17\atka17.ifp"
Importing model file for index 15213 at "modloader\prioridade 5\nextgen effects\map\atr_bl_1.dff"
Importing model file for index 15214 at "modloader\prioridade 5\nextgen effects\map\atr_bl_2.dff"
Importing model file for index 15215 at "modloader\prioridade 5\nextgen effects\map\atr_bl_3.dff"
Importing model file for index 15216 at "modloader\prioridade 5\nextgen effects\map\atrex_bl_1.dff"
Importing model file for index 15217 at "modloader\prioridade 5\nextgen effects\map\atrex_bl_2.dff"
Importing model file for index 15218 at "modloader\prioridade 5\nextgen effects\map\atrex_bl_3.dff"
Importing model file for index 15226 at "modloader\prioridade 5\nextgen effects\map\badlnds_1.dff"
Importing model file for index 15227 at "modloader\prioridade 5\nextgen effects\map\badlnds_2.dff"
Importing model file for index 606 at "modloader\prioridade 40\carros originais imvehft\models\gta3img\dffs\bagboxa.dff"
Importing model file for index 20277 at "modloader\prioridade 40\carros originais imvehft\models\gta3img\txds\bagboxa.txd"
Importing model file for index 607 at "modloader\prioridade 40\carros originais imvehft\models\gta3img\dffs\bagboxb.dff"
Importing model file for index 20278 at "modloader\prioridade 40\carros originais imvehft\models\gta3img\txds\bagboxb.txd"
Importing model file for index 485 at "modloader\prioridade 40\carros originais imvehft\models\gta3img\dffs\baggage.dff"
Importing model file for index 20156 at "modloader\prioridade 40\carros originais imvehft\models\gta3img\txds\baggage.txd"
Importing model file for index 568 at "modloader\prioridade 60\veículos\carros\bola\bandito.dff"
Importing model file for index 20239 at "modloader\prioridade 60\veículos\carros\bola\bandito.txd"
Importing model file for index 429 at "modloader\prioridade 40\carros originais imvehft\models\gta3img\dffs\banshee.dff"
Importing model file for index 20100 at "modloader\prioridade 40\carros originais imvehft\models\gta3img\txds\banshee.txd"
Importing model file for index 433 at "modloader\prioridade 60\veículos\carros\barracks\barracks.dff"
Importing model file for index 20104 at "modloader\prioridade 60\veículos\carros\barracks\barracks.txd"
Importing model file for index 22797 at "modloader\prioridade 70\mapa\cidade\barrierblk.txd"
Importing model file for index 20928 at "modloader\prioridade 70\mapa\cidade\posto ipiranga\barrio1_lae.txd"
Importing model file for index 336 at "modloader\rosa project evolved\rosa project evolved -  exterior\files\rosa-dff\gta3\bat.dff"
Importing model file for index 20032 at "modloader\prioridade 40\nextgen remaster weapons\gameplay  weapons - items\bat.txd"
Importing model file for index 22834 at "modloader\prioridade 70\mapa\interiores\outros\bball1.txd"
Importing model file for index 3065 at "modloader\prioridade 40\nextgen remaster weapons\gameplay  pickups\bball_col.dff"
Importing model file for index 3120 at "modloader\prioridade 40\nextgen remaster weapons\gameplay  pickups\bball_ingame.dff"
Importing model file for index 22547 at "modloader\prioridade 40\nextgen remaster weapons\gameplay  pickups\bballx.txd"
Importing model file for index 23114 at "modloader\prioridade 70\skins\antigas\bbthin.txd"
Importing model file for index 22662 at "modloader\prioridade 70\mapa\interiores\casas\bdup\bdupsfurn.txd"
Importing model file for index 22663 at "modloader\prioridade 70\mapa\interiores\casas\bdup\bdupshifi.txd"
Importing model file for index 22664 at "modloader\prioridade 70\mapa\interiores\casas\bdup\bdupslight.txd"
Importing model file for index 22661 at "modloader\prioridade 70\mapa\interiores\casas\bdup\bdupsnew.txd"
Importing model file for index 511 at "modloader\prioridade 60\veículos\avioes\shark plane\beagle.dff"
Importing model file for index 20182 at "modloader\prioridade 60\veículos\avioes\shark plane\beagle.txd"
Importing model file for index 25736 at "modloader\prioridade 100\myths maker\cleo\animals\anim17\bear.ifp"
Importing model file for index 20624 at "modloader\prioridade 70\mapa\cidade\benchm.txd"
Importing model file for index 499 at "modloader\prioridade 40\carros originais imvehft\models\gta3img\dffs\benson.dff"
Importing model file for index 20170 at "modloader\prioridade 40\carros originais imvehft\models\gta3img\txds\benson.txd"
Importing model file for index 581 at "modloader\prioridade 40\carros originais imvehft\models\gta3img\dffs\bf400.dff"
Importing model file for index 20252 at "modloader\prioridade 40\carros originais imvehft\models\gta3img\txds\bf400.txd"
Importing model file for index 424 at "modloader\prioridade 40\carros originais imvehft\models\gta3img\dffs\bfinject.dff"
Importing model file for index 20095 at "modloader\prioridade 40\carros originais imvehft\models\gta3img\txds\bfinject.txd"
Importing model file for index 1274 at "modloader\rosa project evolved\rosa project evolved -  exterior\files\rosa-dff\gta3\bigdollar.dff"
Importing model file for index 21524 at "modloader\prioridade 70\mapa\interiores\comidas\frago assado\exterior\bigoldbuild_sfe.txd"
Importing model file for index 509 at "modloader\prioridade 60\veículos\carros\kibom bike\bike.dff"
Importing model file for index 20180 at "modloader\prioridade 60\veículos\carros\kibom bike\bike.txd"
Importing model file for index 20858 at "modloader\prioridade 60\mapas\toyota showroom\billbrd01_lan2.txd"
Importing model file for index 20017 at "modloader\prioridade 50\thebirdsupdate\models\birds\birds.txd"
Importing model file for index 15249 at "modloader\prioridade 5\nextgen effects\map\bistr_1.dff"
Importing model file for index 15250 at "modloader\prioridade 5\nextgen effects\map\bistr_2.dff"
Importing model file for index 15251 at "modloader\prioridade 5\nextgen effects\map\bistr_3.dff"
Importing model file for index 15252 at "modloader\prioridade 5\nextgen effects\map\bistr_4.dff"
Importing model file for index 15253 at "modloader\prioridade 5\nextgen effects\map\bistr_5.dff"
Importing model file for index 536 at "modloader\prioridade 60\veículos\carros\blade com teto\blade.dff"
Importing model file for index 20207 at "modloader\prioridade 60\veículos\carros\blade com teto\blade.txd"
Importing model file for index 15180 at "modloader\prioridade 5\nextgen effects\map\bld1_bhls.dff"
Importing model file for index 15181 at "modloader\prioridade 5\nextgen effects\map\bld2_bhls.dff"
Importing model file for index 496 at "modloader\prioridade 40\carros originais imvehft\models\gta3img\dffs\blistac.dff"
Importing model file for index 20167 at "modloader\prioridade 40\carros originais imvehft\models\gta3img\txds\blistac.txd"
Importing model file for index 504 at "modloader\prioridade 40\carros originais imvehft\models\gta3img\dffs\bloodra.dff"
Importing model file for index 20175 at "modloader\prioridade 40\carros originais imvehft\models\gta3img\txds\bloodra.txd"
Importing model file for index 23118 at "modloader\prioridade 40\carros originais imvehft\models\gta3img\txds\bloodrb.txd"
Importing model file for index 3416 at "modloader\prioridade 80\new algorithm for trains\bltlm.dff"
Importing model file for index 268 at "modloader\prioridade 60\restored unused peds\blue2.dff"
Importing model file for index 23077 at "modloader\prioridade 60\restored unused peds\blue2.txd"
Importing model file for index 272 at "modloader\prioridade 60\restored unused peds\blue3.dff"
Importing model file for index 23081 at "modloader\prioridade 60\restored unused peds\blue3.txd"
Importing model file for index 28 at "modloader\prioridade 70\skins\proerd\bmydrug.dff"
Importing model file for index 20303 at "modloader\prioridade 70\skins\proerd\bmydrug.txd"
Importing model file for index 15230 at "modloader\prioridade 5\nextgen effects\map\bnk_1.dff"
Importing model file for index 15229 at "modloader\prioridade 5\nextgen effects\map\bnk_2.dff"
Importing model file for index 15228 at "modloader\prioridade 5\nextgen effects\map\bnk_3.dff"
Importing model file for index 25737 at "modloader\prioridade 100\myths maker\cleo\animals\anim5\boar.ifp"
Importing model file for index 422 at "modloader\prioridade 40\carros originais imvehft\models\gta3img\dffs\bobcat.dff"
Importing model file for index 20093 at "modloader\prioridade 40\carros originais imvehft\models\gta3img\txds\bobcat.txd"
Importing model file for index 1242 at "modloader\rosa project evolved\rosa project evolved -  exterior\files\rosa-dff\gta3\bodyarmour.dff"
Importing model file for index 364 at "modloader\rosa project evolved\rosa project evolved -  exterior\files\rosa-dff\gta3\bomb.dff"
Importing model file for index 20059 at "modloader\prioridade 40\nextgen remaster weapons\gameplay  weapons - items\bomb.txd"
Importing model file for index 609 at "modloader\prioridade 60\veículos\carros\boxville\boxburg.dff"
Importing model file for index 20280 at "modloader\prioridade 60\veículos\carros\boxville\boxburg.txd"
Importing model file for index 498 at "modloader\prioridade 60\veículos\veh br\boxville.dff"
Importing model file for index 20169 at "modloader\prioridade 60\veículos\veh br\boxville.txd"
Importing model file for index 331 at "modloader\rosa project evolved\rosa project evolved -  exterior\files\rosa-dff\gta3\brassknuckle.dff"
Importing model file for index 20028 at "modloader\prioridade 40\nextgen remaster weapons\gameplay  weapons - items\brassknuckle.txd"
Importing model file for index 401 at "modloader\prioridade 40\carros originais imvehft\models\gta3img\dffs\bravura.dff"
Importing model file for index 20072 at "modloader\prioridade 40\carros originais imvehft\models\gta3img\txds\bravura.txd"
Importing model file for index 20685 at "modloader\prioridade 60\mapas\san andreas bus station\break_s_sf.txd"
Importing model file for index 20594 at "modloader\prioridade 40\nextgen remaster weapons\gameplay  pickups\breifcase.txd"
Importing model file for index 1247 at "modloader\rosa project evolved\rosa project evolved -  exterior\files\rosa-dff\gta3\bribe.dff"
Importing model file for index 13655 at "modloader\prioridade 60\mapas\8-tracks random\8tracks\bridge.dff"
Importing model file for index 22790 at "modloader\prioridade 60\mapas\8-tracks random\8tracks\bridge.txd"
Importing model file for index 1210 at "modloader\prioridade 40\nextgen remaster weapons\gameplay  pickups\briefcase.dff"
Importing model file for index 575 at "modloader\prioridade 40\carros originais imvehft\models\gta3img\dffs\broadway.dff"
Importing model file for index 20246 at "modloader\prioridade 40\carros originais imvehft\models\gta3img\txds\broadway.txd"
Importing model file for index 518 at "modloader\prioridade 60\veículos\veh br\buccanee.dff"
Importing model file for index 20189 at "modloader\prioridade 60\veículos\veh br\buccanee.txd"
Importing model file for index 402 at "modloader\prioridade 40\carros originais imvehft\models\gta3img\dffs\buffalo.dff"
Importing model file for index 20073 at "modloader\prioridade 40\carros originais imvehft\models\gta3img\txds\buffalo.txd"
Importing model file for index 541 at "modloader\prioridade 40\carros originais imvehft\models\gta3img\dffs\bullet.dff"
Importing model file for index 20212 at "modloader\prioridade 40\carros originais imvehft\models\gta3img\txds\bullet.txd"
Importing model file for index 22875 at "modloader\prioridade 70\mapa\interiores\comidas\burger\burger_tray.txd"
Importing model file for index 482 at "modloader\prioridade 60\veículos\carros\burrito game\burrito.dff"
Importing model file for index 20153 at "modloader\prioridade 60\veículos\carros\burrito game\burrito.txd"
Importing model file for index 431 at "modloader\prioridade 70\veiculos\onibus valinhos\bus.dff"
Importing model file for index 20102 at "modloader\prioridade 70\veiculos\onibus valinhos\bus.txd"
Importing model file for index 438 at "modloader\prioridade 60\veículos\carros\cabbie\cabbie.dff"
Importing model file for index 20109 at "modloader\prioridade 60\veículos\carros\cabbie\cabbie.txd"
Importing model file for index 457 at "modloader\prioridade 60\veículos\carros\caddy\caddy.dff"
Importing model file for index 20128 at "modloader\prioridade 60\veículos\carros\caddy\caddy.txd"
Importing model file for index 527 at "modloader\prioridade 60\veículos\carros\cadrona\cadrona.dff"
Importing model file for index 20198 at "modloader\prioridade 60\veículos\carros\cadrona\cadrona.txd"
Importing model file for index 367 at "modloader\rosa project evolved\rosa project evolved -  exterior\files\rosa-dff\gta3\camera.dff"
Importing model file for index 20062 at "modloader\prioridade 40\nextgen remaster weapons\gameplay  weapons - items\camera.txd"
Importing model file for index 1253 at "modloader\prioridade 40\nextgen remaster weapons\gameplay  pickups\camerapickup.dff"
Importing model file for index 483 at "modloader\prioridade 40\carros originais imvehft\models\gta3img\dffs\camper.dff"
Importing model file for index 20154 at "modloader\prioridade 40\carros originais imvehft\models\gta3img\txds\camper.txd"
Importing model file for index 22302 at "modloader\prioridade 5\cj house interior\carls_kit1.txd"
Importing model file for index 22303 at "modloader\prioridade 5\cj house interior\carls_kit2.txd"
Importing model file for index 22305 at "modloader\prioridade 5\cj house interior\carlslounge.txd"
Importing model file for index 22316 at "modloader\prioridade 5\cj house interior\carlspics.txd"
Importing model file for index 22296 at "modloader\prioridade 70\mapa\interiores\outros\carter_block_2.txd"
Importing model file for index 14467 at "modloader\rosa project evolved\rosa project evolved - interior\files\models\rosa-dff\gtaint\carter_statue.dff"
Importing model file for index 21671 at "modloader\prioridade 70\mapa\interiores\mercadinho\extrerior\casinoshops1.txd"
Importing model file for index 25738 at "modloader\prioridade 100\myths maker\cleo\animals\anim3\cat.ifp"
Importing model file for index 22965 at "modloader\prioridade 70\mapa\interiores\comidas\frago assado\cb_details.txd"
Importing model file for index 22151 at "modloader\prioridade 70\mapa\interiores\comidas\pizza\exterior pizza\ce_bankalley1.txd"
Importing model file for index 22203 at "modloader\prioridade 70\mapa\interiores\comidas\pizza\exterior pizza\ce_pizza.txd"
Importing model file for index 330 at "modloader\rosa project evolved\rosa project evolved -  exterior\files\rosa-dff\gta3\cellphone.dff"
Importing model file for index 20027 at "modloader\prioridade 40\nextgen remaster weapons\gameplay  weapons - items\cellphone.txd"
Importing model file for index 524 at "modloader\prioridade 40\carros originais imvehft\models\gta3img\dffs\cement.dff"
Importing model file for index 20195 at "modloader\prioridade 40\carros originais imvehft\models\gta3img\txds\cement.txd"
Importing model file for index 415 at "modloader\prioridade 40\carros originais imvehft\models\gta3img\dffs\cheetah.dff"
Importing model file for index 20086 at "modloader\prioridade 40\carros originais imvehft\models\gta3img\txds\cheetah.txd"
Importing model file for index 22876 at "modloader\prioridade 70\mapa\interiores\comidas\frago assado\chick_tray.txd"
Importing model file for index 21798 at "modloader\prioridade 70\mapa\interiores\comidas\frago assado\exterior\chinatownmall.txd"
Importing model file for index 341 at "modloader\rosa project evolved\rosa project evolved -  exterior\files\rosa-dff\gta3\chnsaw.dff"
Importing model file for index 20036 at "modloader\prioridade 40\nextgen remaster weapons\gameplay  weapons - items\chnsaw.txd"
Importing model file for index 349 at "modloader\rosa project evolved\rosa project evolved -  exterior\files\rosa-dff\gta3\chromegun.dff"
Importing model file for index 20044 at "modloader\prioridade 40\nextgen remaster weapons\gameplay  weapons - items\chromegun.txd"
Importing model file for index 21008 at "modloader\prioridade 70\mapa\cidade\comercios\cinemart_alpha.txd"
Importing model file for index 22593 at "modloader\prioridade 70\mapa\interiores\shopping\civic02cj.txd"
Importing model file for index 22423 at "modloader\prioridade 70\mapa\cidade\cj_airprt.txd"
Importing model file for index 22424 at "modloader\prioridade 70\mapa\cidade\cj_airprt2.txd"
Importing model file for index 22426 at "modloader\prioridade 70\mapa\cidade\cj_airprt3.txd"
Importing model file for index 22715 at "modloader\prioridade 70\mapa\interiores\farmacia\cj_ammun_extra.txd"
Importing model file for index 22943 at "modloader\prioridade 70\mapa\interiores\lojas de roupas\kondzilla wear\gta_int\cj_banner.txd"
Importing model file for index 22950 at "modloader\prioridade 70\mapa\interiores\lojas de roupas\kondzilla wear\gta_int\cj_banner2.txd"
Importing model file for index 22954 at "modloader\prioridade 70\mapa\interiores\lojas de roupas\marisa\cj_banner3.txd"
Importing model file for index 20688 at "modloader\prioridade 70\mapa\cidade\cj_bar.txd"
Importing model file for index 22709 at "modloader\prioridade 70\mapa\interiores\para editar\bar\cj_bar2.txd"
Importing model file for index 22949 at "modloader\prioridade 70\mapa\interiores\lojas de roupas\kondzilla wear\gta_int\cj_base5.txd"
Importing model file for index 22814 at "modloader\prioridade 5\cj house interior\cj_bed_furn.txd"
Importing model file for index 22798 at "modloader\prioridade 5\cj house interior\cj_beds.txd"
Importing model file for index 22957 at "modloader\prioridade 70\mapa\interiores\lojas de roupas\marisa\cj_binc_sign.txd"
Importing model file for index 22944 at "modloader\prioridade 70\mapa\interiores\lojas de roupas\kondzilla wear\gta_int\cj_bobo.txd"
Importing model file for index 22905 at "modloader\prioridade 70\mapa\interiores\comidas\burger\cj_burg_sign.txd"
Importing model file for index 22939 at "modloader\prioridade 70\mapa\interiores\comidas\burger\cj_burg_sign2.txd"
Importing model file for index 1776 at "modloader\prioridade 90\vending machines remastered\cj_candyvendor.dff"
Importing model file for index 22964 at "modloader\prioridade 70\mapa\interiores\comidas\frago assado\cj_cb_sign.txd"
Importing model file for index 22947 at "modloader\prioridade 70\mapa\super mario world\models\cj_coin_op.txd"
Importing model file for index 22810 at "modloader\prioridade 90\vending machines remastered\cj_commercial.txd"
Importing model file for index 3970 at "modloader\prioridade 80\enterable hidden interiors\models\gta3.img\cj_custom_bar.dff"
Importing model file for index 22906 at "modloader\prioridade 70\mapa\interiores\comidas\subway\interior\cj_don_sign.txd"
Importing model file for index 956 at "modloader\prioridade 90\vending machines remastered\cj_ext_candy.dff"
Importing model file for index 955 at "modloader\prioridade 90\vending machines remastered\cj_ext_sprunk.dff"
Importing model file for index 7393 at "modloader\prioridade 80\breakable vending machines\cj_ext_sprunk_dam.dff"
Importing model file for index 23732 at "modloader\prioridade 90\vending machines remastered\cj_ext_vend old.txd"
Importing model file for index 23001 at "modloader\prioridade 90\vending machines remastered\cj_ext_vend.txd"
Importing model file for index 23002 at "modloader\prioridade 90\vending machines remastered\cj_ext_vend2.txd"
Importing model file for index 22902 at "modloader\prioridade 70\mapa\interiores\comidas\burger\cj_ff_acc1.txd"
Importing model file for index 22903 at "modloader\prioridade 70\mapa\interiores\comidas\burger\cj_ff_counters.txd"
Importing model file for index 22808 at "modloader\prioridade 70\mapa\interiores\comidas\guaraná\cj_furniture.txd"
Importing model file for index 22864 at "modloader\prioridade 5\cj house interior\cj_games.txd"
Importing model file for index 22986 at "modloader\prioridade 70\mapa\interiores\lojas de roupas\hering\interior\cj_gash.txd"
Importing model file for index 954 at "modloader\prioridade 40\nextgen remaster weapons\gameplay  pickups\cj_horse_shoe.dff"
Importing model file for index 22904 at "modloader\prioridade 70\mapa\interiores\comidas\guaraná\cj_jucie.txd"
Importing model file for index 2601 at "modloader\prioridade 90\vending machines remastered\cj_juice_can.dff"
Importing model file for index 22809 at "modloader\prioridade 5\cj house interior\cj_lighting.txd"
Importing model file for index 1550 at "modloader\prioridade 40\nextgen remaster weapons\gameplay  pickups\cj_money_bag.dff"
Importing model file for index 20722 at "modloader\prioridade 70\mapa\cidade\cj_money_bags.txd"
Importing model file for index 22914 at "modloader\prioridade 70\mapa\interiores\comidas\guaraná\cj_off_lic.txd"
Importing model file for index 953 at "modloader\prioridade 40\nextgen remaster weapons\gameplay  pickups\cj_oyster.dff"
Importing model file for index 22941 at "modloader\prioridade 70\mapa\interiores\comidas\pizza\cj_piz_sign.txd"
Importing model file for index 22987 at "modloader\prioridade 70\mapa\interiores\lojas de roupas\centauro\interior\cj_pro.txd"
Importing model file for index 22804 at "modloader\prioridade 5\cj house interior\cj_seating.txd"
Importing model file for index 22923 at "modloader\prioridade 70\mapa\interiores\nova era games\interior\cj_sex.txd"
Importing model file for index 1775 at "modloader\prioridade 90\vending machines remastered\cj_sprunk1.dff"
Importing model file for index 7414 at "modloader\prioridade 80\breakable vending machines\cj_sprunk1_dam.dff"
Importing model file for index 22917 at "modloader\prioridade 70\mapa\interiores\mercadinho\cj_ss_1.txd"
Importing model file for index 22916 at "modloader\prioridade 70\mapa\interiores\mercadinho\cj_ss_2.txd"
Importing model file for index 22918 at "modloader\prioridade 70\mapa\interiores\mercadinho\cj_ss_3.txd"
Importing model file for index 22915 at "modloader\prioridade 70\mapa\interiores\mercadinho\cj_ss_4.txd"
Importing model file for index 20706 at "modloader\prioridade 70\mapa\cidade\cj_till_break.txd"
Importing model file for index 22933 at "modloader\prioridade 70\mapa\interiores\lojas de roupas\kondzilla wear\gta_int\cj_urb.txd"
Importing model file for index 23090 at "modloader\prioridade 80\breakable vending machines\cj_vend_manh_ext.txd"
Importing model file for index 23091 at "modloader\prioridade 80\breakable vending machines\cj_vend_manhunt.txd"
Importing model file for index 22989 at "modloader\prioridade 70\mapa\interiores\lojas de roupas\renner\interior\cj_vic.txd"
Importing model file for index 22958 at "modloader\prioridade 70\mapa\interiores\lojas de roupas\hering\interior\cj_zip_sign.txd"
Importing model file for index 22813 at "modloader\prioridade 70\mapa\interiores\comidas\guaraná\cjtemp.txd"
Importing model file for index 15254 at "modloader\prioridade 5\nextgen effects\map\clbnk_1.dff"
Importing model file for index 15255 at "modloader\prioridade 5\nextgen effects\map\clbnk_2.dff"
Importing model file for index 15256 at "modloader\prioridade 5\nextgen effects\map\clbnk_3.dff"
Importing model file for index 22895 at "modloader\prioridade 70\mapa\interiores\lojas de roupas\marisa\cloth_track_t.txd"
Importing model file for index 22898 at "modloader\prioridade 70\mapa\interiores\lojas de roupas\marisa\cloth_trackies.txd"
Importing model file for index 1275 at "modloader\prioridade 40\nextgen remaster weapons\gameplay  pickups\clothesp.dff"
Importing model file for index 542 at "modloader\prioridade 60\veículos\carros\clover\clover.dff"
Importing model file for index 20213 at "modloader\prioridade 60\veículos\carros\clover\clover.txd"
Importing model file for index 589 at "modloader\prioridade 60\veículos\carros\spongebob burger\club.dff"
Importing model file for index 20260 at "modloader\prioridade 60\veículos\carros\spongebob burger\club.txd"
Importing model file for index 21340 at "modloader\prioridade 70\mapa\interiores\comidas\frago assado\exterior\cluckbell_sfs.txd"
Importing model file for index 437 at "modloader\prioridade 70\veiculos\onibus valinhos\coach.dff"
Importing model file for index 20108 at "modloader\prioridade 70\veiculos\onibus valinhos\coach.txd"
Importing model file for index 20993 at "modloader\prioridade 70\mapa\cidade\comercios\coast_apts.txd"
Importing model file for index 472 at "modloader\prioridade 60\veículos\barcos\barco ambulancia\coastg.dff"
Importing model file for index 20143 at "modloader\prioridade 60\veículos\barcos\barco ambulancia\coastg.txd"
Importing model file for index 13661 at "modloader\prioridade 60\mapas\8-tracks random\8tracks\cockbars.dff"
Importing model file for index 22121 at "modloader\prioridade 70\mapa\interiores\loterias\coe_offtrackshop.txd"
Importing model file for index 346 at "modloader\rosa project evolved\rosa project evolved -  exterior\files\rosa-dff\gta3\colt45.dff"
Importing model file for index 20041 at "modloader\prioridade 40\nextgen remaster weapons\gameplay  weapons - items\colt45.txd"
Importing model file for index 532 at "modloader\prioridade 40\carros originais imvehft\models\gta3img\dffs\combine.dff"
Importing model file for index 20203 at "modloader\prioridade 40\carros originais imvehft\models\gta3img\txds\combine.txd"
Importing model file for index 480 at "modloader\prioridade 60\veículos\carros\comet plus+\comet.dff"
Importing model file for index 20151 at "modloader\prioridade 60\veículos\carros\comet plus+\comet.txd"
Importing model file for index 21009 at "modloader\prioridade 70\mapa\cidade\comercios\compomark_lae2.txd"
Importing model file for index 21994 at "modloader\prioridade 70\mapa\cidade\greenscreen\con_drivein.txd"
Importing model file for index 15195 at "modloader\prioridade 5\nextgen effects\map\conc_bounce1.dff"
Importing model file for index 15196 at "modloader\prioridade 5\nextgen effects\map\conc_bounce1x.dff"
Importing model file for index 15197 at "modloader\prioridade 5\nextgen effects\map\conc_bounce2.dff"
Importing model file for index 15198 at "modloader\prioridade 5\nextgen effects\map\conc_bounce2x.dff"
Importing model file for index 20995 at "modloader\prioridade 70\mapa\interiores\casas\casa sweet\contachou1_lae2.txd"
Importing model file for index 523 at "modloader\prioridade 40\carros originais imvehft\models\gta3img\dffs\copbike.dff"
Importing model file for index 20194 at "modloader\prioridade 40\carros originais imvehft\models\gta3img\txds\copbike.txd"
Importing model file for index 596 at "modloader\prioridade 70\veiculos\carro policia rosa\copcarla.dff"
Importing model file for index 20267 at "modloader\prioridade 70\veiculos\carro policia rosa\copcarla.txd"
Importing model file for index 599 at "modloader\prioridade 40\carros originais imvehft\models\gta3img\dffs\copcarru.dff"
Importing model file for index 20270 at "modloader\prioridade 40\carros originais imvehft\models\gta3img\txds\copcarru.txd"
Importing model file for index 597 at "modloader\prioridade 40\carros originais imvehft\models\gta3img\dffs\copcarsf.dff"
Importing model file for index 20268 at "modloader\prioridade 40\carros originais imvehft\models\gta3img\txds\copcarsf.txd"
Importing model file for index 598 at "modloader\prioridade 60\veículos\carros\police lv tuner\copcarvg.dff"
Importing model file for index 20269 at "modloader\prioridade 60\veículos\carros\police lv tuner\copcarvg.txd"
Importing model file for index 25017 at "modloader\prioridade 80\enterable hidden interiors\models\gta3.img\countn2_5.col"
Importing model file for index 25026 at "modloader\prioridade 80\enterable hidden interiors\models\gta3.img\countrye_13.col"
Importing model file for index 25027 at "modloader\prioridade 60\mapas\toyota showroom\countrye_2.col"
Importing model file for index 22306 at "modloader\prioridade 5\cj house interior\crlsbits.txd"
Importing model file for index 22781 at "modloader\prioridade 60\mapas\8-tracks random\8tracks\crowds.txd"
Importing model file for index 23400 at "modloader\prioridade 70\cutscene\cs9mm.txd"
Importing model file for index 23407 at "modloader\prioridade 40\nextgen remaster weapons\cutscenes  weapons - items\csbat.txd"
Importing model file for index 23408 at "modloader\prioridade 70\cutscene\csbball.txd"
Importing model file for index 23410 at "modloader\prioridade 70\cutscene\csbdup.txd"
Importing model file for index 23417 at "modloader\prioridade 70\cutscene\csbigbear.txd"
Importing model file for index 23419 at "modloader\prioridade 70\cutscene\csbigbearthin.txd"
Importing model file for index 23433 at "modloader\prioridade 40\nextgen remaster weapons\cutscenes  weapons - items\csbooka.txd"
Importing model file for index 23435 at "modloader\prioridade 70\mapa\interiores\casas\casa ryder\csbottle.txd"
Importing model file for index 23443 at "modloader\prioridade 70\cutscene\csburger1.txd"
Importing model file for index 23444 at "modloader\prioridade 70\cutscene\csburger2.txd"
Importing model file for index 23446 at "modloader\prioridade 40\nextgen remaster weapons\cutscenes  weapons - items\cscamera.txd"
Importing model file for index 23447 at "modloader\prioridade 70\cutscene\cscard.txd"
Importing model file for index 23448 at "modloader\prioridade 70\cutscene\cscarddeck.txd"
Importing model file for index 23450 at "modloader\prioridade 70\cutscene\cscase.txd"
Importing model file for index 23467 at "modloader\prioridade 40\nextgen remaster weapons\cutscenes  weapons - items\cscolt45.txd"
Importing model file for index 23471 at "modloader\prioridade 70\mapa\interiores\casas\casa ryder\cscooker.txd"
Importing model file for index 23009 at "modloader\prioridade 70\cutscene\cscopcarla92.txd"
Importing model file for index 23474 at "modloader\prioridade 40\nextgen remaster weapons\cutscenes  weapons - items\cscopmobile.txd"
Importing model file for index 23478 at "modloader\prioridade 40\nextgen remaster weapons\cutscenes  weapons - items\cscrowbar.txd"
Importing model file for index 23485 at "modloader\prioridade 40\nextgen remaster weapons\cutscenes  weapons - items\csdeserteagle.txd"
Importing model file for index 23501 at "modloader\prioridade 40\nextgen remaster weapons\cutscenes  weapons - items\csflame.txd"
Importing model file for index 23505 at "modloader\prioridade 70\mapa\interiores\casas\casa sweet\csfridge.txd"
Importing model file for index 23519 at "modloader\prioridade 40\nextgen remaster weapons\cutscenes  weapons - items\csgreengoo.txd"
Importing model file for index 23539 at "modloader\prioridade 40\nextgen remaster weapons\cutscenes  weapons - items\csjetpack.txd"
Importing model file for index 23542 at "modloader\prioridade 70\cutscene\cskendl.txd"
Importing model file for index 23544 at "modloader\prioridade 40\nextgen remaster weapons\cutscenes  weapons - items\csknife.txd"
Importing model file for index 23553 at "modloader\prioridade 40\nextgen remaster weapons\cutscenes  weapons - items\csm16.txd"
Importing model file for index 23570 at "modloader\prioridade 70\cutscene\csmoneysing.txd"
Importing model file for index 23571 at "modloader\prioridade 40\nextgen remaster weapons\cutscenes  weapons - items\csmoneystck.txd"
Importing model file for index 23598 at "modloader\prioridade 70\cutscene\cspulaski.txd"
Importing model file for index 23606 at "modloader\prioridade 70\cutscene\csryder.txd"
Importing model file for index 23607 at "modloader\prioridade 70\mapa\interiores\casas\casa ryder\csryderbrew.txd"
Importing model file for index 23609 at "modloader\prioridade 40\nextgen remaster weapons\cutscenes  weapons - items\cssilenced.txd"
Importing model file for index 23614 at "modloader\prioridade 40\nextgen remaster weapons\cutscenes  weapons - items\cssmg.txd"
Importing model file for index 23615 at "modloader\prioridade 70\cutscene\cssmoke.txd"
Importing model file for index 23618 at "modloader\prioridade 70\cutscene\cssmokevest.txd"
Importing model file for index 23619 at "modloader\prioridade 70\cutscene\cssmokevest2.txd"
Importing model file for index 23622 at "modloader\prioridade 40\nextgen remaster weapons\cutscenes  weapons - items\csspade.txd"
Importing model file for index 23623 at "modloader\prioridade 40\nextgen remaster weapons\cutscenes  weapons - items\csspray.txd"
Importing model file for index 23627 at "modloader\prioridade 70\cutscene\cssuitcase.txd"
Importing model file for index 23629 at "modloader\prioridade 70\cutscene\cssweet.txd"
Importing model file for index 23641 at "modloader\prioridade 40\nextgen remaster weapons\cutscenes  weapons - items\csthrowknife.txd"
Importing model file for index 23644 at "modloader\prioridade 70\cutscene\cstorino.txd"
Importing model file for index 23733 at "modloader\controller\gta3.img\ctrl1.txd"
Importing model file for index 23734 at "modloader\controller\gta3.img\ctrl10.txd"
Importing model file for index 23735 at "modloader\controller\gta3.img\ctrl2.txd"
Importing model file for index 23736 at "modloader\controller\gta3.img\ctrl3.txd"
Importing model file for index 23737 at "modloader\controller\gta3.img\ctrl4.txd"
Importing model file for index 23738 at "modloader\controller\gta3.img\ctrl5.txd"
Importing model file for index 23739 at "modloader\controller\gta3.img\ctrl6.txd"
Importing model file for index 23740 at "modloader\controller\gta3.img\ctrl7.txd"
Importing model file for index 23741 at "modloader\controller\gta3.img\ctrl8.txd"
Importing model file for index 23742 at "modloader\controller\gta3.img\ctrl9.txd"
Importing model file for index 25739 at "modloader\controller\anim\ctrl9x.ifp"
Importing model file for index 25740 at "modloader\controller\holding\ctrl_gf.ifp"
Importing model file for index 20887 at "modloader\prioridade 70\mapa\cidade\ctscene_las.txd"
Importing model file for index 357 at "modloader\rosa project evolved\rosa project evolved -  exterior\files\rosa-dff\gta3\cuntgun.dff"
Importing model file for index 20052 at "modloader\prioridade 40\nextgen remaster weapons\gameplay  weapons - items\cuntgun.txd"
Importing model file for index 22071 at "modloader\prioridade 70\mapa\interiores\comidas\frago assado\exterior\cuntwbtzzcs_t.txd"
Importing model file for index 15853 at "modloader\prioridade 100\custom vinewood text\dff\cust_vin_text_0.dff"
Importing model file for index 15854 at "modloader\prioridade 100\custom vinewood text\dff\cust_vin_text_1.dff"
Importing model file for index 15855 at "modloader\prioridade 100\custom vinewood text\dff\cust_vin_text_2.dff"
Importing model file for index 15856 at "modloader\prioridade 100\custom vinewood text\dff\cust_vin_text_3.dff"
Importing model file for index 15857 at "modloader\prioridade 100\custom vinewood text\dff\cust_vin_text_4.dff"
Importing model file for index 15858 at "modloader\prioridade 100\custom vinewood text\dff\cust_vin_text_5.dff"
Importing model file for index 15859 at "modloader\prioridade 100\custom vinewood text\dff\cust_vin_text_6.dff"
Importing model file for index 15860 at "modloader\prioridade 100\custom vinewood text\dff\cust_vin_text_7.dff"
Importing model file for index 15861 at "modloader\prioridade 100\custom vinewood text\dff\cust_vin_text_8.dff"
Importing model file for index 15862 at "modloader\prioridade 100\custom vinewood text\dff\cust_vin_text_9.dff"
Importing model file for index 15863 at "modloader\prioridade 100\custom vinewood text\dff\cust_vin_text_a.dff"
Importing model file for index 15864 at "modloader\prioridade 100\custom vinewood text\dff\cust_vin_text_b.dff"
Importing model file for index 15865 at "modloader\prioridade 100\custom vinewood text\dff\cust_vin_text_c.dff"
Importing model file for index 15866 at "modloader\prioridade 100\custom vinewood text\dff\cust_vin_text_d.dff"
Importing model file for index 15867 at "modloader\prioridade 100\custom vinewood text\dff\cust_vin_text_e.dff"
Importing model file for index 15868 at "modloader\prioridade 100\custom vinewood text\dff\cust_vin_text_f.dff"
Importing model file for index 15869 at "modloader\prioridade 100\custom vinewood text\dff\cust_vin_text_g.dff"
Importing model file for index 15870 at "modloader\prioridade 100\custom vinewood text\dff\cust_vin_text_h.dff"
Importing model file for index 15871 at "modloader\prioridade 100\custom vinewood text\dff\cust_vin_text_i.dff"
Importing model file for index 15872 at "modloader\prioridade 100\custom vinewood text\dff\cust_vin_text_j.dff"
Importing model file for index 15873 at "modloader\prioridade 100\custom vinewood text\dff\cust_vin_text_k.dff"
Importing model file for index 15874 at "modloader\prioridade 100\custom vinewood text\dff\cust_vin_text_l.dff"
Importing model file for index 15875 at "modloader\prioridade 100\custom vinewood text\dff\cust_vin_text_m.dff"
Importing model file for index 15876 at "modloader\prioridade 100\custom vinewood text\dff\cust_vin_text_n.dff"
Importing model file for index 15877 at "modloader\prioridade 100\custom vinewood text\dff\cust_vin_text_o.dff"
Importing model file for index 15878 at "modloader\prioridade 100\custom vinewood text\dff\cust_vin_text_p.dff"
Importing model file for index 15879 at "modloader\prioridade 100\custom vinewood text\dff\cust_vin_text_q.dff"
Importing model file for index 15880 at "modloader\prioridade 100\custom vinewood text\dff\cust_vin_text_r.dff"
Importing model file for index 15881 at "modloader\prioridade 100\custom vinewood text\dff\cust_vin_text_s.dff"
Importing model file for index 15882 at "modloader\prioridade 100\custom vinewood text\dff\cust_vin_text_t.dff"
Importing model file for index 15883 at "modloader\prioridade 100\custom vinewood text\dff\cust_vin_text_u.dff"
Importing model file for index 15884 at "modloader\prioridade 100\custom vinewood text\dff\cust_vin_text_v.dff"
Importing model file for index 15885 at "modloader\prioridade 100\custom vinewood text\dff\cust_vin_text_w.dff"
Importing model file for index 15886 at "modloader\prioridade 100\custom vinewood text\dff\cust_vin_text_x.dff"
Importing model file for index 15887 at "modloader\prioridade 100\custom vinewood text\dff\cust_vin_text_y.dff"
Importing model file for index 15888 at "modloader\prioridade 100\custom vinewood text\dff\cust_vin_text_z.dff"
Importing model file for index 200 at "modloader\prioridade 70\skins\antigas\cwmyhb2.dff"
Importing model file for index 20469 at "modloader\prioridade 70\skins\antigas\cwmyhb2.txd"
Importing model file for index 1317 at "modloader\prioridade 40\nextgen remaster weapons\gameplay  pickups\cylinder.dff"
Importing model file for index 22888 at "modloader\prioridade 70\mapa\interiores\comidas\subway\interior\d_s.txd"
Importing model file for index 15200 at "modloader\prioridade 5\nextgen effects\map\d_short.dff"
Importing model file for index 15208 at "modloader\prioridade 5\nextgen effects\map\d_short2.dff"
Importing model file for index 15199 at "modloader\prioridade 5\nextgen effects\map\d_tall.dff"
Importing model file for index 15209 at "modloader\prioridade 5\nextgen effects\map\d_tall2.dff"
Importing model file for index 15210 at "modloader\prioridade 5\nextgen effects\map\d_tall_t.dff"
Importing model file for index 15211 at "modloader\prioridade 5\nextgen effects\map\d_tall_t2.dff"
Importing model file for index 15193 at "modloader\prioridade 5\nextgen effects\map\dana_bh.dff"
Importing model file for index 15201 at "modloader\prioridade 5\nextgen effects\map\dana_bh2.dff"
Importing model file for index 15202 at "modloader\prioridade 5\nextgen effects\map\dana_bh3.dff"
Importing model file for index 15203 at "modloader\prioridade 5\nextgen effects\map\dana_cnc1.dff"
Importing model file for index 15204 at "modloader\prioridade 5\nextgen effects\map\dana_cnc2.dff"
Importing model file for index 15205 at "modloader\prioridade 5\nextgen effects\map\dana_cnc3.dff"
Importing model file for index 25741 at "modloader\prioridade 100\myths maker\cleo\animals\anim20\deer1.ifp"
Importing model file for index 16094 at "modloader\prioridade 80\enterable hidden interiors\models\gta3.img\des_a51infenc.dff"
Importing model file for index 11470 at "modloader\prioridade 40\animal statues remastered\des_bigbull.dff"
Importing model file for index 16776 at "modloader\prioridade 40\animal statues remastered\des_cockbody.dff"
Importing model file for index 21983 at "modloader\prioridade 70\mapa\interiores\comidas\frago assado\exterior\des_dinerw.txd"
Importing model file for index 21975 at "modloader\prioridade 40\animal statues remastered\des_steakhouse.txd"
Importing model file for index 22008 at "modloader\prioridade 40\animal statues remastered\des_stownmots1.txd"
Importing model file for index 22024 at "modloader\prioridade 70\mapa\interiores\comidas\frago assado\exterior\des_ufoinn.txd"
Importing model file for index 21978 at "modloader\prioridade 60\mapas\dam extended\des_wdam.txd"
Importing model file for index 348 at "modloader\rosa project evolved\rosa project evolved -  exterior\files\rosa-dff\gta3\desert_eagle.dff"
Importing model file for index 20043 at "modloader\prioridade 40\nextgen remaster weapons\gameplay  weapons - items\desert_eagle.txd"
Importing model file for index 21979 at "modloader\prioridade 60\mapas\dam extended\desertdam.txd"
Importing model file for index 22048 at "modloader\prioridade 40\animal statues remastered\desn2_peckers.txd"
Importing model file for index 22052 at "modloader\prioridade 70\mapa\cidade\desn2_roadbloks.txd"
Importing model file for index 16442 at "modloader\prioridade 40\animal statues remastered\desn2_stripsigs1.dff"
Importing model file for index 578 at "modloader\prioridade 40\carros originais imvehft\models\gta3img\dffs\dft30.dff"
Importing model file for index 20249 at "modloader\prioridade 40\carros originais imvehft\models\gta3img\txds\dft30.txd"
Importing model file for index 20728 at "modloader\prioridade 40\nextgen remaster weapons\gameplay  pickups\diamond.txd"
Importing model file for index 1559 at "modloader\rosa project evolved\rosa project evolved -  exterior\files\rosa-dff\gta3\diamond_3.dff"
Importing model file for index 473 at "modloader\prioridade 60\veículos\barcos\jaguars_raft\dinghy.dff"
Importing model file for index 20144 at "modloader\prioridade 60\veículos\barcos\jaguars_raft\dinghy.txd"
Importing model file for index 25742 at "modloader\urbanize\gta3img\djjr_urbanize.ifp"
Importing model file for index 593 at "modloader\prioridade 60\veículos\avioes\aviao papel\dodo.dff"
Importing model file for index 20264 at "modloader\prioridade 60\veículos\avioes\aviao papel\dodo.txd"
Importing model file for index 25743 at "modloader\prioridade 100\myths maker\cleo\animals\anim1\dog.ifp"
Importing model file for index 22878 at "modloader\prioridade 70\mapa\interiores\comidas\subway\interior\donut_tray.txd"
Importing model file for index 486 at "modloader\prioridade 60\veículos\veh br\dozer.dff"
Importing model file for index 20157 at "modloader\prioridade 60\veículos\veh br\dozer.txd"
Importing model file for index 15179 at "modloader\prioridade 5\nextgen effects\map\dr_dc1x.dff"
Importing model file for index 22297 at "modloader\prioridade 70\mapa\interiores\quadros\dr_gsbits.txd"
Importing model file for index 25621 at "modloader\prioridade 90\manual driveby remake\drivebys.ifp"
Importing model file for index 20853 at "modloader\prioridade 70\mapa\interiores\loterias\dtbuil1_lan2.txd"
Importing model file for index 406 at "modloader\prioridade 40\carros originais imvehft\models\gta3img\dffs\dumper.dff"
Importing model file for index 20077 at "modloader\prioridade 40\carros originais imvehft\models\gta3img\txds\dumper.txd"
Importing model file for index 573 at "modloader\prioridade 40\carros originais imvehft\models\gta3img\dffs\duneride.dff"
Importing model file for index 20244 at "modloader\prioridade 40\carros originais imvehft\models\gta3img\txds\duneride.txd"
Importing model file for index 20596 at "modloader\prioridade 70\mapa\cidade\dyn_cash.txd"
Importing model file for index 20738 at "modloader\prioridade 40\nextgen remaster weapons\gameplay  pickups\dyn_keycard.txd"
Importing model file for index 20696 at "modloader\prioridade 70\mapa\cidade\dyn_objects.txd"
Importing model file for index 1654 at "modloader\prioridade 40\nextgen remaster weapons\gameplay  pickups\dynamite.dff"
Importing model file for index 20764 at "modloader\prioridade 40\nextgen remaster weapons\gameplay  pickups\dynamite.txd"
Importing model file for index 20982 at "modloader\prioridade 70\mapa\cidade\comercios\eastbeach2a_lae2.txd"
Importing model file for index 20992 at "modloader\prioridade 70\mapa\cidade\comercios\eastbeach3c_lae2.txd"
Importing model file for index 20986 at "modloader\prioridade 70\mapa\cidade\comercios\eastbeach4a_lae2.txd"
Importing model file for index 20988 at "modloader\prioridade 70\mapa\cidade\comercios\eastbeach8_lae2.txd"
Importing model file for index 20978 at "modloader\prioridade 70\mapa\cidade\eastls4_lae2.txd"
Importing model file for index 20961 at "modloader\prioridade 70\mapa\cidade\comercios\eastlstr_lae2.txd"
Importing model file for index 23029 at "modloader\prioridade 5\nextgen effects\map\effects.txd"
Importing model file for index 507 at "modloader\prioridade 40\carros originais imvehft\models\gta3img\dffs\elegant.dff"
Importing model file for index 20178 at "modloader\prioridade 40\carros originais imvehft\models\gta3img\txds\elegant.txd"
Importing model file for index 562 at "modloader\prioridade 60\veículos\veh br\elegy.dff"
Importing model file for index 20233 at "modloader\prioridade 60\veículos\veh br\elegy.txd"
Importing model file for index 23137 at "modloader\prioridade 40\carros originais imvehft\models\gta3img\txds\elegy1.txd"
Importing model file for index 23138 at "modloader\prioridade 40\carros originais imvehft\models\gta3img\txds\elegy2.txd"
Importing model file for index 23139 at "modloader\prioridade 40\carros originais imvehft\models\gta3img\txds\elegy3.txd"
Importing model file for index 23743 at "modloader\prioridade 40\carros originais imvehft\models\gta3img\txds\elegy4.txd"
Importing model file for index 23744 at "modloader\prioridade 40\carros originais imvehft\models\gta3img\txds\elegy5.txd"
Importing model file for index 585 at "modloader\prioridade 40\carros originais imvehft\models\gta3img\dffs\emperor.dff"
Importing model file for index 20256 at "modloader\prioridade 40\carros originais imvehft\models\gta3img\txds\emperor.txd"
Importing model file for index 15263 at "modloader\prioridade 5\nextgen effects\map\endfl_1.dff"
Importing model file for index 15264 at "modloader\prioridade 5\nextgen effects\map\endfl_2.dff"
Importing model file for index 15265 at "modloader\prioridade 5\nextgen effects\map\endfl_3.dff"
Importing model file for index 427 at "modloader\prioridade 40\carros originais imvehft\models\gta3img\dffs\enforcer.dff"
Importing model file for index 20098 at "modloader\prioridade 40\carros originais imvehft\models\gta3img\txds\enforcer.txd"
Importing model file for index 419 at "modloader\prioridade 60\veículos\veh br\esperant.dff"
Importing model file for index 20090 at "modloader\prioridade 60\veículos\veh br\esperant.txd"
Importing model file for index 22333 at "modloader\prioridade 70\mapa\interiores\outros\estate2.txd"
Importing model file for index 587 at "modloader\prioridade 40\carros originais imvehft\models\gta3img\dffs\euros.dff"
Importing model file for index 20258 at "modloader\prioridade 40\carros originais imvehft\models\gta3img\txds\euros.txd"
Importing model file for index 462 at "modloader\prioridade 40\carros originais imvehft\models\gta3img\dffs\faggio.dff"
Importing model file for index 20133 at "modloader\prioridade 40\carros originais imvehft\models\gta3img\txds\faggio.txd"
Importing model file for index 273 at "modloader\prioridade 60\restored unused peds\fam4.dff"
Importing model file for index 23082 at "modloader\prioridade 60\restored unused peds\fam4.txd"
Importing model file for index 289 at "modloader\prioridade 60\restored unused peds\fam5.dff"
Importing model file for index 23083 at "modloader\prioridade 60\restored unused peds\fam5.txd"
Importing model file for index 610 at "modloader\prioridade 60\veículos\carros\carrinho mercado\farmtr1.dff"
Importing model file for index 20281 at "modloader\prioridade 60\veículos\carros\carrinho mercado\farmtr1.txd"
Importing model file for index 23745 at "modloader\prioridade 40\carros originais imvehft\models\gta3img\txds\fbicar.txd"
Importing model file for index 490 at "modloader\prioridade 40\carros originais imvehft\models\gta3img\dffs\fbiranch.dff"
Importing model file for index 20161 at "modloader\prioridade 40\carros originais imvehft\models\gta3img\txds\fbiranch.txd"
Importing model file for index 528 at "modloader\prioridade 40\carros originais imvehft\models\gta3img\dffs\fbitruck.dff"
Importing model file for index 20199 at "modloader\prioridade 40\carros originais imvehft\models\gta3img\txds\fbitruck.txd"
Importing model file for index 23746 at "modloader\prioridade 60\veículos\veh br\fbitruck1.txd"
Importing model file for index 1153 at "modloader\prioridade 40\carros originais imvehft\models\gta3img\dffs\fbmp_a_f.dff"
Importing model file for index 1171 at "modloader\prioridade 40\carros originais imvehft\models\gta3img\dffs\fbmp_a_l.dff"
Importing model file for index 1169 at "modloader\prioridade 40\carros originais imvehft\models\gta3img\dffs\fbmp_a_s.dff"
Importing model file for index 1155 at "modloader\prioridade 40\carros originais imvehft\models\gta3img\dffs\fbmp_a_st.dff"
Importing model file for index 1166 at "modloader\prioridade 40\carros originais imvehft\models\gta3img\dffs\fbmp_a_u.dff"
Importing model file for index 1152 at "modloader\prioridade 40\carros originais imvehft\models\gta3img\dffs\fbmp_c_f.dff"
Importing model file for index 1172 at "modloader\prioridade 40\carros originais imvehft\models\gta3img\dffs\fbmp_c_l.dff"
Importing model file for index 1170 at "modloader\prioridade 40\carros originais imvehft\models\gta3img\dffs\fbmp_c_s.dff"
Importing model file for index 1157 at "modloader\prioridade 40\carros originais imvehft\models\gta3img\dffs\fbmp_c_st.dff"
Importing model file for index 1165 at "modloader\prioridade 40\carros originais imvehft\models\gta3img\dffs\fbmp_c_u.dff"
Importing model file for index 1189 at "modloader\prioridade 40\carros originais imvehft\models\gta3img\dffs\fbmp_lr_sv1.dff"
Importing model file for index 1188 at "modloader\prioridade 40\carros originais imvehft\models\gta3img\dffs\fbmp_lr_sv2.dff"
Importing model file for index 521 at "modloader\prioridade 60\veículos\carros\moto fam2\fcr900.dff"
Importing model file for index 20192 at "modloader\prioridade 60\veículos\carros\moto fam2\fcr900.txd"
Importing model file for index 533 at "modloader\prioridade 40\carros originais imvehft\models\gta3img\dffs\feltzer.dff"
Importing model file for index 20204 at "modloader\prioridade 40\carros originais imvehft\models\gta3img\txds\feltzer.txd"
Importing model file for index 20819 at "modloader\tuning mod\gta3img\fighot.txd"
Importing model file for index 366 at "modloader\rosa project evolved\rosa project evolved -  exterior\files\rosa-dff\gta3\fire_ex.dff"
Importing model file for index 20061 at "modloader\prioridade 40\nextgen remaster weapons\gameplay  weapons - items\fire_ex.txd"
Importing model file for index 544 at "modloader\prioridade 60\veículos\veh br\firela.dff"
Importing model file for index 20215 at "modloader\prioridade 60\veículos\veh br\firela.txd"
Importing model file for index 407 at "modloader\prioridade 60\veículos\veh br\firetruk.dff"
Importing model file for index 20078 at "modloader\prioridade 60\veículos\veh br\firetruk.txd"
Importing model file for index 361 at "modloader\rosa project evolved\rosa project evolved -  exterior\files\rosa-dff\gta3\flame.dff"
Importing model file for index 20056 at "modloader\prioridade 40\nextgen remaster weapons\gameplay  weapons - items\flame.txd"
Importing model file for index 354 at "modloader\rosa project evolved\rosa project evolved -  exterior\files\rosa-dff\gta3\flare.dff"
Importing model file for index 20049 at "modloader\prioridade 40\nextgen remaster weapons\gameplay  weapons - items\flare.txd"
Importing model file for index 565 at "modloader\prioridade 60\veículos\carros\minicooper mr bean\flash.dff"
Importing model file for index 20236 at "modloader\prioridade 60\veículos\carros\minicooper mr bean\flash.txd"
Importing model file for index 455 at "modloader\prioridade 40\carros originais imvehft\models\gta3img\dffs\flatbed.dff"
Importing model file for index 20126 at "modloader\prioridade 40\carros originais imvehft\models\gta3img\txds\flatbed.txd"
Importing model file for index 325 at "modloader\rosa project evolved\rosa project evolved -  exterior\files\rosa-dff\gta3\flowera.dff"
Importing model file for index 20023 at "modloader\prioridade 40\nextgen remaster weapons\gameplay  weapons - items\flowera.txd"
Importing model file for index 15177 at "modloader\prioridade 5\nextgen effects\map\fog_1.dff"
Importing model file for index 15182 at "modloader\prioridade 5\nextgen effects\map\fog_2.dff"
Importing model file for index 15183 at "modloader\prioridade 5\nextgen effects\map\fog_3.dff"
Importing model file for index 15184 at "modloader\prioridade 5\nextgen effects\map\fog_4.dff"
Importing model file for index 20653 at "modloader\prioridade 70\mapa\cidade\foodkarts.txd"
Importing model file for index 530 at "modloader\prioridade 60\veículos\veh br\forklift.dff"
Importing model file for index 20201 at "modloader\prioridade 60\veículos\veh br\forklift.txd"
Importing model file for index 526 at "modloader\prioridade 40\carros originais imvehft\models\gta3img\dffs\fortune.dff"
Importing model file for index 20197 at "modloader\prioridade 40\carros originais imvehft\models\gta3img\txds\fortune.txd"
Importing model file for index 463 at "modloader\prioridade 60\veículos\carros\freeway plus\freeway.dff"
Importing model file for index 20134 at "modloader\prioridade 60\veículos\carros\freeway plus\freeway.txd"
Importing model file for index 590 at "modloader\prioridade 60\veículos\trem\walter's freight\freibox\freibox.dff"
Importing model file for index 20261 at "modloader\prioridade 60\veículos\trem\walter's freight\freibox\freibox.txd"
Importing model file for index 569 at "modloader\prioridade 60\veículos\trem\walter's freight\freiflat\freiflat.dff"
Importing model file for index 20240 at "modloader\prioridade 60\veículos\trem\walter's freight\freiflat\freiflat.txd"
Importing model file for index 537 at "modloader\prioridade 60\veículos\trem\walter's freight\freight\freight.dff"
Importing model file for index 20208 at "modloader\prioridade 60\veículos\trem\walter's freight\freight\freight.txd"
Importing model file for index 14899 at "modloader\prioridade 60\fix\food eating fix\food models\friedchick.dff"
Importing model file for index 23066 at "modloader\prioridade 60\fix\food eating fix\food models\friedchick.txd"
Importing model file for index 20960 at "modloader\prioridade 70\mapa\interiores\comidas\frago assado\exterior\furniture_lae2.txd"
Importing model file for index 20969 at "modloader\prioridade 70\mapa\interiores\academia tozi\exterior\ganton01_lae2.txd"
Importing model file for index 22711 at "modloader\prioridade 70\mapa\interiores\lojas de roupas\hering\interior\gap.txd"
Importing model file for index 22982 at "modloader\prioridade 70\mapa\interiores\outros\gb_bedroomclths01.txd"
Importing model file for index 22977 at "modloader\prioridade 70\mapa\interiores\livros\gb_books01.txd"
Importing model file for index 22984 at "modloader\prioridade 5\cj house interior\gb_cleancrock01.txd"
Importing model file for index 22976 at "modloader\prioridade 5\cj house interior\gb_dirtycrock01.txd"
Importing model file for index 22983 at "modloader\prioridade 70\mapa\interiores\mercadinho\gb_foodwrap01.txd"
Importing model file for index 22985 at "modloader\prioridade 70\mapa\interiores\outros\gb_kitchtake.txd"
Importing model file for index 22980 at "modloader\prioridade 70\mapa\interiores\livros\gb_magazines01.txd"
Importing model file for index 22975 at "modloader\prioridade 70\mapa\interiores\quadros\gb_ornaments01.txd"
Importing model file for index 22978 at "modloader\prioridade 70\mapa\interiores\outros\gb_takeaway01.txd"
Importing model file for index 25222 at "modloader\prioridade 80\enterable hidden interiors\models\gta_int.img\gen_int3_1.col"
Importing model file for index 25223 at "modloader\prioridade 80\enterable hidden interiors\models\gta_int.img\gen_int4_1.col"
Importing model file for index 25224 at "modloader\prioridade 80\enterable hidden interiors\models\gta_int.img\gen_int5_1.col"
Importing model file for index 25225 at "modloader\prioridade 80\enterable hidden interiors\models\gta_int.img\gen_int5_2.col"
Importing model file for index 25229 at "modloader\prioridade 80\enterable hidden interiors\models\gta_int.img\gen_intb_2.col"
Importing model file for index 22725 at "modloader\prioridade 70\mapa\interiores\farmacia\gen_mun_counter.txd"
Importing model file for index 22726 at "modloader\prioridade 70\mapa\interiores\farmacia\gen_mun_xtars2.txd"
Importing model file for index 22724 at "modloader\prioridade 70\mapa\interiores\farmacia\gen_mun_xtra1.txd"
Importing model file for index 22723 at "modloader\prioridade 70\mapa\interiores\farmacia\gen_munation.txd"
Importing model file for index 22646 at "modloader\prioridade 70\mapa\interiores\loterias\gen_offtrackint.txd"
Importing model file for index 22658 at "modloader\prioridade 70\mapa\interiores\loterias\gen_otb_bits.txd"
Importing model file for index 22706 at "modloader\prioridade 70\mapa\interiores\lojas de roupas\centauro\interior\genintclothessport.txd"
Importing model file for index 22674 at "modloader\prioridade 70\mapa\interiores\academia tozi\interior\genintint2_gym.txd"
Importing model file for index 22589 at "modloader\prioridade 70\mapa\interiores\mercadinho\genintint711_1.txd"
Importing model file for index 22934 at "modloader\prioridade 70\mapa\interiores\academia tozi\interior\genintint_gym.txd"
Importing model file for index 22703 at "modloader\prioridade 70\mapa\interiores\comidas\frago assado\genintintfasta.txd"
Importing model file for index 22701 at "modloader\prioridade 70\mapa\interiores\comidas\burger\genintintfastb2.txd"
Importing model file for index 22704 at "modloader\prioridade 70\mapa\interiores\comidas\pizza\genintintfastc.txd"
Importing model file for index 22702 at "modloader\prioridade 70\mapa\interiores\comidas\subway\interior\genintintfastd.txd"
Importing model file for index 22590 at "modloader\prioridade 70\mapa\interiores\nova era games\interior\genintintsex.txd"
Importing model file for index 22645 at "modloader\tuning mod\gta3img\genintwarehsint3.txd"
Importing model file for index 466 at "modloader\prioridade 40\carros originais imvehft\models\gta3img\dffs\glendale.dff"
Importing model file for index 20137 at "modloader\prioridade 40\carros originais imvehft\models\gta3img\txds\glendale.txd"
Importing model file for index 604 at "modloader\prioridade 40\carros originais imvehft\models\gta3img\dffs\glenshit.dff"
Importing model file for index 20275 at "modloader\prioridade 40\carros originais imvehft\models\gta3img\txds\glenshit.txd"
Importing model file for index 22495 at "modloader\prioridade 40\nextgen remaster weapons\gameplay  pickups\gloopx.txd"
Importing model file for index 333 at "modloader\rosa project evolved\rosa project evolved -  exterior\files\rosa-dff\gta3\golfclub.dff"
Importing model file for index 20029 at "modloader\prioridade 40\nextgen remaster weapons\gameplay  weapons - items\golfclub.txd"
Importing model file for index 13974 at "modloader\prioridade 100\graffiti anywhere\graffitis\graffiti_1x1_1.dff"
Importing model file for index 13975 at "modloader\prioridade 100\graffiti anywhere\graffitis\graffiti_2x1_1.dff"
Importing model file for index 13986 at "modloader\prioridade 100\graffiti anywhere\graffitis\graffiti_2x1_10.dff"
Importing model file for index 13978 at "modloader\prioridade 100\graffiti anywhere\graffitis\graffiti_2x1_11.dff"
Importing model file for index 13976 at "modloader\prioridade 100\graffiti anywhere\graffitis\graffiti_2x1_2.dff"
Importing model file for index 13979 at "modloader\prioridade 100\graffiti anywhere\graffitis\graffiti_2x1_3.dff"
Importing model file for index 13980 at "modloader\prioridade 100\graffiti anywhere\graffitis\graffiti_2x1_4.dff"
Importing model file for index 13981 at "modloader\prioridade 100\graffiti anywhere\graffitis\graffiti_2x1_5.dff"
Importing model file for index 13982 at "modloader\prioridade 100\graffiti anywhere\graffitis\graffiti_2x1_6.dff"
Importing model file for index 13983 at "modloader\prioridade 100\graffiti anywhere\graffitis\graffiti_2x1_7.dff"
Importing model file for index 13984 at "modloader\prioridade 100\graffiti anywhere\graffitis\graffiti_2x1_8.dff"
Importing model file for index 13985 at "modloader\prioridade 100\graffiti anywhere\graffitis\graffiti_2x1_9.dff"
Importing model file for index 13977 at "modloader\prioridade 100\graffiti anywhere\graffitis\graffiti_4x1_1.dff"
Importing model file for index 23110 at "modloader\prioridade 100\graffiti anywhere\graffitis\graffiti_anywhere.txd"
Importing model file for index 20825 at "modloader\prioridade 70\mapa\cidade\graffiti_lan01.txd"
Importing model file for index 2976 at "modloader\prioridade 40\nextgen remaster weapons\gameplay  pickups\green_gloop.dff"
Importing model file for index 492 at "modloader\prioridade 40\carros originais imvehft\models\gta3img\dffs\greenwoo.dff"
Importing model file for index 20163 at "modloader\prioridade 40\carros originais imvehft\models\gta3img\txds\greenwoo.txd"
Importing model file for index 342 at "modloader\rosa project evolved\rosa project evolved -  exterior\files\rosa-dff\gta3\grenade.dff"
Importing model file for index 20037 at "modloader\prioridade 40\nextgen remaster weapons\gameplay  weapons - items\grenade.txd"
Importing model file for index 15219 at "modloader\prioridade 5\nextgen effects\map\grey_imp1.dff"
Importing model file for index 15220 at "modloader\prioridade 5\nextgen effects\map\grey_imp2.dff"
Importing model file for index 18147 at "modloader\prioridade 90\parking save garages\gta3img\grgx_carpark.dff"
Importing model file for index 23093 at "modloader\prioridade 90\parking save garages\gta3img\grgx_carpark.txd"
Importing model file for index 3254 at "modloader\prioridade 80\new algorithm for trains\grtlm.dff"
Importing model file for index 328 at "modloader\rosa project evolved\rosa project evolved -  exterior\files\rosa-dff\gta3\gun_boxbig.dff"
Importing model file for index 327 at "modloader\rosa project evolved\rosa project evolved -  exterior\files\rosa-dff\gta3\gun_boxwee.dff"
Importing model file for index 326 at "modloader\rosa project evolved\rosa project evolved -  exterior\files\rosa-dff\gta3\gun_cane.dff"
Importing model file for index 20024 at "modloader\prioridade 40\nextgen remaster weapons\gameplay  weapons - items\gun_cane.txd"
Importing model file for index 321 at "modloader\rosa project evolved\rosa project evolved -  exterior\files\rosa-dff\gta3\gun_dildo1.dff"
Importing model file for index 20019 at "modloader\prioridade 40\nextgen remaster weapons\gameplay  weapons - items\gun_dildo1.txd"
Importing model file for index 322 at "modloader\rosa project evolved\rosa project evolved -  exterior\files\rosa-dff\gta3\gun_dildo2.dff"
Importing model file for index 20020 at "modloader\prioridade 40\nextgen remaster weapons\gameplay  weapons - items\gun_dildo2.txd"
Importing model file for index 371 at "modloader\rosa project evolved\rosa project evolved -  exterior\files\rosa-dff\gta3\gun_para.dff"
Importing model file for index 20066 at "modloader\prioridade 40\nextgen remaster weapons\gameplay  weapons - items\gun_para.txd"
Importing model file for index 323 at "modloader\rosa project evolved\rosa project evolved -  exterior\files\rosa-dff\gta3\gun_vibe1.dff"
Importing model file for index 20021 at "modloader\prioridade 40\nextgen remaster weapons\gameplay  weapons - items\gun_vibe1.txd"
Importing model file for index 324 at "modloader\rosa project evolved\rosa project evolved -  exterior\files\rosa-dff\gta3\gun_vibe2.dff"
Importing model file for index 20022 at "modloader\prioridade 40\nextgen remaster weapons\gameplay  weapons - items\gun_vibe2.txd"
Importing model file for index 22449 at "modloader\prioridade 70\mapa\interiores\academia tozi\exterior\gym_weights.txd"
Importing model file for index 1240 at "modloader\rosa project evolved\rosa project evolved -  exterior\files\rosa-dff\gta3\health.dff"
Importing model file for index 360 at "modloader\rosa project evolved\rosa project evolved -  exterior\files\rosa-dff\gta3\heatseek.dff"
Importing model file for index 20055 at "modloader\prioridade 40\nextgen remaster weapons\gameplay  weapons - items\heatseek.txd"
Importing model file for index 474 at "modloader\prioridade 70\skins\funkeiros\hermes.dff"
Importing model file for index 20145 at "modloader\prioridade 70\skins\funkeiros\hermes.txd"
Importing model file for index 20310 at "modloader\prioridade 70\skins\correio\hmogar.txd"
Importing model file for index 25744 at "modloader\prioridade 100\myths maker\cleo\animals\anim7\horse_animation.ifp"
Importing model file for index 23000 at "modloader\prioridade 40\nextgen remaster weapons\gameplay  pickups\horse_shoe_pick.txd"
Importing model file for index 588 at "modloader\prioridade 60\veículos\veh br\hotdog.dff"
Importing model file for index 20259 at "modloader\prioridade 60\veículos\veh br\hotdog.txd"
Importing model file for index 15525 at "modloader\prioridade 60\fix\food eating fix\food models\hotdogfood.dff"
Importing model file for index 23067 at "modloader\prioridade 60\fix\food eating fix\food models\hotdogfood.txd"
Importing model file for index 434 at "modloader\prioridade 60\veículos\carros\hotknife\hotknife.dff"
Importing model file for index 20105 at "modloader\prioridade 60\veículos\carros\hotknife\hotknife.txd"
Importing model file for index 23747 at "modloader\prioridade 60\veículos\carros\hotknife\paintjob\hotknife1.txd"
Importing model file for index 23748 at "modloader\prioridade 60\veículos\carros\hotknife\paintjob\hotknife2.txd"
Importing model file for index 23749 at "modloader\prioridade 60\veículos\carros\hotknife\paintjob\hotknife3.txd"
Importing model file for index 23750 at "modloader\prioridade 60\veículos\carros\hotknife\paintjob\hotknife4.txd"
Importing model file for index 23751 at "modloader\prioridade 60\veículos\carros\hotknife\paintjob\hotknife5.txd"
Importing model file for index 502 at "modloader\prioridade 40\carros originais imvehft\models\gta3img\dffs\hotrina.dff"
Importing model file for index 20173 at "modloader\prioridade 40\carros originais imvehft\models\gta3img\txds\hotrina.txd"
Importing model file for index 503 at "modloader\prioridade 40\carros originais imvehft\models\gta3img\dffs\hotrinb.dff"
Importing model file for index 20174 at "modloader\prioridade 40\carros originais imvehft\models\gta3img\txds\hotrinb.txd"
Importing model file for index 494 at "modloader\prioridade 40\carros originais imvehft\models\gta3img\dffs\hotring.dff"
Importing model file for index 20165 at "modloader\prioridade 40\carros originais imvehft\models\gta3img\txds\hotring.txd"
Importing model file for index 425 at "modloader\prioridade 60\veículos\avioes\aviao moto\hunter.dff"
Importing model file for index 20096 at "modloader\prioridade 60\veículos\avioes\aviao moto\hunter.txd"
Importing model file for index 579 at "modloader\prioridade 60\veículos\carros\huntley\huntley.dff"
Importing model file for index 20250 at "modloader\prioridade 60\veículos\carros\huntley\huntley.txd"
Importing model file for index 545 at "modloader\prioridade 60\veículos\carros\hustler\hustler.dff"
Importing model file for index 20216 at "modloader\prioridade 60\veículos\carros\hustler\hustler.txd"
Importing model file for index 20617 at "modloader\prioridade 40\nextgen remaster weapons\gameplay  pickups\icons.txd"
Importing model file for index 20634 at "modloader\prioridade 40\nextgen remaster weapons\gameplay  pickups\icons1.txd"
Importing model file for index 20633 at "modloader\prioridade 40\nextgen remaster weapons\gameplay  pickups\icons2.txd"
Importing model file for index 20632 at "modloader\prioridade 40\nextgen remaster weapons\gameplay  pickups\icons3.txd"
Importing model file for index 20631 at "modloader\prioridade 40\nextgen remaster weapons\gameplay  pickups\icons4.txd"
Importing model file for index 20611 at "modloader\prioridade 40\nextgen remaster weapons\gameplay  pickups\icons5.txd"
Importing model file for index 20610 at "modloader\prioridade 40\nextgen remaster weapons\gameplay  pickups\icons6.txd"
Importing model file for index 20613 at "modloader\prioridade 40\nextgen remaster weapons\gameplay  pickups\icons7.txd"
Importing model file for index 20612 at "modloader\prioridade 40\nextgen remaster weapons\gameplay  pickups\icons8.txd"
Importing model file for index 20618 at "modloader\prioridade 40\nextgen remaster weapons\gameplay  pickups\icons9.txd"
Importing model file for index 20940 at "modloader\prioridade 70\mapa\interiores\comidas\pizza\exterior pizza\idlewood3_lae.txd"
Importing model file for index 265 at "modloader\prioridade 60\restored unused peds\igho.dff"
Importing model file for index 23074 at "modloader\prioridade 60\restored unused peds\igho.txd"
Importing model file for index 208 at "modloader\prioridade 60\restored unused peds\igpro1.dff"
Importing model file for index 23073 at "modloader\prioridade 60\restored unused peds\igpro1.txd"
Importing model file for index 22328 at "modloader\prioridade 70\mapa\interiores\jefferson motel\im_xtra.txd"
Importing model file for index 22325 at "modloader\prioridade 70\mapa\interiores\jefferson motel\imy_motel.txd"
Importing model file for index 22329 at "modloader\prioridade 70\mapa\interiores\jefferson motel\imy_motel2.txd"
Importing model file for index 8 at "modloader\prioridade 60\restored unused peds\imyst.dff"
Importing model file for index 23068 at "modloader\prioridade 60\restored unused peds\imyst.txd"
Importing model file for index 411 at "modloader\prioridade 40\carros originais imvehft\models\gta3img\dffs\infernus.dff"
Importing model file for index 20082 at "modloader\prioridade 40\carros originais imvehft\models\gta3img\txds\infernus.txd"
Importing model file for index 1239 at "modloader\prioridade 40\nextgen remaster weapons\gameplay  pickups\info.dff"
Importing model file for index 20649 at "modloader\prioridade 40\nextgen remaster weapons\gameplay  pickups\ingame.txd"
Importing model file for index 13624 at "modloader\prioridade 60\mapas\8-tracks random\8tracks\inner.dff"
Importing model file for index 22785 at "modloader\prioridade 60\mapas\8-tracks random\8tracks\innertrack.txd"
Importing model file for index 22780 at "modloader\prioridade 60\mapas\8-tracks random\8tracks\innertrak.txd"
Importing model file for index 25233 at "modloader\prioridade 80\enterable hidden interiors\models\gta_int.img\int_cont_1.col"
Importing model file for index 25235 at "modloader\prioridade 80\enterable hidden interiors\models\gta_int.img\int_la_2.col"
Importing model file for index 25237 at "modloader\prioridade 80\enterable hidden interiors\models\gta_int.img\int_la_4.col"
Importing model file for index 22588 at "modloader\prioridade 70\mapa\interiores\tattoo shop\int_tatoo.txd"
Importing model file for index 25239 at "modloader\prioridade 80\enterable hidden interiors\models\gta_int.img\int_veg_1.col"
Importing model file for index 22736 at "modloader\prioridade 70\mapa\interiores\lojas de roupas\renner\interior\intclothes_acc.txd"
Importing model file for index 22694 at "modloader\prioridade 70\mapa\interiores\lojas de roupas\renner\interior\intclothesa.txd"
Importing model file for index 22705 at "modloader\prioridade 70\mapa\interiores\lojas de roupas\kondzilla wear\gta_int\intclotheshiphop.txd"
Importing model file for index 22642 at "modloader\prioridade 70\mapa\interiores\academia tozi\interior\intring_gymint3.txd"
Importing model file for index 546 at "modloader\prioridade 60\veículos\veh br\intruder.dff"
Importing model file for index 20217 at "modloader\prioridade 60\veículos\veh br\intruder.txd"
Importing model file for index 86 at "modloader\prioridade 60\restored unused peds\irfyst.dff"
Importing model file for index 23072 at "modloader\prioridade 60\restored unused peds\irfyst.txd"
Importing model file for index 369 at "modloader\rosa project evolved\rosa project evolved -  exterior\files\rosa-dff\gta3\irgoggles.dff"
Importing model file for index 20064 at "modloader\prioridade 40\nextgen remaster weapons\gameplay  weapons - items\irgoggles.txd"
Importing model file for index 74 at "modloader\prioridade 60\restored unused peds\irmyst.dff"
Importing model file for index 23071 at "modloader\prioridade 60\restored unused peds\irmyst.txd"
Importing model file for index 20933 at "modloader\prioridade 70\mapa\interiores\lojas de roupas\kondzilla wear\gta3\jeffers5a_lae.txd"
Importing model file for index 559 at "modloader\prioridade 40\carros originais imvehft\models\gta3img\dffs\jester.dff"
Importing model file for index 20230 at "modloader\prioridade 40\carros originais imvehft\models\gta3img\txds\jester.txd"
Importing model file for index 370 at "modloader\rosa project evolved\rosa project evolved -  exterior\files\rosa-dff\gta3\jetpack.dff"
Importing model file for index 20065 at "modloader\prioridade 40\nextgen remaster weapons\gameplay  weapons - items\jetpack.txd"
Importing model file for index 508 at "modloader\prioridade 40\carros originais imvehft\models\gta3img\dffs\journey.dff"
Importing model file for index 20179 at "modloader\prioridade 40\carros originais imvehft\models\gta3img\txds\journey.txd"
Importing model file for index 23752 at "modloader\prioridade 90\vending machines remastered\juice old.txd"
Importing model file for index 22928 at "modloader\prioridade 90\vending machines remastered\juice.txd"
Importing model file for index 15186 at "modloader\prioridade 5\nextgen effects\map\jz_cn_hls1.dff"
Importing model file for index 15187 at "modloader\prioridade 5\nextgen effects\map\jz_cn_hls2.dff"
Importing model file for index 15185 at "modloader\prioridade 5\nextgen effects\map\jz_wd_hls.dff"
Importing model file for index 15194 at "modloader\prioridade 5\nextgen effects\map\jz_wd_hls2.dff"
Importing model file for index 15206 at "modloader\prioridade 5\nextgen effects\map\jz_wd_hls3.dff"
Importing model file for index 571 at "modloader\prioridade 60\veículos\carros\papelao kart\kart.dff"
Importing model file for index 20242 at "modloader\prioridade 60\veículos\carros\papelao kart\kart.txd"
Importing model file for index 339 at "modloader\rosa project evolved\rosa project evolved -  exterior\files\rosa-dff\gta3\katana.dff"
Importing model file for index 20035 at "modloader\prioridade 40\nextgen remaster weapons\gameplay  weapons - items\katana.txd"
Importing model file for index 1581 at "modloader\prioridade 40\nextgen remaster weapons\gameplay  pickups\keycard.dff"
Importing model file for index 22442 at "modloader\prioridade 40\nextgen remaster weapons\gameplay  pickups\kmb_chute.txd"
Importing model file for index 2919 at "modloader\prioridade 40\nextgen remaster weapons\gameplay  pickups\kmb_holdall.dff"
Importing model file for index 22434 at "modloader\prioridade 40\nextgen remaster weapons\gameplay  pickups\kmb_notebook.txd"
Importing model file for index 2891 at "modloader\prioridade 40\nextgen remaster weapons\gameplay  pickups\kmb_packet.dff"
Importing model file for index 22431 at "modloader\prioridade 40\nextgen remaster weapons\gameplay  pickups\kmb_packet.txd"
Importing model file for index 2903 at "modloader\rosa project evolved\rosa project evolved -  exterior\files\rosa-dff\gta3\kmb_parachute.dff"
Importing model file for index 2894 at "modloader\prioridade 40\nextgen remaster weapons\gameplay  pickups\kmb_rhymesbook.dff"
Importing model file for index 335 at "modloader\rosa project evolved\rosa project evolved -  exterior\files\rosa-dff\gta3\knifecur.dff"
Importing model file for index 20031 at "modloader\prioridade 40\nextgen remaster weapons\gameplay  weapons - items\knifecur.txd"
Importing model file for index 20977 at "modloader\prioridade 70\mapa\cidade\lae2billboards.txd"
Importing model file for index 20972 at "modloader\prioridade 70\mapa\cidade\comercios\lae2newtempbx.txd"
Importing model file for index 25086 at "modloader\prioridade 100\custom vinewood text\remove original\lahills_4.col"
Importing model file for index 25089 at "modloader\prioridade 80\enterable hidden interiors\models\gta3.img\lan2_1.col"
Importing model file for index 21266 at "modloader\prioridade 80\enterable hidden interiors\models\gta3.img\lan2office.txd"
Importing model file for index 20818 at "modloader\prioridade 70\mapa\cidade\lanblokb.txd"
Importing model file for index 20817 at "modloader\prioridade 70\mapa\interiores\mercadinho\extrerior\lanblokb2.txd"
Importing model file for index 400 at "modloader\prioridade 40\carros originais imvehft\models\gta3img\dffs\landstal.dff"
Importing model file for index 20071 at "modloader\prioridade 40\carros originais imvehft\models\gta3img\txds\landstal.txd"
Importing model file for index 20914 at "modloader\prioridade 70\mapa\interiores\comidas\frago assado\exterior\lashops6_las2.txd"
Importing model file for index 20890 at "modloader\prioridade 70\mapa\interiores\farmacia\lasraodnshops.txd"
Importing model file for index 21130 at "modloader\prioridade 70\mapa\interiores\comidas\frago assado\exterior\lawnabv.txd"
Importing model file for index 21128 at "modloader\prioridade 70\mapa\cidade\comercios\lawnstripm.txd"
Importing model file for index 25116 at "modloader\prioridade 80\enterable hidden interiors\models\gta3.img\laxref.col"
Importing model file for index 22660 at "modloader\prioridade 70\mapa\interiores\casas\bdup\lee_bdupsflat.txd"
Importing model file for index 22659 at "modloader\prioridade 70\mapa\interiores\casas\bdup\lee_bdupsmain.txd"
Importing model file for index 25118 at "modloader\prioridade 80\enterable hidden interiors\models\gta3.img\levelmap_1.col"
Importing model file for index 1013 at "modloader\prioridade 40\carros originais imvehft\models\gta3img\dffs\lgt_b_rspt.dff"
Importing model file for index 1024 at "modloader\prioridade 40\carros originais imvehft\models\gta3img\dffs\lgt_b_sspt.dff"
Importing model file for index 403 at "modloader\prioridade 40\carros originais imvehft\models\gta3img\dffs\linerun.dff"
Importing model file for index 20074 at "modloader\prioridade 40\carros originais imvehft\models\gta3img\txds\linerun.txd"
Importing model file for index 25745 at "modloader\prioridade 100\myths maker\cleo\animals\anim18\lion.ifp"
Importing model file for index 784 at "modloader\proper fixes\lod vegetation\original replace\lod_redwoodgrp.dff"
Importing model file for index 785 at "modloader\proper fixes\lod vegetation\original replace\lod_vbg_fir_co.dff"
Importing model file for index 23108 at "modloader\proper fixes\additional textures\lodproperf_country.txd"
Importing model file for index 23095 at "modloader\proper fixes\additional textures\lodproperf_la.txd"
Importing model file for index 23106 at "modloader\proper fixes\additional textures\lodproperf_sf.txd"
Importing model file for index 23107 at "modloader\proper fixes\additional textures\lodproperf_vegas.txd"
Importing model file for index 23109 at "modloader\proper fixes\lod vegetation\lodvegetation.txd"
Importing model file for index 13759 at "modloader\prioridade 100\custom vinewood text\remove original\lodvinesign1_cunte.dff"
Importing model file for index 15243 at "modloader\prioridade 5\nextgen effects\map\losz_1.dff"
Importing model file for index 15244 at "modloader\prioridade 5\nextgen effects\map\losz_2.dff"
Importing model file for index 15245 at "modloader\prioridade 5\nextgen effects\map\losz_3.dff"
Importing model file for index 15246 at "modloader\prioridade 5\nextgen effects\map\losz_4.dff"
Importing model file for index 15247 at "modloader\prioridade 5\nextgen effects\map\losz_5.dff"
Importing model file for index 15248 at "modloader\prioridade 5\nextgen effects\map\losz_6.dff"
Importing model file for index 22643 at "modloader\prioridade 70\mapa\interiores\academia tozi\interior\lring_gmint3.txd"
Importing model file for index 19004 at "modloader\prioridade 60\mapas\toyota showroom\ls_toyota.dff"
Importing model file for index 22208 at "modloader\prioridade 60\mapas\toyota showroom\ls_toyota.txd"
Importing model file for index 108 at "modloader\prioridade 70\skins\funkeiros\lsv1.dff"
Importing model file for index 20379 at "modloader\prioridade 70\skins\funkeiros\lsv1.txd"
Importing model file for index 109 at "modloader\prioridade 70\skins\funkeiros\lsv2.dff"
Importing model file for index 20380 at "modloader\prioridade 70\skins\funkeiros\lsv2.txd"
Importing model file for index 110 at "modloader\prioridade 70\skins\funkeiros\lsv3.dff"
Importing model file for index 20381 at "modloader\prioridade 70\skins\funkeiros\lsv3.txd"
Importing model file for index 356 at "modloader\rosa project evolved\rosa project evolved -  exterior\files\rosa-dff\gta3\m4.dff"
Importing model file for index 20051 at "modloader\prioridade 40\nextgen remaster weapons\gameplay  weapons - items\m4.txd"
Importing model file for index 21140 at "modloader\prioridade 70\mapa\cidade\comercios\mainlcawn.txd"
Importing model file for index 517 at "modloader\prioridade 40\carros originais imvehft\models\gta3img\dffs\majestic.dff"
Importing model file for index 20188 at "modloader\prioridade 40\carros originais imvehft\models\gta3img\txds\majestic.txd"
Importing model file for index 410 at "modloader\prioridade 70\skins\funkeiros\manana.dff"
Importing model file for index 20081 at "modloader\prioridade 70\skins\funkeiros\manana.txd"
Importing model file for index 15207 at "modloader\prioridade 5\nextgen effects\map\manydrums.dff"
Importing model file for index 484 at "modloader\prioridade 60\veículos\barcos\barco navio fantasma\marquis.dff"
Importing model file for index 20155 at "modloader\prioridade 60\veículos\barcos\barco navio fantasma\marquis.txd"
Importing model file for index 15234 at "modloader\prioridade 5\nextgen effects\map\mbys_1.dff"
Importing model file for index 15235 at "modloader\prioridade 5\nextgen effects\map\mbys_2.dff"
Importing model file for index 15236 at "modloader\prioridade 5\nextgen effects\map\mbys_3.dff"
Importing model file for index 15260 at "modloader\prioridade 5\nextgen effects\map\mdgmns_1.dff"
Importing model file for index 15261 at "modloader\prioridade 5\nextgen effects\map\mdgmns_2.dff"
Importing model file for index 15262 at "modloader\prioridade 5\nextgen effects\map\mdgmns_3.dff"
Importing model file for index 15257 at "modloader\prioridade 5\nextgen effects\map\mdgrf_1.dff"
Importing model file for index 15258 at "modloader\prioridade 5\nextgen effects\map\mdgrf_2.dff"
Importing model file for index 15259 at "modloader\prioridade 5\nextgen effects\map\mdgrf_3.dff"
Importing model file for index 21125 at "modloader\prioridade 70\mapa\cidade\comercios\melrose02_lawn.txd"
Importing model file for index 21123 at "modloader\prioridade 70\mapa\cidade\comercios\melrose03_lawn.txd"
Importing model file for index 21099 at "modloader\prioridade 70\mapa\cidade\comercios\melrose05_lawn.txd"
Importing model file for index 21127 at "modloader\prioridade 70\mapa\cidade\melrose06_lawn.txd"
Importing model file for index 21102 at "modloader\prioridade 70\mapa\cidade\melrose08_lawn.txd"
Importing model file for index 21115 at "modloader\prioridade 70\mapa\cidade\comercios\melrose11_lawn.txd"
Importing model file for index 21101 at "modloader\prioridade 70\mapa\interiores\comidas\subway\exterior\melrose12_lawn.txd"
Importing model file for index 21100 at "modloader\prioridade 70\mapa\cidade\comercios\melrose15_lawn.txd"
Importing model file for index 21098 at "modloader\prioridade 70\mapa\cidade\comercios\melrose19_lawn.txd"
Importing model file for index 21124 at "modloader\prioridade 70\mapa\cidade\comercios\melrosetr1_lawn.txd"
Importing model file for index 21126 at "modloader\prioridade 70\mapa\cidade\comercios\melrosetr_lawn.txd"
Importing model file for index 551 at "modloader\prioridade 40\carros originais imvehft\models\gta3img\dffs\merit.dff"
Importing model file for index 20222 at "modloader\prioridade 40\carros originais imvehft\models\gta3img\txds\merit.txd"
Importing model file for index 500 at "modloader\prioridade 60\veículos\carros\mesa plus+\mesa.dff"
Importing model file for index 20171 at "modloader\prioridade 60\veículos\carros\mesa plus+\mesa.txd"
Importing model file for index 352 at "modloader\rosa project evolved\rosa project evolved -  exterior\files\rosa-dff\gta3\micro_uzi.dff"
Importing model file for index 20047 at "modloader\prioridade 40\nextgen remaster weapons\gameplay  weapons - items\micro_uzi.txd"
Importing model file for index 362 at "modloader\rosa project evolved\rosa project evolved -  exterior\files\rosa-dff\gta3\minigun.dff"
Importing model file for index 20057 at "modloader\prioridade 40\nextgen remaster weapons\gameplay  weapons - items\minigun.txd"
Importing model file for index 345 at "modloader\rosa project evolved\rosa project evolved -  exterior\files\rosa-dff\gta3\missile.dff"
Importing model file for index 20040 at "modloader\prioridade 40\nextgen remaster weapons\gameplay  weapons - items\missile.txd"
Importing model file for index 15240 at "modloader\prioridade 5\nextgen effects\map\mit_1.dff"
Importing model file for index 15241 at "modloader\prioridade 5\nextgen effects\map\mit_2.dff"
Importing model file for index 15242 at "modloader\prioridade 5\nextgen effects\map\mit_3.dff"
Importing model file for index 23753 at "modloader\skygfx - extended\models\mobile_details.txd"
Importing model file for index 344 at "modloader\rosa project evolved\rosa project evolved -  exterior\files\rosa-dff\gta3\molotov.dff"
Importing model file for index 20039 at "modloader\prioridade 40\nextgen remaster weapons\gameplay  weapons - items\molotov.txd"
Importing model file for index 1212 at "modloader\rosa project evolved\rosa project evolved -  exterior\files\rosa-dff\gta3\money.dff"
Importing model file for index 444 at "modloader\prioridade 40\carros originais imvehft\models\gta3img\dffs\monster.dff"
Importing model file for index 20115 at "modloader\prioridade 40\carros originais imvehft\models\gta3img\txds\monster.txd"
Importing model file for index 556 at "modloader\prioridade 40\carros originais imvehft\models\gta3img\dffs\monstera.dff"
Importing model file for index 20227 at "modloader\prioridade 40\carros originais imvehft\models\gta3img\txds\monstera.txd"
Importing model file for index 557 at "modloader\prioridade 40\carros originais imvehft\models\gta3img\dffs\monsterb.dff"
Importing model file for index 20228 at "modloader\prioridade 40\carros originais imvehft\models\gta3img\txds\monsterb.txd"
Importing model file for index 418 at "modloader\prioridade 60\veículos\veh br\moonbeam.dff"
Importing model file for index 20089 at "modloader\prioridade 60\veículos\veh br\moonbeam.txd"
Importing model file for index 15189 at "modloader\prioridade 5\nextgen effects\map\motgls.dff"
Importing model file for index 572 at "modloader\prioridade 60\veículos\carros\carrinho bate bate\mower.dff"
Importing model file for index 20243 at "modloader\prioridade 60\veículos\carros\carrinho bate bate\mower.txd"
Importing model file for index 22618 at "modloader\prioridade 70\mapa\interiores\quadros\mp3.txd"
Importing model file for index 353 at "modloader\rosa project evolved\rosa project evolved -  exterior\files\rosa-dff\gta3\mp5lng.dff"
Importing model file for index 20048 at "modloader\prioridade 40\nextgen remaster weapons\gameplay  weapons - items\mp5lng.txd"
Importing model file for index 423 at "modloader\prioridade 60\veículos\veh br\mrwhoop.dff"
Importing model file for index 20094 at "modloader\prioridade 60\veículos\veh br\mrwhoop.txd"
Importing model file for index 15221 at "modloader\prioridade 5\nextgen effects\map\mtl_1.dff"
Importing model file for index 15222 at "modloader\prioridade 5\nextgen effects\map\mtl_2.dff"
Importing model file for index 15223 at "modloader\prioridade 5\nextgen effects\map\mtl_3.dff"
Importing model file for index 15224 at "modloader\prioridade 5\nextgen effects\map\mtl_rf.dff"
Importing model file for index 15225 at "modloader\prioridade 5\nextgen effects\map\mtl_sd.dff"
Importing model file for index 414 at "modloader\prioridade 40\carros originais imvehft\models\gta3img\dffs\mule.dff"
Importing model file for index 20085 at "modloader\prioridade 40\carros originais imvehft\models\gta3img\txds\mule.txd"
Importing model file for index 516 at "modloader\prioridade 40\carros originais imvehft\models\gta3img\dffs\nebula.dff"
Importing model file for index 20187 at "modloader\prioridade 40\carros originais imvehft\models\gta3img\txds\nebula.txd"
Importing model file for index 23754 at "modloader\skygfx - extended\neo\neo.txd"
Importing model file for index 23096 at "modloader\proper fixes\additional textures\neontex.txd"
Importing model file for index 22851 at "modloader\prioridade 70\mapa\interiores\mercadinho\new_cabinets.txd"
Importing model file for index 22852 at "modloader\prioridade 70\mapa\interiores\mercadinho\new_cabinets2.txd"
Importing model file for index 22850 at "modloader\prioridade 70\mapa\interiores\mercadinho\new_cabinets3.txd"
Importing model file for index 582 at "modloader\prioridade 40\carros originais imvehft\models\gta3img\dffs\newsvan.dff"
Importing model file for index 20253 at "modloader\prioridade 40\carros originais imvehft\models\gta3img\txds\newsvan.txd"
Importing model file for index 334 at "modloader\rosa project evolved\rosa project evolved -  exterior\files\rosa-dff\gta3\nitestick.dff"
Importing model file for index 20030 at "modloader\prioridade 40\nextgen remaster weapons\gameplay  weapons - items\nitestick.txd"
Importing model file for index 522 at "modloader\prioridade 60\veículos\carros\nrg 500 remastered by ezekiel\nrg500.dff"
Importing model file for index 20193 at "modloader\prioridade 60\veículos\carros\nrg 500 remastered by ezekiel\nrg500.txd"
Importing model file for index 22855 at "modloader\prioridade 70\mapa\interiores\outros\nu_filing.txd"
Importing model file for index 368 at "modloader\rosa project evolved\rosa project evolved -  exterior\files\rosa-dff\gta3\nvgoggles.dff"
Importing model file for index 20063 at "modloader\prioridade 40\nextgen remaster weapons\gameplay  weapons - items\nvgoggles.txd"
Importing model file for index 467 at "modloader\prioridade 70\skins\funkeiros\oceanic.dff"
Importing model file for index 20138 at "modloader\prioridade 70\skins\funkeiros\oceanic.txd"
Importing model file for index 22961 at "modloader\prioridade 70\mapa\interiores\loterias\otb_machine.txd"
Importing model file for index 15231 at "modloader\prioridade 5\nextgen effects\map\outr_1.dff"
Importing model file for index 15232 at "modloader\prioridade 5\nextgen effects\map\outr_2.dff"
Importing model file for index 15188 at "modloader\prioridade 5\nextgen effects\map\p_blowp.dff"
Importing model file for index 23031 at "modloader\tuning mod parts\pack apocalipse 1\pack_apoc1.txd"
Importing model file for index 23032 at "modloader\tuning mod parts\pack apocalipse 2\pack_apoc2.txd"
Importing model file for index 443 at "modloader\prioridade 40\carros originais imvehft\models\gta3img\dffs\packer.dff"
Importing model file for index 20114 at "modloader\prioridade 40\carros originais imvehft\models\gta3img\txds\packer.txd"
Importing model file for index 3026 at "modloader\prioridade 40\nextgen remaster weapons\gameplay  pickups\para_pack.dff"
Importing model file for index 3131 at "modloader\prioridade 40\nextgen remaster weapons\gameplay  weapons - items\parachute.dff"
Importing model file for index 22543 at "modloader\prioridade 40\nextgen remaster weapons\gameplay  weapons - items\paracx.txd"
Importing model file for index 22516 at "modloader\prioridade 40\nextgen remaster weapons\gameplay  pickups\parapakx.txd"
Importing model file for index 470 at "modloader\prioridade 40\carros originais imvehft\models\gta3img\dffs\patriot.dff"
Importing model file for index 20141 at "modloader\prioridade 40\carros originais imvehft\models\gta3img\txds\patriot.txd"
Importing model file for index 461 at "modloader\prioridade 60\veículos\veh br\pcj600.dff"
Importing model file for index 20132 at "modloader\prioridade 60\veículos\veh br\pcj600.txd"
Importing model file for index 23755 at "modloader\prioridade 60\veículos\carros\pcj600 remastered hd\pcj600_1.txd"
Importing model file for index 23756 at "modloader\prioridade 60\veículos\carros\pcj600 remastered hd\pcj600_2.txd"
Importing model file for index 23757 at "modloader\prioridade 60\veículos\carros\pcj600 remastered hd\pcj600_3.txd"
Importing model file for index 23758 at "modloader\prioridade 60\veículos\carros\pcj600 remastered hd\pcj600_4.txd"
Importing model file for index 23759 at "modloader\prioridade 60\veículos\carros\pcj600 remastered hd\pcj600_5.txd"
Importing model file for index 404 at "modloader\prioridade 40\carros originais imvehft\models\gta3img\dffs\peren.dff"
Importing model file for index 20075 at "modloader\prioridade 40\carros originais imvehft\models\gta3img\txds\peren.txd"
Importing model file for index 514 at "modloader\prioridade 60\veículos\veh br\petro.dff"
Importing model file for index 20185 at "modloader\prioridade 60\veículos\veh br\petro.txd"
Importing model file for index 584 at "modloader\prioridade 60\veículos\veh br\petrotr.dff"
Importing model file for index 20255 at "modloader\prioridade 60\veículos\veh br\petrotr.txd"
Importing model file for index 23097 at "modloader\proper fixes\additional textures\pf_nitelites.txd"
Importing model file for index 603 at "modloader\prioridade 40\carros originais imvehft\models\gta3img\dffs\phoenix.dff"
Importing model file for index 20274 at "modloader\prioridade 40\carros originais imvehft\models\gta3img\txds\phoenix.txd"
Importing model file for index 600 at "modloader\prioridade 40\carros originais imvehft\models\gta3img\dffs\picador.dff"
Importing model file for index 20271 at "modloader\prioridade 40\carros originais imvehft\models\gta3img\txds\picador.txd"
Importing model file for index 22951 at "modloader\prioridade 70\mapa\interiores\para editar\pick_up.txd"
Importing model file for index 1277 at "modloader\rosa project evolved\rosa project evolved -  exterior\files\rosa-dff\gta3\pickupsave.dff"
Importing model file for index 22885 at "modloader\prioridade 70\mapa\interiores\quadros\picture_frame.txd"
Importing model file for index 22884 at "modloader\prioridade 70\mapa\interiores\quadros\picture_frame_clip.txd"
Importing model file for index 21481 at "modloader\prioridade 70\mapa\interiores\comidas\pizza\exterior pizza\pier69.txd"
Importing model file for index 15233 at "modloader\prioridade 5\nextgen effects\map\pierwd.dff"
Importing model file for index 23760 at "modloader\prioridade 70\roupas\bombeiro chapeu\pimpbombeiro.txd"
Importing model file for index 23761 at "modloader\prioridade 70\mapa\interiores\comidas\pizza\pizza_furn old.txd"
Importing model file for index 22937 at "modloader\prioridade 70\mapa\interiores\comidas\pizza\pizza_furn.txd"
Importing model file for index 22877 at "modloader\prioridade 70\mapa\interiores\comidas\pizza\pizza_tray.txd"
Importing model file for index 448 at "modloader\prioridade 40\carros originais imvehft\models\gta3img\dffs\pizzaboy.dff"
Importing model file for index 20119 at "modloader\prioridade 40\carros originais imvehft\models\gta3img\txds\pizzaboy.txd"
Importing model file for index 22883 at "modloader\prioridade 5\cj house interior\plants_galss.txd"
Importing model file for index 22881 at "modloader\prioridade 5\cj house interior\plants_tabletop.txd"
Importing model file for index 15191 at "modloader\prioridade 5\nextgen effects\map\pln_clds.dff"
Importing model file for index 15190 at "modloader\prioridade 5\nextgen effects\map\plnalrm.dff"
Importing model file for index 15192 at "modloader\prioridade 5\nextgen effects\map\plnalrm2.dff"
Importing model file for index 413 at "modloader\prioridade 40\carros originais imvehft\models\gta3img\dffs\pony.dff"
Importing model file for index 20084 at "modloader\prioridade 40\carros originais imvehft\models\gta3img\txds\pony.txd"
Importing model file for index 15178 at "modloader\prioridade 5\nextgen effects\map\pool_refl.dff"
Importing model file for index 338 at "modloader\rosa project evolved\rosa project evolved -  exterior\files\rosa-dff\gta3\poolcue.dff"
Importing model file for index 20034 at "modloader\prioridade 40\nextgen remaster weapons\gameplay  weapons - items\poolcue.txd"
Importing model file for index 267 at "modloader\prioridade 60\restored unused peds\poolgy2.dff"
Importing model file for index 23076 at "modloader\prioridade 60\restored unused peds\poolgy2.txd"
Importing model file for index 426 at "modloader\prioridade 40\carros originais imvehft\models\gta3img\dffs\premier.dff"
Importing model file for index 20097 at "modloader\prioridade 40\carros originais imvehft\models\gta3img\txds\premier.txd"
Importing model file for index 436 at "modloader\prioridade 60\veículos\veh br\previon.dff"
Importing model file for index 20107 at "modloader\prioridade 60\veículos\veh br\previon.txd"
Importing model file for index 547 at "modloader\prioridade 40\carros originais imvehft\models\gta3img\dffs\primo.dff"
Importing model file for index 20218 at "modloader\prioridade 40\carros originais imvehft\models\gta3img\txds\primo.txd"
Importing model file for index 22946 at "modloader\prioridade 70\mapa\interiores\comidas\burger\proc_rub.txd"
Importing model file for index 20739 at "modloader\prioridade 70\mapa\interiores\comidas\pizza\prop_pizzabox.txd"
Importing model file for index 23099 at "modloader\proper fixes\additional textures\properf_country.txd"
Importing model file for index 23101 at "modloader\proper fixes\additional textures\properf_cutscene.txd"
Importing model file for index 23094 at "modloader\proper fixes\additional textures\properf_dynamic.txd"
Importing model file for index 22870 at "modloader\proper fixes\additional textures\properf_int.txd"
Importing model file for index 23098 at "modloader\proper fixes\additional textures\properf_la.txd"
Importing model file for index 23105 at "modloader\proper fixes\additional textures\properf_peds.txd"
Importing model file for index 23103 at "modloader\proper fixes\additional textures\properf_sf.txd"
Importing model file for index 23102 at "modloader\proper fixes\additional textures\properf_vegas.txd"
Importing model file for index 25251 at "modloader\proper fixes\additional models\stream\properfixes.col"
Importing model file for index 1273 at "modloader\prioridade 40\nextgen remaster weapons\gameplay  pickups\property_fsale.dff"
Importing model file for index 1272 at "modloader\prioridade 40\nextgen remaster weapons\gameplay  pickups\property_locked.dff"
Importing model file for index 25242 at "modloader\prioridade 80\enterable hidden interiors\models\gta_int.img\props.col"
Importing model file for index 25243 at "modloader\prioridade 90\vending machines remastered\props2.col"
Importing model file for index 23762 at "modloader\ginputsa\models\ps3btns.txd"
Importing model file for index 23186 at "modloader\prioridade 70\skins\antigas\pulaski.txd"
Importing model file for index 22853 at "modloader\prioridade 70\mapa\interiores\academia tozi\interior\punchbag2.txd"
Importing model file for index 471 at "modloader\prioridade 60\veículos\carros\quad\quad.dff"
Importing model file for index 20142 at "modloader\prioridade 60\veículos\carros\quad\quad.txd"
Importing model file for index 25746 at "modloader\prioridade 100\myths maker\cleo\animals\anim19\rabit.ifp"
Importing model file for index 563 at "modloader\prioridade 60\veículos\veh br\raindanc.dff"
Importing model file for index 20234 at "modloader\prioridade 60\veículos\veh br\raindanc.txd"
Importing model file for index 489 at "modloader\prioridade 60\veículos\carros\rancher\rancher.dff"
Importing model file for index 20160 at "modloader\prioridade 60\veículos\carros\rancher\rancher.txd"
Importing model file for index 1184 at "modloader\prioridade 40\carros originais imvehft\models\gta3img\dffs\rbmp_lr_bl1.dff"
Importing model file for index 1183 at "modloader\prioridade 40\carros originais imvehft\models\gta3img\dffs\rbmp_lr_bl2.dff"
Importing model file for index 22908 at "modloader\prioridade 70\mapa\interiores\zero rc\rc_shop_acc.txd"
Importing model file for index 22892 at "modloader\prioridade 70\mapa\interiores\zero rc\rc_shop_figure.txd"
Importing model file for index 22911 at "modloader\prioridade 70\mapa\interiores\zero rc\rc_shop_hanger.txd"
Importing model file for index 22910 at "modloader\prioridade 70\mapa\interiores\zero rc\rc_shop_toy.txd"
Importing model file for index 22909 at "modloader\prioridade 70\mapa\interiores\zero rc\rc_shop_trains.txd"
Importing model file for index 441 at "modloader\prioridade 60\veículos\carros\rc bandit\rcbandit.dff"
Importing model file for index 20112 at "modloader\prioridade 60\veículos\carros\rc bandit\rcbandit.txd"
Importing model file for index 594 at "modloader\prioridade 60\veículos\carros\ovo\rccam.dff"
Importing model file for index 20265 at "modloader\prioridade 60\veículos\carros\ovo\rccam.txd"
Importing model file for index 3266 at "modloader\prioridade 80\new algorithm for trains\rdtlm.dff"
Importing model file for index 515 at "modloader\prioridade 40\carros originais imvehft\models\gta3img\dffs\rdtrain.dff"
Importing model file for index 20186 at "modloader\prioridade 40\carros originais imvehft\models\gta3img\txds\rdtrain.txd"
Importing model file for index 23187 at "modloader\prioridade 40\carros originais imvehft\models\gta3img\txds\rdtraint.txd"
Importing model file for index 479 at "modloader\prioridade 60\veículos\carros\regina copcarlv\regina.dff"
Importing model file for index 20150 at "modloader\prioridade 60\veículos\carros\regina copcarlv\regina.txd"
Importing model file for index 534 at "modloader\prioridade 40\carros originais imvehft\models\gta3img\dffs\remingtn.dff"
Importing model file for index 20205 at "modloader\prioridade 40\carros originais imvehft\models\gta3img\txds\remingtn.txd"
Importing model file for index 432 at "modloader\prioridade 40\carros originais imvehft\models\gta3img\dffs\rhino.dff"
Importing model file for index 20103 at "modloader\prioridade 40\carros originais imvehft\models\gta3img\txds\rhino.txd"
Importing model file for index 505 at "modloader\prioridade 40\carros originais imvehft\models\gta3img\dffs\rnchlure.dff"
Importing model file for index 20176 at "modloader\prioridade 40\carros originais imvehft\models\gta3img\txds\rnchlure.txd"
Importing model file for index 22782 at "modloader\prioridade 60\mapas\8-tracks random\8tracks\road.txd"
Importing model file for index 22796 at "modloader\prioridade 70\mapa\cidade\roadblkx.txd"
Importing model file for index 359 at "modloader\rosa project evolved\rosa project evolved -  exterior\files\rosa-dff\gta3\rocketla.dff"
Importing model file for index 20054 at "modloader\prioridade 40\nextgen remaster weapons\gameplay  weapons - items\rocketla.txd"
Importing model file for index 21032 at "modloader\prioridade 70\mapa\interiores\lojas de roupas\renner\exterior\rodeo01_law2.txd"
Importing model file for index 21042 at "modloader\prioridade 70\mapa\interiores\lojas de roupas\centauro\exterior\rodeo02_law2.txd"
Importing model file for index 21045 at "modloader\prioridade 70\mapa\interiores\lojas de roupas\renner\exterior\rodeot01_law2.txd"
Importing model file for index 442 at "modloader\prioridade 40\carros originais imvehft\models\gta3img\dffs\romero.dff"
Importing model file for index 20113 at "modloader\prioridade 40\carros originais imvehft\models\gta3img\txds\romero.txd"
Importing model file for index 440 at "modloader\prioridade 60\veículos\carros\carro sorvete 2\rumpo.dff"
Importing model file for index 20111 at "modloader\prioridade 60\veículos\carros\carro sorvete 2\rumpo.txd"
Importing model file for index 476 at "modloader\prioridade 60\veículos\avioes\aviao barata\rustler.dff"
Importing model file for index 20147 at "modloader\prioridade 60\veículos\avioes\aviao barata\rustler.txd"
Importing model file for index 11952 at "modloader\prioridade 60\fix\food eating fix\food models\rustysep.dff"
Importing model file for index 23065 at "modloader\prioridade 60\fix\food eating fix\food models\rustysep.txd"
Importing model file for index 22620 at "modloader\prioridade 70\mapa\interiores\casas\casa ryder\rybath.txd"
Importing model file for index 23193 at "modloader\prioridade 70\skins\antigas\ryder.txd"
Importing model file for index 23194 at "modloader\prioridade 70\skins\antigas\ryder2.txd"
Importing model file for index 23195 at "modloader\prioridade 70\skins\antigas\ryder3.txd"
Importing model file for index 22617 at "modloader\prioridade 70\mapa\interiores\casas\casa ryder\ryfurn2.txd"
Importing model file for index 22619 at "modloader\prioridade 70\mapa\interiores\casas\casa ryder\ryhall.txd"
Importing model file for index 22622 at "modloader\prioridade 70\mapa\interiores\casas\casa ryder\rylounge.txd"
Importing model file for index 22621 at "modloader\prioridade 70\mapa\interiores\casas\casa ryder\rystuff.txd"
Importing model file for index 22616 at "modloader\prioridade 70\mapa\interiores\casas\casa ryder\rywins.txd"
Importing model file for index 475 at "modloader\prioridade 60\veículos\carros\fiat 147\sabre.dff"
Importing model file for index 20146 at "modloader\prioridade 60\veículos\carros\fiat 147\sabre.txd"
Importing model file for index 543 at "modloader\prioridade 60\veículos\veh br\sadler.dff"
Importing model file for index 20214 at "modloader\prioridade 60\veículos\veh br\sadler.txd"
Importing model file for index 605 at "modloader\prioridade 40\carros originais imvehft\models\gta3img\dffs\sadlshit.dff"
Importing model file for index 20276 at "modloader\prioridade 40\carros originais imvehft\models\gta3img\txds\sadlshit.txd"
Importing model file for index 468 at "modloader\prioridade 40\carros originais imvehft\models\gta3img\dffs\sanchez.dff"
Importing model file for index 20139 at "modloader\prioridade 40\carros originais imvehft\models\gta3img\txds\sanchez.txd"
Importing model file for index 495 at "modloader\prioridade 60\veículos\carros\sandking\sandking.dff"
Importing model file for index 20166 at "modloader\prioridade 60\veículos\carros\sandking\sandking.txd"
Importing model file for index 363 at "modloader\rosa project evolved\rosa project evolved -  exterior\files\rosa-dff\gta3\satchel.dff"
Importing model file for index 20058 at "modloader\prioridade 40\nextgen remaster weapons\gameplay  weapons - items\satchel.txd"
Importing model file for index 567 at "modloader\prioridade 40\carros originais imvehft\models\gta3img\dffs\savanna.dff"
Importing model file for index 20238 at "modloader\prioridade 40\carros originais imvehft\models\gta3img\txds\savanna.txd"
Importing model file for index 350 at "modloader\rosa project evolved\rosa project evolved -  exterior\files\rosa-dff\gta3\sawnoff.dff"
Importing model file for index 20045 at "modloader\prioridade 40\nextgen remaster weapons\gameplay  weapons - items\sawnoff.txd"
Importing model file for index 22707 at "modloader\prioridade 70\mapa\interiores\lojas de roupas\marisa\scummy.txd"
Importing model file for index 428 at "modloader\prioridade 60\veículos\veh br\securica.dff"
Importing model file for index 20099 at "modloader\prioridade 60\veículos\veh br\securica.txd"
Importing model file for index 405 at "modloader\prioridade 40\carros originais imvehft\models\gta3img\dffs\sentinel.dff"
Importing model file for index 20076 at "modloader\prioridade 40\carros originais imvehft\models\gta3img\txds\sentinel.txd"
Importing model file for index 22592 at "modloader\prioridade 70\mapa\interiores\nova era games\interior\sexdetail.txd"
Importing model file for index 20442 at "modloader\prioridade 70\skins\gays\sfr1.txd"
Importing model file for index 20443 at "modloader\prioridade 70\skins\gays\sfr2.txd"
Importing model file for index 20444 at "modloader\prioridade 70\skins\gays\sfr3.txd"
Importing model file for index 25149 at "modloader\prioridade 80\enterable hidden interiors\models\gta3.img\sfse_12.col"
Importing model file for index 519 at "modloader\prioridade 60\veículos\avioes\xbox controller plane\shamal.dff"
Importing model file for index 20190 at "modloader\prioridade 60\veículos\avioes\xbox controller plane\shamal.txd"
Importing model file for index 22999 at "modloader\prioridade 40\nextgen remaster weapons\gameplay  pickups\shell_pick.txd"
Importing model file for index 20885 at "modloader\prioridade 70\mapa\interiores\mercadinho\extrerior\shopliquor_las.txd"
Importing model file for index 22894 at "modloader\prioridade 70\mapa\interiores\lojas de roupas\hering\interior\shopping.txd"
Importing model file for index 351 at "modloader\rosa project evolved\rosa project evolved -  exterior\files\rosa-dff\gta3\shotgspa.dff"
Importing model file for index 20046 at "modloader\prioridade 40\nextgen remaster weapons\gameplay  weapons - items\shotgspa.txd"
Importing model file for index 337 at "modloader\rosa project evolved\rosa project evolved -  exterior\files\rosa-dff\gta3\shovel.dff"
Importing model file for index 20033 at "modloader\prioridade 40\nextgen remaster weapons\gameplay  weapons - items\shovel.txd"
Importing model file for index 347 at "modloader\rosa project evolved\rosa project evolved -  exterior\files\rosa-dff\gta3\silenced.dff"
Importing model file for index 20042 at "modloader\prioridade 40\nextgen remaster weapons\gameplay  weapons - items\silenced.txd"
Importing model file for index 20006 at "modloader\ginputsa\models\sixaxis.txd"
Importing model file for index 22900 at "modloader\prioridade 70\mapa\interiores\lojas de roupas\kondzilla wear\gta_int\skate_shop.txd"
Importing model file for index 23209 at "modloader\prioridade 40\nextgen remaster weapons\gameplay  weapons - items\skateboard.txd"
Importing model file for index 4605 at "modloader\prioridade 80\enterable hidden interiors\models\gta3.img\skyscrapn203_gls.dff"
Importing model file for index 535 at "modloader\prioridade 40\carros originais imvehft\models\gta3img\dffs\slamvan.dff"
Importing model file for index 20206 at "modloader\prioridade 40\carros originais imvehft\models\gta3img\txds\slamvan.txd"
Importing model file for index 21484 at "modloader\prioridade 70\mapa\interiores\comidas\pizza\exterior pizza\smallertxd.txd"
Importing model file for index 22654 at "modloader\tuning mod\gta3img\smashtv.txd"
Importing model file for index 23213 at "modloader\prioridade 70\skins\antigas\smoke.txd"
Importing model file for index 23214 at "modloader\prioridade 70\skins\antigas\smokev.txd"
Importing model file for index 358 at "modloader\rosa project evolved\rosa project evolved -  exterior\files\rosa-dff\gta3\sniper.dff"
Importing model file for index 20053 at "modloader\prioridade 40\nextgen remaster weapons\gameplay  weapons - items\sniper.txd"
Importing model file for index 25701 at "modloader\controller\anim\spanking ( fix )\snm.ifp"
Importing model file for index 458 at "modloader\prioridade 60\veículos\carros\solair\solair.dff"
Importing model file for index 20129 at "modloader\prioridade 60\veículos\carros\solair\solair.txd"
Importing model file for index 23763 at "modloader\soundize\soundize.txd"
Importing model file for index 452 at "modloader\prioridade 60\veículos\barcos\barco golfinho\speeder.dff"
Importing model file for index 20123 at "modloader\prioridade 60\veículos\barcos\barco golfinho\speeder.txd"
Importing model file for index 22948 at "modloader\prioridade 70\mapa\interiores\lojas de roupas\centauro\interior\sport_cloth.txd"
Importing model file for index 365 at "modloader\rosa project evolved\rosa project evolved -  exterior\files\rosa-dff\gta3\spraycan.dff"
Importing model file for index 20060 at "modloader\prioridade 40\nextgen remaster weapons\gameplay  weapons - items\spraycan.txd"
Importing model file for index 22122 at "modloader\prioridade 70\mapa\cidade\fabrica\sprunkworks.txd"
Importing model file for index 25247 at "modloader\prioridade 60\mapas\8-tracks random\8tracks\stadint_2.col"
Importing model file for index 580 at "modloader\prioridade 40\carros originais imvehft\models\gta3img\dffs\stafford.dff"
Importing model file for index 20251 at "modloader\prioridade 40\carros originais imvehft\models\gta3img\txds\stafford.txd"
Importing model file for index 439 at "modloader\prioridade 60\veículos\carros\stallion\stallion.dff"
Importing model file for index 20110 at "modloader\prioridade 60\veículos\carros\stallion\stallion.txd"
Importing model file for index 13625 at "modloader\prioridade 60\mapas\8-tracks random\8tracks\stands.dff"
Importing model file for index 20841 at "modloader\prioridade 70\mapa\interiores\lojas de roupas\hering\exterior\stolenbuild02.txd"
Importing model file for index 561 at "modloader\prioridade 40\carros originais imvehft\models\gta3img\dffs\stratum.dff"
Importing model file for index 20232 at "modloader\prioridade 40\carros originais imvehft\models\gta3img\txds\stratum.txd"
Importing model file for index 538 at "modloader\prioridade 60\veículos\trem\walter's brown streak\streak.dff"
Importing model file for index 20209 at "modloader\prioridade 60\veículos\trem\walter's brown streak\streak.txd"
Importing model file for index 570 at "modloader\prioridade 60\veículos\trem\walter's brown streak\streakc.dff"
Importing model file for index 20241 at "modloader\prioridade 60\veículos\trem\walter's brown streak\streakc.txd"
Importing model file for index 409 at "modloader\prioridade 40\carros originais imvehft\models\gta3img\dffs\stretch.dff"
Importing model file for index 20080 at "modloader\prioridade 40\carros originais imvehft\models\gta3img\txds\stretch.txd"
Importing model file for index 21654 at "modloader\prioridade 70\mapa\interiores\mercadinho\extrerior\stripshop1.txd"
Importing model file for index 560 at "modloader\prioridade 60\veículos\carros\sultan hatch\sultan.dff"
Importing model file for index 20231 at "modloader\prioridade 60\veículos\carros\sultan hatch\sultan.txd"
Importing model file for index 21041 at "modloader\prioridade 70\mapa\interiores\lojas de roupas\centauro\exterior\sunbill_law2.txd"
Importing model file for index 550 at "modloader\prioridade 40\carros originais imvehft\models\gta3img\dffs\sunrise.dff"
Importing model file for index 20221 at "modloader\prioridade 40\carros originais imvehft\models\gta3img\txds\sunrise.txd"
Importing model file for index 506 at "modloader\prioridade 40\carros originais imvehft\models\gta3img\dffs\supergt.dff"
Importing model file for index 20177 at "modloader\prioridade 40\carros originais imvehft\models\gta3img\txds\supergt.txd"
Importing model file for index 22899 at "modloader\prioridade 70\mapa\interiores\lojas de roupas\kondzilla wear\gta_int\surf_boards.txd"
Importing model file for index 22143 at "modloader\prioridade 70\mapa\interiores\comidas\pizza\exterior pizza\sw_block06.txd"
Importing model file for index 22164 at "modloader\prioridade 70\mapa\interiores\loterias\sw_block11.txd"
Importing model file for index 22166 at "modloader\prioridade 70\mapa\cidade\fazer\sw_fact02.txd"
Importing model file for index 12853 at "modloader\prioridade 80\enterable hidden interiors\models\gta3.img\sw_gas01.dff"
Importing model file for index 22165 at "modloader\prioridade 70\mapa\cidade\fazer\sw_well1.txd"
Importing model file for index 601 at "modloader\prioridade 40\carros originais imvehft\models\gta3img\dffs\swatvan.dff"
Importing model file for index 20272 at "modloader\prioridade 40\carros originais imvehft\models\gta3img\txds\swatvan.txd"
Importing model file for index 574 at "modloader\prioridade 60\veículos\carros\cadeira de rodas\sweeper.dff"
Importing model file for index 20245 at "modloader\prioridade 60\veículos\carros\cadeira de rodas\sweeper.txd"
Importing model file for index 23223 at "modloader\prioridade 70\skins\antigas\sweet.txd"
Importing model file for index 22310 at "modloader\prioridade 70\mapa\interiores\casas\casa sweet\sweets_bit2.txd"
Importing model file for index 22317 at "modloader\prioridade 70\mapa\interiores\casas\casa sweet\sweets_roon.txd"
Importing model file for index 22332 at "modloader\prioridade 70\mapa\interiores\casas\casa sweet\sweetshads.txd"
Importing model file for index 22319 at "modloader\prioridade 70\mapa\interiores\casas\casa sweet\sweetshall.txd"
Importing model file for index 22330 at "modloader\prioridade 70\mapa\interiores\casas\casa sweet\sweetsmain.txd"
Importing model file for index 20713 at "modloader\prioridade 70\pichacoes\tags_larifa.txd"
Importing model file for index 20715 at "modloader\prioridade 70\pichacoes\tags_laseville.txd"
Importing model file for index 20717 at "modloader\prioridade 70\pichacoes\tags_lavagos.txd"
Importing model file for index 566 at "modloader\prioridade 40\carros originais imvehft\models\gta3img\dffs\tahoma.dff"
Importing model file for index 20237 at "modloader\prioridade 40\carros originais imvehft\models\gta3img\txds\tahoma.txd"
Importing model file for index 549 at "modloader\prioridade 40\carros originais imvehft\models\gta3img\dffs\tampa.dff"
Importing model file for index 20220 at "modloader\prioridade 40\carros originais imvehft\models\gta3img\txds\tampa.txd"
Importing model file for index 420 at "modloader\prioridade 40\carros originais imvehft\models\gta3img\dffs\taxi.dff"
Importing model file for index 20091 at "modloader\prioridade 40\carros originais imvehft\models\gta3img\txds\taxi.txd"
Importing model file for index 343 at "modloader\rosa project evolved\rosa project evolved -  exterior\files\rosa-dff\gta3\teargas.dff"
Importing model file for index 20038 at "modloader\prioridade 40\nextgen remaster weapons\gameplay  weapons - items\teargas.txd"
Importing model file for index 372 at "modloader\rosa project evolved\rosa project evolved -  exterior\files\rosa-dff\gta3\tec9.dff"
Importing model file for index 20067 at "modloader\prioridade 40\nextgen remaster weapons\gameplay  weapons - items\tec9.txd"
Importing model file for index 20646 at "modloader\prioridade 70\mapa\cidade\telegraph.txd"
Importing model file for index 21110 at "modloader\prioridade 70\mapa\interiores\comidas\subway\exterior\telewirelawn.txd"
Importing model file for index 20970 at "modloader\prioridade 70\mapa\interiores\lojas de roupas\marisa\exterior roupas\templae2land.txd"
Importing model file for index 23092 at "modloader\prioridade 80\new algorithm for trains\tltxsm.txd"
Importing model file for index 459 at "modloader\prioridade 60\veículos\carros\topfun\topfun.dff"
Importing model file for index 20130 at "modloader\prioridade 60\veículos\carros\topfun\topfun.txd"
Importing model file for index 23227 at "modloader\prioridade 70\skins\antigas\torino.txd"
Importing model file for index 576 at "modloader\prioridade 40\carros originais imvehft\models\gta3img\dffs\tornado.dff"
Importing model file for index 20247 at "modloader\prioridade 40\carros originais imvehft\models\gta3img\txds\tornado.txd"
Importing model file for index 525 at "modloader\prioridade 40\carros originais imvehft\models\gta3img\dffs\towtruck.dff"
Importing model file for index 20196 at "modloader\prioridade 40\carros originais imvehft\models\gta3img\txds\towtruck.txd"
Importing model file for index 19005 at "modloader\prioridade 60\mapas\toyota showroom\toyotabase.dff"
Importing model file for index 22209 at "modloader\prioridade 60\mapas\toyota showroom\toyotabase.txd"
Importing model file for index 531 at "modloader\prioridade 40\carros originais imvehft\models\gta3img\dffs\tractor.dff"
Importing model file for index 20202 at "modloader\prioridade 40\carros originais imvehft\models\gta3img\txds\tractor.txd"
Importing model file for index 449 at "modloader\prioridade 60\veículos\carros\tram\tram.dff"
Importing model file for index 20120 at "modloader\prioridade 60\veículos\carros\tram\tram.txd"
Importing model file for index 408 at "modloader\prioridade 70\veiculos\caminhao de lixo\trash.dff"
Importing model file for index 20079 at "modloader\prioridade 70\veiculos\caminhao de lixo\trash.txd"
Importing model file for index 583 at "modloader\prioridade 60\veículos\carros\sofá\tug.dff"
Importing model file for index 20254 at "modloader\prioridade 60\veículos\carros\sofá\tug.txd"
Importing model file for index 608 at "modloader\prioridade 40\carros originais imvehft\models\gta3img\dffs\tugstair.dff"
Importing model file for index 20279 at "modloader\prioridade 40\carros originais imvehft\models\gta3img\txds\tugstair.txd"
Importing model file for index 451 at "modloader\prioridade 40\carros originais imvehft\models\gta3img\dffs\turismo.dff"
Importing model file for index 20122 at "modloader\prioridade 40\carros originais imvehft\models\gta3img\txds\turismo.txd"
Importing model file for index 21051 at "modloader\prioridade 70\mapa\cidade\sbt\tvstudio_law2.txd"
Importing model file for index 558 at "modloader\prioridade 60\veículos\carros\invisible car\uranus.dff"
Importing model file for index 20229 at "modloader\prioridade 40\carros originais imvehft\models\gta3img\txds\uranus.txd"
Importing model file for index 552 at "modloader\prioridade 60\veículos\veh br\utility.dff"
Importing model file for index 20223 at "modloader\prioridade 60\veículos\veh br\utility.txd"
Importing model file for index 15212 at "modloader\prioridade 5\nextgen effects\map\vaultfx.dff"
Importing model file for index 20352 at "modloader\prioridade 70\mapa\interiores\academia tozi\exterior\vbmybox.txd"
Importing model file for index 21856 at "modloader\prioridade 70\mapa\interiores\mercadinho\extrerior\vegasdwntwn1.txd"
Importing model file for index 20593 at "modloader\prioridade 90\vending machines remastered\vend.txd"
Importing model file for index 1209 at "modloader\prioridade 90\vending machines remastered\vendmach.dff"
Importing model file for index 1302 at "modloader\prioridade 90\vending machines remastered\vendmachfd.dff"
Importing model file for index 22762 at "modloader\prioridade 70\mapa\interiores\outros\vghotelnice.txd"
Importing model file for index 21618 at "modloader\prioridade 70\mapa\interiores\comidas\frago assado\exterior\vgndwntwn23.txd"
Importing model file for index 21870 at "modloader\prioridade 70\mapa\interiores\nova era games\exterior\vgnlowbild.txd"
Importing model file for index 21864 at "modloader\prioridade 60\mapas\toyota showroom\vgnretail3.txd"
Importing model file for index 21640 at "modloader\prioridade 70\mapa\interiores\mercadinho\extrerior\vgnretail6.txd"
Importing model file for index 21646 at "modloader\prioridade 70\mapa\interiores\comidas\frago assado\exterior\vgnshopnmall.txd"
Importing model file for index 21617 at "modloader\prioridade 80\enterable hidden interiors\models\gta3.img\vgnvrock.txd"
Importing model file for index 21714 at "modloader\prioridade 60\mapas\san andreas bus station\vgsbikeschool.txd"
Importing model file for index 540 at "modloader\prioridade 40\carros originais imvehft\models\gta3img\dffs\vincent.dff"
Importing model file for index 20211 at "modloader\prioridade 40\carros originais imvehft\models\gta3img\txds\vincent.txd"
Importing model file for index 13722 at "modloader\prioridade 100\custom vinewood text\remove original\vinesign1_cunte.dff"
Importing model file for index 13831 at "modloader\prioridade 100\custom vinewood text\remove original\vinesign1_cunte01.dff"
Importing model file for index 491 at "modloader\prioridade 40\carros originais imvehft\models\gta3img\dffs\virgo.dff"
Importing model file for index 20162 at "modloader\prioridade 40\carros originais imvehft\models\gta3img\txds\virgo.txd"
Importing model file for index 412 at "modloader\prioridade 40\carros originais imvehft\models\gta3img\dffs\voodoo.dff"
Importing model file for index 20083 at "modloader\prioridade 40\carros originais imvehft\models\gta3img\txds\voodoo.txd"
Importing model file for index 539 at "modloader\prioridade 60\veículos\carros\nemesis strike vortex 2\vortex.dff"
Importing model file for index 20210 at "modloader\prioridade 60\veículos\carros\nemesis strike vortex 2\vortex.txd"
Importing model file for index 23030 at "modloader\tuning mod parts\gta v rat rod engine\vrat_engine.txd"
Importing model file for index 15458 at "modloader\tuning mod parts\gta v rat rod engine\vrat_engine_block.dff"
Importing model file for index 15463 at "modloader\tuning mod parts\gta v rat rod engine\vrat_engine_exhaust.dff"
Importing model file for index 15459 at "modloader\tuning mod parts\gta v rat rod engine\vrat_engine_pipes.dff"
Importing model file for index 15460 at "modloader\tuning mod parts\gta v rat rod engine\vrat_engine_scoop1.dff"
Importing model file for index 15461 at "modloader\tuning mod parts\gta v rat rod engine\vrat_engine_scoop1b.dff"
Importing model file for index 15462 at "modloader\tuning mod parts\gta v rat rod engine\vrat_engine_scoop2.dff"
Importing model file for index 20353 at "modloader\prioridade 70\mapa\interiores\academia tozi\exterior\vwmybox.txd"
Importing model file for index 478 at "modloader\prioridade 60\veículos\veh br\walton.dff"
Importing model file for index 20149 at "modloader\prioridade 60\veículos\veh br\walton.txd"
Importing model file for index 421 at "modloader\prioridade 40\carros originais imvehft\models\gta3img\dffs\washing.dff"
Importing model file for index 20092 at "modloader\prioridade 40\carros originais imvehft\models\gta3img\txds\washing.txd"
Importing model file for index 15174 at "modloader\prioridade 5\nextgen effects\map\waves0.dff"
Importing model file for index 15175 at "modloader\prioridade 5\nextgen effects\map\waves0x.dff"
Importing model file for index 15176 at "modloader\prioridade 5\nextgen effects\map\waves0x2.dff"
Importing model file for index 15168 at "modloader\prioridade 5\nextgen effects\map\waves1.dff"
Importing model file for index 15169 at "modloader\prioridade 5\nextgen effects\map\waves2.dff"
Importing model file for index 15170 at "modloader\prioridade 5\nextgen effects\map\waves3.dff"
Importing model file for index 15171 at "modloader\prioridade 5\nextgen effects\map\waves4.dff"
Importing model file for index 15172 at "modloader\prioridade 5\nextgen effects\map\waves5.dff"
Importing model file for index 15173 at "modloader\prioridade 5\nextgen effects\map\waves6.dff"
Importing model file for index 586 at "modloader\prioridade 60\veículos\carros\wayfarer plus+\wayfarer.dff"
Importing model file for index 20257 at "modloader\prioridade 60\veículos\carros\wayfarer plus+\wayfarer.txd"
Importing model file for index 211 at "modloader\prioridade 70\skins\roupa pizza\wfyclot.dff"
Importing model file for index 20479 at "modloader\prioridade 70\skins\roupa pizza\wfyclot.txd"
Importing model file for index 3429 at "modloader\prioridade 80\new algorithm for trains\whtlm.dff"
Importing model file for index 529 at "modloader\prioridade 40\carros originais imvehft\models\gta3img\dffs\willard.dff"
Importing model file for index 20200 at "modloader\prioridade 40\carros originais imvehft\models\gta3img\txds\willard.txd"
Importing model file for index 555 at "modloader\prioridade 40\carros originais imvehft\models\gta3img\dffs\windsor.dff"
Importing model file for index 20226 at "modloader\prioridade 40\carros originais imvehft\models\gta3img\txds\windsor.txd"
Importing model file for index 20436 at "modloader\prioridade 70\mapa\interiores\comidas\frago assado\wmybell.txd"
Importing model file for index 20424 at "modloader\prioridade 70\mapa\interiores\comidas\pizza\wmypizz.txd"
Importing model file for index 20344 at "modloader\prioridade 70\skins\correio\wmysgrd.txd"
Importing model file for index 382 at "modloader\prioridade 60\restored unused peds\wmyskat.dff"
Importing model file for index 23087 at "modloader\prioridade 60\restored unused peds\wmyskat.txd"
Importing model file for index 65 at "modloader\prioridade 60\restored unused peds\wmytx1.dff"
Importing model file for index 23070 at "modloader\prioridade 60\restored unused peds\wmytx1.txd"
Importing model file for index 42 at "modloader\prioridade 60\restored unused peds\wmytx2.dff"
Importing model file for index 23069 at "modloader\prioridade 60\restored unused peds\wmytx2.txd"
Importing model file for index 252 at "modloader\prioridade 70\skins\antigas\wmyva2.dff"
Importing model file for index 20520 at "modloader\prioridade 70\skins\antigas\wmyva2.txd"
Importing model file for index 25747 at "modloader\prioridade 100\myths maker\cleo\animals\anim13\wolf.ifp"
Importing model file for index 20774 at "modloader\prioridade 70\mapa\cidade\posto ipiranga\wshxrefpump.txd"
Importing model file for index 23764 at "modloader\ginputsa\models\x360btns.txd"
Importing model file for index 456 at "modloader\prioridade 60\veículos\veh br\yankee.dff"
Importing model file for index 20127 at "modloader\prioridade 60\veículos\veh br\yankee.txd"
Importing model file for index 3251 at "modloader\prioridade 80\new algorithm for trains\yltlm.dff"
Importing model file for index 554 at "modloader\prioridade 70\skins\funkeiros\yosemite.dff"
Importing model file for index 20225 at "modloader\prioridade 70\skins\funkeiros\yosemite.txd"
Importing model file for index 477 at "modloader\prioridade 60\veículos\carros\zr 350\zr350.dff"
Importing model file for index 20148 at "modloader\prioridade 60\veículos\carros\zr 350\zr350.txd"
Abstract cd directory has been loaded.
Loading default scene "data\map.zon"
Loading default scene "data\info.zon"
Loading custom scene "modloader\proper fixes\map\data\maps\la\lan.ipl"
Loading custom scene "modloader\proper fixes\map\data\maps\la\lan2.ipl"
Loading custom scene "modloader\proper fixes\map\data\maps\la\las.ipl"
Loading custom scene "modloader\proper fixes\map\data\maps\la\las2.ipl"
Loading custom scene "modloader\proper fixes\map\data\maps\la\lae.ipl"
Loading custom scene "modloader\proper fixes\map\data\maps\la\lae2.ipl"
Loading custom scene "modloader\proper fixes\map\data\maps\la\law.ipl"
Loading custom scene "modloader\proper fixes\map\data\maps\la\lawn.ipl"
Loading custom scene "modloader\proper fixes\map\data\maps\la\law2.ipl"
Loading custom scene "modloader\proper fixes\map\data\maps\la\lahills.ipl"
Loading custom scene "modloader\proper fixes\map\data\maps\sf\sfn.ipl"
Loading custom scene "modloader\proper fixes\map\data\maps\sf\sfs.ipl"
Loading custom scene "modloader\proper fixes\map\data\maps\sf\sfse.ipl"
Loading custom scene "modloader\proper fixes\map\data\maps\sf\sfe.ipl"
Loading custom scene "modloader\proper fixes\map\data\maps\sf\sfw.ipl"
Loading custom scene "modloader\proper fixes\map\data\maps\vegas\vegasn.ipl"
Warning: More than one file attached to 'data\maps\vegas\vegass.ipl', using the one with higher priority.
Loading custom scene "modloader\prioridade 60\mapas\san andreas bus station\maps\vegas\vegass.ipl"
Loading custom scene "modloader\proper fixes\map\data\maps\vegas\vegase.ipl"
Loading custom scene "modloader\proper fixes\map\data\maps\vegas\vegasw.ipl"
Warning: More than one file attached to 'data\maps\country\countryn.ipl', using the one with higher priority.
Loading custom scene "modloader\prioridade 60\mapas\dam extended\dam with alot addons with waterfall\countryn.ipl"
Loading custom scene "modloader\proper fixes\map\data\maps\country\countn2.ipl"
Loading custom scene "modloader\proper fixes\map\data\maps\country\countrys.ipl"
Warning: More than one file attached to 'data\maps\country\countrye.ipl', using the one with higher priority.
Loading custom scene "modloader\proper fixes\map\data\maps\country\countrye.ipl"
Loading custom scene "modloader\proper fixes\map\data\maps\country\countryw.ipl"
Loading custom scene "modloader\proper fixes\map\data\maps\interior\int_la.ipl"
Loading custom scene "modloader\proper fixes\map\data\maps\interior\int_sf.ipl"
Loading custom scene "modloader\proper fixes\map\data\maps\interior\int_veg.ipl"
Loading default scene "data\maps\interior\int_cont.ipl"
Loading custom scene "modloader\proper fixes\map\data\maps\interior\gen_int1.ipl"
Loading default scene "data\maps\interior\gen_int2.ipl"
Loading default scene "data\maps\interior\gen_intb.ipl"
Loading default scene "data\maps\interior\gen_int3.ipl"
Loading default scene "data\maps\interior\gen_int4.ipl"
Loading default scene "data\maps\interior\gen_int5.ipl"
Loading custom scene "modloader\proper fixes\map\data\maps\interior\stadint.ipl"
Loading default scene "data\maps\interior\savehous.ipl"
Loading custom scene "modloader\proper fixes\map\data\maps\leveldes\levelmap.ipl"
Loading default scene "data\maps\leveldes\seabed.ipl"
Loading default scene "data\maps\paths.ipl"
Loading default scene "data\maps\paths2.ipl"
Loading default scene "data\maps\paths3.ipl"
Loading default scene "data\maps\paths4.ipl"
Loading default scene "data\maps\paths5.ipl"
Loading custom scene "modloader\proper fixes\map\data\maps\cull.ipl"
Loading default scene "data\maps\tunnels.ipl"
Loading custom scene "modloader\proper fixes\map\data\maps\occlusf.ipl"
Loading custom scene "modloader\proper fixes\map\data\maps\occluveg.ipl"
Loading custom scene "modloader\proper fixes\map\data\maps\occlula.ipl"
Loading custom scene "modloader\proper fixes\map\data\maps\occluint.ipl"
Loading default scene "data\maps\audiozon.ipl"
Loading custom scene "modloader\prioridade 60\mapas\generic mod\data\maps\generic\generic_la.ipl"
Loading custom scene "modloader\prioridade 60\mapas\generic mod\data\maps\generic\generic_sf.ipl"
Loading custom scene "modloader\prioridade 60\mapas\generic mod\data\maps\generic\generic_airtrain.ipl"
Loading custom scene "modloader\prioridade 5\nextgen effects\map\effects.ipl"
Loading custom scene "modloader\urbanize\map\urbanize.ipl"
Loading custom scene "modloader\urbanize\map\urbanize - bins.ipl"
Loading custom scene "modloader\urbanize\map\urbanize - boxes.ipl"
Loading custom scene "modloader\urbanize\map\urbanize - benches.ipl"
Loading custom scene "modloader\urbanize\map\urbanize - chairs.ipl"
Loading custom scene "modloader\urbanize\map\urbanize - roofs.ipl"
Loading custom scene "modloader\urbanize\map\urbanize - airconds.ipl"
Loading custom scene "modloader\urbanize\map\urbanize - mails.ipl"
Loading custom scene "modloader\urbanize\map\urbanize - vases.ipl"
Loading custom scene "modloader\urbanize\map\urbanize - fences.ipl"
Loading custom scene "modloader\urbanize\map\urbanize - garbage.ipl"
Loading custom scene "modloader\urbanize\map\urbanize - lights.ipl"
Loading custom scene "modloader\urbanize\map\urbanize - street side.ipl"
Loading custom scene "modloader\prioridade 80\enterable hidden interiors\data\maps\ehi\ehi.ipl"
Loading custom scene "modloader\prioridade 90\parking save garages\data\maps\grgx_park\grgx_park.ipl"
Loading custom scene "modloader\prioridade 90\sf tags\sf_tags.ipl"
Loading custom scene "modloader\proper fixes\additional models\properfixes.ipl"
Loading default train track "data\paths\tracks.dat"
Loading default train track "data\paths\tracks3.dat"
Loading default train track "data\paths\tracks2.dat"
Loading default train track "data\paths\tracks4.dat"
Opening file for streaming "MODELS\PLAYER.IMG"
Loading default clothes rules "DATA\CLOTHES.DAT"
Loading custom water level "modloader\proper fixes\misc\data\water.dat"
Loading default ped relationship data "DATA\PED.DAT"
Loading custom weapon data "modloader\rosa project evolved\rosa project evolved -  exterior\files\data\weapon.dat"
Loading custom ped groups "modloader\prioridade 60\restored unused peds\data\pedgrp.dat"
Loading default car groups "CARGRP.DAT"
Starting injected cleo script search 0530D158 for version '0'...
Injecting extra scripts into search 0530D158...
Injecting cleo script "modloader\prioridade 5\car speed dependant fov\cleo\sa.carspeeddependantfov.cs"
Injecting cleo script "modloader\prioridade 5\nextgen effects\cleo\effects mod - missions fx.cs"
Injecting cleo script "modloader\essenciais\allweapon\cleo\allweapon_2.0.cs"
Injecting cleo script "modloader\essenciais\amazing screenshot\cleo\amazingscreen.cs"
Injecting cleo script "modloader\essenciais\builder mod\cleo\buildernovo.cs"
Injecting cleo script "modloader\essenciais\car spawn\cleo\carspawn.cs"
Injecting cleo script "modloader\essenciais\gravity gun\cleo\ggun.cs"
Injecting cleo script "modloader\essenciais\minhas adaptacoes\cleo\1hpcjcar.cs"
Injecting cleo script "modloader\essenciais\minhas adaptacoes\cleo\boom.cs"
Injecting cleo script "modloader\essenciais\minhas adaptacoes\cleo\cjlife1.cs"
Injecting cleo script "modloader\essenciais\minhas adaptacoes\cleo\destroycjcar.cs"
Injecting cleo script "modloader\essenciais\minhas adaptacoes\cleo\explodecjcar.cs"
Injecting cleo script "modloader\essenciais\minhas adaptacoes\cleo\explodecjcarkillped.cs"
Injecting cleo script "modloader\essenciais\minhas adaptacoes\cleo\fogo.cs"
Injecting cleo script "modloader\essenciais\minhas adaptacoes\cleo\fogocj[3].cs"
Injecting cleo script "modloader\essenciais\minhas adaptacoes\cleo\healcj.cs"
Injecting cleo script "modloader\essenciais\minhas adaptacoes\cleo\killcj.cs"
Injecting cleo script "modloader\essenciais\minhas adaptacoes\cleo\repair.cs"
Injecting cleo script "modloader\essenciais\minhas adaptacoes\cleo\splatcj.cs"
Injecting cleo script "modloader\essenciais\noclip\cleo\no clip (junior_djjr).cs"
Injecting cleo script "modloader\essenciais\save anywhere with f4\cleo\save anywhere.cs"
Injecting cleo script "modloader\essenciais\super fast teleporter\cleo\sfmark.cs"
Injecting cleo script "modloader\essenciais\super fast teleporter\cleo\sftel.cs"
Injecting cleo script "modloader\essenciais\teleport to marker\cleo\teleport_to_marker.cs"
Injecting cleo script "modloader\essenciais\unflip\cleo\unflip.cs"
Injecting cleo script "modloader\animmenu1.1\cleo\animmenu.cs"
Injecting cleo script "modloader\oribitcam1.2\cleo\orbitcam1.2.cs"
Injecting cleo script "modloader\prioridade 50\enhance particletxd\cleo\enhance particletxd (junior_djjr).cs"
Injecting cleo script "modloader\prioridade 50\thebirdsupdate\cleo\birddevtool.cs"
Injecting cleo script "modloader\choose gang weapons\cleo\choose gang weapons (junior_djjr).cs"
Injecting cleo script "modloader\prioridade 60\fix\bike flip fix\cleo\flip fix (nadalao).cs"
Injecting cleo script "modloader\prioridade 60\fix\food eating fix\cleo\food eating fix (junior_djjr).cs"
Injecting cleo script "modloader\prioridade 60\mapas\toyota showroom\cleo\toyotaparkedvehicles.cs"
Injecting cleo script "modloader\prioridade 60\veículos\carros\hotknife\cleo\hotknife.cs"
Injecting cleo script "modloader\prioridade 80\body stats fix\cleo\body stat fix in interiors (cleoude).cs"
Injecting cleo script "modloader\prioridade 80\breakable vending machines\cleo\breakable vending machines (junior_djjr).cs"
Injecting cleo script "modloader\prioridade 80\cj grita em quedas com o carro\cleo\caraireact.cs"
Injecting cleo script "modloader\prioridade 80\crazy train\cleo\crazytrain.cs"
Injecting cleo script "modloader\prioridade 80\enterable hidden interiors\cleo\ehi enex tweaks (junior_djjr).cs"
Injecting cleo script "modloader\prioridade 80\enterable hidden interiors\cleo\ehi.cs"
Injecting cleo script "modloader\prioridade 80\mod insetos\cleo\insects (junior_djjr).cs"
Injecting cleo script "modloader\prioridade 80\new algorithm for trains\cleo\algorithm5.cs"
Injecting cleo script "modloader\prioridade 80\new algorithm for trains\cleo\undersized_lights.cs"
Injecting cleo script "modloader\prioridade 80\ped fire fix\cleo\ped fire fix (junior_djjr).cs"
Injecting cleo script "modloader\prioridade 80\random car talk\cleo\random car talk (junior_djjr).cs"
Injecting cleo script "modloader\prioridade 80\show date\cleo\show_date.cs"
Injecting cleo script "modloader\prioridade 80\throw rotate fix\cleo\throw rotate fix (junior_djjr).cs"
Injecting cleo script "modloader\prioridade 80\tutorial free roam\cleo\tutorial free roam.cs"
Injecting cleo script "modloader\prioridade 80\unpause zone name\cleo\unpause zone name (junior_djjr).cs"
Injecting cleo script "modloader\prioridade 80\weather forecast\cleo\weather forecast (junior_djjr).cs"
Injecting cleo script "modloader\prioridade 90\attach vehicle\cleo\attach vehicle (junior_djjr).cs"
Injecting cleo script "modloader\prioridade 90\horn call homies\cleo\horn call homies.cs"
Injecting cleo script "modloader\prioridade 90\improved jetpack control\cleo\improved jetpack control (junior_djjr).cs"
Injecting cleo script "modloader\prioridade 90\manual driveby remake\cleo\sa.manualdrivebyremake.cs"
Injecting cleo script "modloader\prioridade 90\parked car maker\cleo\car maker parked ( um geek ).cs"
Injecting cleo script "modloader\prioridade 90\parking save garages\cleo\grgx_park.cs"
Injecting cleo script "modloader\prioridade 90\recruit any ped\cleo\recruit any ped.cs"
Injecting cleo script "modloader\prioridade 90\recruit more members\cleo\recruit more members.cs"
Injecting cleo script "modloader\prioridade 100\0x858624\cleo\0x858624.cs"
Injecting cleo script "modloader\prioridade 100\boxrain\cleo\rain.cs"
Injecting cleo script "modloader\prioridade 100\carjump\cleo\vehiclejump.cs"
Injecting cleo script "modloader\prioridade 100\change4colors\cleo\change_color.cs"
Injecting cleo script "modloader\prioridade 100\clipboard cheat\cleo\clipboard cheat.cs"
Injecting cleo script "modloader\prioridade 100\custom vinewood text\cleo\custom vinewood text (junior_djjr).cs"
Injecting cleo script "modloader\prioridade 100\dance with f5\cleo\dance.cs"
Injecting cleo script "modloader\prioridade 100\graffiti anywhere\cleo\graffiti anywhere (junior_djjr).cs"
Injecting cleo script "modloader\prioridade 100\in-game map editor\cleo\in-game map editor (junior_djjr).cs"
Injecting cleo script "modloader\prioridade 100\insanity\cleo\avia.cs"
Injecting cleo script "modloader\prioridade 100\insanity\cleo\pedcraz.cs"
Injecting cleo script "modloader\prioridade 100\insanity\cleo\pedfall.cs"
Injecting cleo script "modloader\prioridade 100\insanity\cleo\putcar.cs"
Injecting cleo script "modloader\prioridade 100\insanity\cleo\speedcarp.cs"
Injecting cleo script "modloader\prioridade 100\kamehameha\cleo\kamehameha.cs"
Injecting cleo script "modloader\prioridade 100\name weapon spawner\cleo\added weapon spawner.cs"
Injecting cleo script "modloader\prioridade 100\passenger\cleo\passenger.cs"
Injecting cleo script "modloader\prioridade 100\pedrain\cleo\spawn de pedestres by igreen.dll alt+1.cs"
Injecting cleo script "modloader\prioridade 100\pedrain\cleo\spawn de pedestres by igreen.dll alt+1[0].cs"
Injecting cleo script "modloader\prioridade 100\portal gun\cleo\portal.cs"
Injecting cleo script "modloader\prioridade 100\rzl-trainer\cleo\rzl-trainer.cs"
Injecting cleo script "modloader\prioridade 100\selfie mod\cleo\screenshot_bykrash.cs"
Injecting cleo script "modloader\prioridade 100\selfie mod\cleo\selfphoto_bykrash_v2.cs"
Injecting cleo script "modloader\prioridade 100\selfie mod\fix\selfphoto fix (junior_djjr).cs"
Injecting cleo script "modloader\prioridade 100\shoot stuff\cleo\shoot stuff (junior_djjr).cs"
Injecting cleo script "modloader\prioridade 100\skin selector (n)\cleo\skin_n.cs"
Injecting cleo script "modloader\prioridade 100\smooth camera\cleo\smoothcamerawork_ver05.cs"
Injecting cleo script "modloader\prioridade 100\spawn cj\cleo\spawnar um cj (junior_djjr).cs"
Injecting cleo script "modloader\prioridade 100\spikes mod\cleo\create_spikes.cs"
Injecting cleo script "modloader\prioridade 100\spikes mod\cleo\spikes_effect.cs"
Injecting cleo script "modloader\prioridade 100\vomitar\cleo\giventake.cs"
Injecting cleo script "modloader\prioridade 100\vomitar\cleo\sitsmkdrkgang.cs"
Injecting cleo script "modloader\prioridade 100\vomitar\cleo\sitsmokedrink.cs"
Injecting cleo script "modloader\prioridade 100\waldrivebyleo\cleo\waldrivebyleo.cs"
Injecting cleo script "modloader\prioridade 100\walkstyle\cleo\walkstyle.cs"
Finishing injected cleo script search 0530D158...
Starting injected cleo script search 0530D498 for version '4'...
Finishing injected cleo script search 0530D498...
Starting injected cleo script search 0530D218 for version '3'...
Finishing injected cleo script search 0530D218...
Loading default action reaction stats "DATA\AR_STATS.DAT"
Loading default stat update conditions "DATA\STATDISP.DAT"
Loading custom shopping data "modloader\prioridade 70\mapa\interiores\lojas de roupas\shopping.dat"
Removing imported model file at index 0
Loading script sprite "modloader\prioridade 80\weather forecast\models\txd\weafore.txd"
Loading custom furniture data "modloader\proper fixes\misc\data\furnitur.dat"
Loading custom procedural objects "modloader\proper fixes\misc\data\procobj.dat"
Loading script sprite "modloader\prioridade 100\graffiti anywhere\graffitis\models\txd\grfanyw.txd"

Scanning files at "modloader\prioridade 40\"...
Found file [0x0000000C855DA7D6] "Animal Statues Remastered\ASRemastered.ide" with handler "gta3.std.data"
Found file [0x00000604605BF096] "Animal Statues Remastered\ASRemastered.ifp" with handler "gta3.std.stream"
Found file [0x00000204F894A5A9] "Animal Statues Remastered\desn2_peckers.txd" with handler "gta3.std.stream"
Found file [0x00000104FAA3F1F5] "Animal Statues Remastered\desn2_stripsigs1.DFF" with handler "gta3.std.stream"
Found file [0x00000104916555C1] "Animal Statues Remastered\des_bigbull.dff" with handler "gta3.std.stream"
Found file [0x000001049C79A85C] "Animal Statues Remastered\des_cockbody.dff" with handler "gta3.std.stream"
Found file [0x000002046E64FFCA] "Animal Statues Remastered\des_steakhouse.txd" with handler "gta3.std.stream"
Found file [0x000002044C5368E9] "Animal Statues Remastered\des_stownmots1.txd" with handler "gta3.std.stream"
Found file [0xFFFFFFFFFFFFFFFF] "Animal Statues Remastered\loader.txt" with handler "<none>"
Found file [0x0000000347DACB13] "Carros originais ImVehFt\data\carcols.dat" with handler "gta3.std.data"
Found file [0x000000044A52E4AD] "Carros originais ImVehFt\data\carmods.dat" with handler "gta3.std.data"
Found file [0x0000000BDACAD690] "Carros originais ImVehFt\data\handling.cfg" with handler "gta3.std.data"
Found file [0x0000000C7079CFEA] "Carros originais ImVehFt\data\vehicles.ide" with handler "gta3.std.data"
Found file [0x00000000E69BA2E1] "Carros originais ImVehFt\models\generic\vehicle.txd" with handler "gta3.std.fx"
Found file [0x00000104D5904CBF] "Carros originais ImVehFt\models\gta3img\Dffs\admiral.dff" with handler "gta3.std.stream"
Found file [0x000001045D90E421] "Carros originais ImVehFt\models\gta3img\Dffs\alpha.dff" with handler "gta3.std.stream"
Found file [0x00000104D4133AFB] "Carros originais ImVehFt\models\gta3img\Dffs\ambulan.DFF" with handler "gta3.std.stream"
Found file [0x00000104FBBF5803] "Carros originais ImVehFt\models\gta3img\Dffs\artict1.dff" with handler "gta3.std.stream"
Found file [0x000001047D6927E8] "Carros originais ImVehFt\models\gta3img\Dffs\artict2.DFF" with handler "gta3.std.stream"
Found file [0x00000104C7D32EF1] "Carros originais ImVehFt\models\gta3img\Dffs\artict3.DFF" with handler "gta3.std.stream"
Found file [0x000001044275EC3B] "Carros originais ImVehFt\models\gta3img\Dffs\bagboxa.dff" with handler "gta3.std.stream"
Found file [0x00000104841F56A0] "Carros originais ImVehFt\models\gta3img\Dffs\bagboxb.dff" with handler "gta3.std.stream"
Found file [0x00000104A42F32BB] "Carros originais ImVehFt\models\gta3img\Dffs\baggage.dff" with handler "gta3.std.stream"
Found file [0x00000104611B1480] "Carros originais ImVehFt\models\gta3img\Dffs\bandito.dff" with handler "gta3.std.stream"
Found file [0x000001041B1D6C69] "Carros originais ImVehFt\models\gta3img\Dffs\banshee.DFF" with handler "gta3.std.stream"
Found file [0x000001045C47422A] "Carros originais ImVehFt\models\gta3img\Dffs\barracks.dff" with handler "gta3.std.stream"
Found file [0x0000010454824AF6] "Carros originais ImVehFt\models\gta3img\Dffs\benson.DFF" with handler "gta3.std.stream"
Found file [0x00000104C55C1A55] "Carros originais ImVehFt\models\gta3img\Dffs\bf400.dff" with handler "gta3.std.stream"
Found file [0x000001044D08E680] "Carros originais ImVehFt\models\gta3img\Dffs\bfinject.dff" with handler "gta3.std.stream"
Found file [0x00000104743357B3] "Carros originais ImVehFt\models\gta3img\Dffs\blade.DFF" with handler "gta3.std.stream"
Found file [0x00000104FAAECDE3] "Carros originais ImVehFt\models\gta3img\Dffs\blistac.DFF" with handler "gta3.std.stream"
Found file [0x00000104E78AE10A] "Carros originais ImVehFt\models\gta3img\Dffs\bloodra.dff" with handler "gta3.std.stream"
Found file [0x0000010417059A21] "Carros originais ImVehFt\models\gta3img\Dffs\bloodrb.dff" with handler "gta3.std.stream"
Found file [0x0000010480594FB4] "Carros originais ImVehFt\models\gta3img\Dffs\bobcat.DFF" with handler "gta3.std.stream"
Found file [0x00000104EFB7B324] "Carros originais ImVehFt\models\gta3img\Dffs\boxburg.dff" with handler "gta3.std.stream"
Found file [0x00000104EA622576] "Carros originais ImVehFt\models\gta3img\Dffs\boxville.DFF" with handler "gta3.std.stream"
Found file [0x00000104AD997F40] "Carros originais ImVehFt\models\gta3img\Dffs\bravura.dff" with handler "gta3.std.stream"
Found file [0x00000104FB3E602E] "Carros originais ImVehFt\models\gta3img\Dffs\broadway.DFF" with handler "gta3.std.stream"
Found file [0x00000104FC050A9D] "Carros originais ImVehFt\models\gta3img\Dffs\buccanee.DFF" with handler "gta3.std.stream"
Found file [0x000001045B5141C2] "Carros originais ImVehFt\models\gta3img\Dffs\buffalo.DFF" with handler "gta3.std.stream"
Found file [0x000001046A3418F7] "Carros originais ImVehFt\models\gta3img\Dffs\bullet.DFF" with handler "gta3.std.stream"
Found file [0x0000010493D3F35A] "Carros originais ImVehFt\models\gta3img\Dffs\burrito.DFF" with handler "gta3.std.stream"
Found file [0x00000104772BF57F] "Carros originais ImVehFt\models\gta3img\Dffs\bus.DFF" with handler "gta3.std.stream"
Found file [0x000001047FB7D83D] "Carros originais ImVehFt\models\gta3img\Dffs\cabbie.dff" with handler "gta3.std.stream"
Found file [0x00000104B2E2C294] "Carros originais ImVehFt\models\gta3img\Dffs\caddy.dff" with handler "gta3.std.stream"
Found file [0x000001049E8CB67F] "Carros originais ImVehFt\models\gta3img\Dffs\cadrona.DFF" with handler "gta3.std.stream"
Found file [0x00000104C24B56BD] "Carros originais ImVehFt\models\gta3img\Dffs\camper.DFF" with handler "gta3.std.stream"
Found file [0x000001043BF34CA7] "Carros originais ImVehFt\models\gta3img\Dffs\cement.dff" with handler "gta3.std.stream"
Found file [0x000001041A0C470B] "Carros originais ImVehFt\models\gta3img\Dffs\cheetah.dff" with handler "gta3.std.stream"
Found file [0x0000010434802034] "Carros originais ImVehFt\models\gta3img\Dffs\clover.DFF" with handler "gta3.std.stream"
Found file [0x00000104E7D44E5F] "Carros originais ImVehFt\models\gta3img\Dffs\club.DFF" with handler "gta3.std.stream"
Found file [0x00000104E012261B] "Carros originais ImVehFt\models\gta3img\Dffs\coach.DFF" with handler "gta3.std.stream"
Found file [0x00000104E69CBB2A] "Carros originais ImVehFt\models\gta3img\Dffs\combine.dff" with handler "gta3.std.stream"
Found file [0x000001040847116D] "Carros originais ImVehFt\models\gta3img\Dffs\comet.DFF" with handler "gta3.std.stream"
Found file [0x00000104D4625858] "Carros originais ImVehFt\models\gta3img\Dffs\copbike.DFF" with handler "gta3.std.stream"
Found file [0x00000104C376F6FE] "Carros originais ImVehFt\models\gta3img\Dffs\copcarla.DFF" with handler "gta3.std.stream"
Found file [0x0000010499603564] "Carros originais ImVehFt\models\gta3img\Dffs\copcarru.DFF" with handler "gta3.std.stream"
Found file [0x0000010446019BE4] "Carros originais ImVehFt\models\gta3img\Dffs\copcarsf.DFF" with handler "gta3.std.stream"
Found file [0x0000010471D77E4A] "Carros originais ImVehFt\models\gta3img\Dffs\copcarvg.DFF" with handler "gta3.std.stream"
Found file [0x0000010425B2CD62] "Carros originais ImVehFt\models\gta3img\Dffs\dft30.DFF" with handler "gta3.std.stream"
Found file [0x0000010488301347] "Carros originais ImVehFt\models\gta3img\Dffs\dozer.dff" with handler "gta3.std.stream"
Found file [0x00000104A89686D4] "Carros originais ImVehFt\models\gta3img\Dffs\dumper.dff" with handler "gta3.std.stream"
Found file [0x0000010499F04FDB] "Carros originais ImVehFt\models\gta3img\Dffs\duneride.dff" with handler "gta3.std.stream"
Found file [0x00000104772D4A43] "Carros originais ImVehFt\models\gta3img\Dffs\elegant.DFF" with handler "gta3.std.stream"
Found file [0x00000104F72E1DB9] "Carros originais ImVehFt\models\gta3img\Dffs\elegy.DFF" with handler "gta3.std.stream"
Found file [0x00000104AAB4D37D] "Carros originais ImVehFt\models\gta3img\Dffs\emperor.DFF" with handler "gta3.std.stream"
Found file [0x000001043359968B] "Carros originais ImVehFt\models\gta3img\Dffs\enforcer.dff" with handler "gta3.std.stream"
Found file [0x000001040D280A9F] "Carros originais ImVehFt\models\gta3img\Dffs\esperant.DFF" with handler "gta3.std.stream"
Found file [0x000001049EB0FF0B] "Carros originais ImVehFt\models\gta3img\Dffs\euros.dff" with handler "gta3.std.stream"
Found file [0x00000104B2A48F0A] "Carros originais ImVehFt\models\gta3img\Dffs\faggio.DFF" with handler "gta3.std.stream"
Found file [0x00000104B19A634A] "Carros originais ImVehFt\models\gta3img\Dffs\fbicar.dff" with handler "gta3.std.stream"
Found file [0x00000104804EAF82] "Carros originais ImVehFt\models\gta3img\Dffs\fbiranch.DFF" with handler "gta3.std.stream"
Found file [0x00000104DA4A0409] "Carros originais ImVehFt\models\gta3img\Dffs\fbitruck.dff" with handler "gta3.std.stream"
Found file [0x000001047978A82F] "Carros originais ImVehFt\models\gta3img\Dffs\fbmp_a_f.dff" with handler "gta3.std.stream"
Found file [0x0000010450F27BB5] "Carros originais ImVehFt\models\gta3img\Dffs\fbmp_a_l.dff" with handler "gta3.std.stream"
Found file [0x000001040B138342] "Carros originais ImVehFt\models\gta3img\Dffs\fbmp_a_s.DFF" with handler "gta3.std.stream"
Found file [0x00000104512BEC96] "Carros originais ImVehFt\models\gta3img\Dffs\fbmp_a_st.dff" with handler "gta3.std.stream"
Found file [0x00000104FC3F6704] "Carros originais ImVehFt\models\gta3img\Dffs\fbmp_a_u.dff" with handler "gta3.std.stream"
Found file [0x000001041D680259] "Carros originais ImVehFt\models\gta3img\Dffs\fbmp_c_f.dff" with handler "gta3.std.stream"
Found file [0x00000104C8B2E923] "Carros originais ImVehFt\models\gta3img\Dffs\fbmp_c_l.dff" with handler "gta3.std.stream"
Found file [0x0000010408BE52B4] "Carros originais ImVehFt\models\gta3img\Dffs\fbmp_c_s.DFF" with handler "gta3.std.stream"
Found file [0x00000104CC814CF4] "Carros originais ImVehFt\models\gta3img\Dffs\fbmp_c_st.dff" with handler "gta3.std.stream"
Found file [0x000001048E26A2B2] "Carros originais ImVehFt\models\gta3img\Dffs\fbmp_c_u.dff" with handler "gta3.std.stream"
Found file [0x0000010429C879F0] "Carros originais ImVehFt\models\gta3img\Dffs\fbmp_lr_sv1.dff" with handler "gta3.std.stream"
Found file [0x00000104226A7C4B] "Carros originais ImVehFt\models\gta3img\Dffs\fbmp_lr_sv2.dff" with handler "gta3.std.stream"
Found file [0x000001046145C105] "Carros originais ImVehFt\models\gta3img\Dffs\fcr900.dff" with handler "gta3.std.stream"
Found file [0x000001048ACE269F] "Carros originais ImVehFt\models\gta3img\Dffs\feltzer.DFF" with handler "gta3.std.stream"
Found file [0x000001041A42B026] "Carros originais ImVehFt\models\gta3img\Dffs\firela.dff" with handler "gta3.std.stream"
Found file [0x00000104F10E9A79] "Carros originais ImVehFt\models\gta3img\Dffs\firetruk.dff" with handler "gta3.std.stream"
Found file [0x0000010459F91AEF] "Carros originais ImVehFt\models\gta3img\Dffs\flash.DFF" with handler "gta3.std.stream"
Found file [0x00000104F4048C8F] "Carros originais ImVehFt\models\gta3img\Dffs\flatbed.DFF" with handler "gta3.std.stream"
Found file [0x00000104EA3C0888] "Carros originais ImVehFt\models\gta3img\Dffs\forklift.dff" with handler "gta3.std.stream"
Found file [0x00000104903085FE] "Carros originais ImVehFt\models\gta3img\Dffs\fortune.DFF" with handler "gta3.std.stream"
Found file [0x000001041D8EAF36] "Carros originais ImVehFt\models\gta3img\Dffs\freeway.DFF" with handler "gta3.std.stream"
Found file [0x0000010493D60B8B] "Carros originais ImVehFt\models\gta3img\Dffs\glendale.DFF" with handler "gta3.std.stream"
Found file [0x0000010460D93E19] "Carros originais ImVehFt\models\gta3img\Dffs\glenshit.dff" with handler "gta3.std.stream"
Found file [0x0000010408FD3361] "Carros originais ImVehFt\models\gta3img\Dffs\greenwoo.DFF" with handler "gta3.std.stream"
Found file [0x000001048F751E05] "Carros originais ImVehFt\models\gta3img\Dffs\hermes.DFF" with handler "gta3.std.stream"
Found file [0x00000104D6926946] "Carros originais ImVehFt\models\gta3img\Dffs\hotdog.DFF" with handler "gta3.std.stream"
Found file [0x000001042F509C77] "Carros originais ImVehFt\models\gta3img\Dffs\hotknife.dff" with handler "gta3.std.stream"
Found file [0x00000104FF969048] "Carros originais ImVehFt\models\gta3img\Dffs\hotrina.dff" with handler "gta3.std.stream"
Found file [0x000001047DECC163] "Carros originais ImVehFt\models\gta3img\Dffs\hotrinb.dff" with handler "gta3.std.stream"
Found file [0x00000104D4A338FE] "Carros originais ImVehFt\models\gta3img\Dffs\hotring.dff" with handler "gta3.std.stream"
Found file [0x0000010472B76A4E] "Carros originais ImVehFt\models\gta3img\Dffs\huntley.DFF" with handler "gta3.std.stream"
Found file [0x0000010403679E5C] "Carros originais ImVehFt\models\gta3img\Dffs\hustler.DFF" with handler "gta3.std.stream"
Found file [0x00000104DE9E2A61] "Carros originais ImVehFt\models\gta3img\Dffs\infernus.dff" with handler "gta3.std.stream"
Found file [0x00000104976DC186] "Carros originais ImVehFt\models\gta3img\Dffs\intruder.dff" with handler "gta3.std.stream"
Found file [0x000001043868D1C4] "Carros originais ImVehFt\models\gta3img\Dffs\jester.dff" with handler "gta3.std.stream"
Found file [0x0000010473D95249] "Carros originais ImVehFt\models\gta3img\Dffs\journey.dff" with handler "gta3.std.stream"
Found file [0x00000104A900C061] "Carros originais ImVehFt\models\gta3img\Dffs\kart.dff" with handler "gta3.std.stream"
Found file [0x00000104E440F0C2] "Carros originais ImVehFt\models\gta3img\Dffs\landstal.DFF" with handler "gta3.std.stream"
Found file [0x0000010490AB950B] "Carros originais ImVehFt\models\gta3img\Dffs\lgt_b_rspt.dff" with handler "gta3.std.stream"
Found file [0x000001046FDB5E64] "Carros originais ImVehFt\models\gta3img\Dffs\lgt_b_sspt.dff" with handler "gta3.std.stream"
Found file [0x000001049488E7B4] "Carros originais ImVehFt\models\gta3img\Dffs\linerun.DFF" with handler "gta3.std.stream"
Found file [0x000001044392CD0B] "Carros originais ImVehFt\models\gta3img\Dffs\majestic.DFF" with handler "gta3.std.stream"
Found file [0x000001047F30D831] "Carros originais ImVehFt\models\gta3img\Dffs\manana.DFF" with handler "gta3.std.stream"
Found file [0x000001047FDCFA3E] "Carros originais ImVehFt\models\gta3img\Dffs\merit.dff" with handler "gta3.std.stream"
Found file [0x0000010489D2EE45] "Carros originais ImVehFt\models\gta3img\Dffs\mesa.dff" with handler "gta3.std.stream"
Found file [0x000001040AB31017] "Carros originais ImVehFt\models\gta3img\Dffs\monster.dff" with handler "gta3.std.stream"
Found file [0x00000104B6D163D4] "Carros originais ImVehFt\models\gta3img\Dffs\monstera.dff" with handler "gta3.std.stream"
Found file [0x00000104AF6AE4AF] "Carros originais ImVehFt\models\gta3img\Dffs\monsterb.dff" with handler "gta3.std.stream"
Found file [0x00000104D76E1579] "Carros originais ImVehFt\models\gta3img\Dffs\moonbeam.DFF" with handler "gta3.std.stream"
Found file [0x000001043CD665CB] "Carros originais ImVehFt\models\gta3img\Dffs\mower.dff" with handler "gta3.std.stream"
Found file [0x000001046587A183] "Carros originais ImVehFt\models\gta3img\Dffs\mrwhoop.DFF" with handler "gta3.std.stream"
Found file [0x000001040007EE68] "Carros originais ImVehFt\models\gta3img\Dffs\mule.DFF" with handler "gta3.std.stream"
Found file [0x00000104B69E325A] "Carros originais ImVehFt\models\gta3img\Dffs\nebula.DFF" with handler "gta3.std.stream"
Found file [0x000001043D1C9C61] "Carros originais ImVehFt\models\gta3img\Dffs\newsvan.dff" with handler "gta3.std.stream"
Found file [0x00000104B15ACC8B] "Carros originais ImVehFt\models\gta3img\Dffs\nrg500.dff" with handler "gta3.std.stream"
Found file [0x000001041EAC3A27] "Carros originais ImVehFt\models\gta3img\Dffs\oceanic.dff" with handler "gta3.std.stream"
Found file [0x00000104D7345F15] "Carros originais ImVehFt\models\gta3img\Dffs\packer.DFF" with handler "gta3.std.stream"
Found file [0x000001048DBF3AC0] "Carros originais ImVehFt\models\gta3img\Dffs\patriot.dff" with handler "gta3.std.stream"
Found file [0x0000010403727134] "Carros originais ImVehFt\models\gta3img\Dffs\pcj600.dff" with handler "gta3.std.stream"
Found file [0x0000010470C3E8D5] "Carros originais ImVehFt\models\gta3img\Dffs\peren.DFF" with handler "gta3.std.stream"
Found file [0x00000104988D9EC7] "Carros originais ImVehFt\models\gta3img\Dffs\petro.dff" with handler "gta3.std.stream"
Found file [0x00000104EBD97BE1] "Carros originais ImVehFt\models\gta3img\Dffs\petrotr.dff" with handler "gta3.std.stream"
Found file [0x000001042B38C624] "Carros originais ImVehFt\models\gta3img\Dffs\phoenix.dff" with handler "gta3.std.stream"
Found file [0x00000104DC2E25E5] "Carros originais ImVehFt\models\gta3img\Dffs\picador.DFF" with handler "gta3.std.stream"
Found file [0x0000010492F6409F] "Carros originais ImVehFt\models\gta3img\Dffs\pizzaboy.dff" with handler "gta3.std.stream"
Found file [0x00000104D759E9DB] "Carros originais ImVehFt\models\gta3img\Dffs\pony.DFF" with handler "gta3.std.stream"
Found file [0x0000010403D633BD] "Carros originais ImVehFt\models\gta3img\Dffs\premier.DFF" with handler "gta3.std.stream"
Found file [0x00000104C04D0F0E] "Carros originais ImVehFt\models\gta3img\Dffs\previon.DFF" with handler "gta3.std.stream"
Found file [0x00000104136371BE] "Carros originais ImVehFt\models\gta3img\Dffs\primo.dff" with handler "gta3.std.stream"
Found file [0x0000010496BF3042] "Carros originais ImVehFt\models\gta3img\Dffs\quad.dff" with handler "gta3.std.stream"
Found file [0x000001042DA04466] "Carros originais ImVehFt\models\gta3img\Dffs\rancher.DFF" with handler "gta3.std.stream"
Found file [0x00000104F000C63F] "Carros originais ImVehFt\models\gta3img\Dffs\rbmp_lr_bl1.dff" with handler "gta3.std.stream"
Found file [0x00000104C4ABD524] "Carros originais ImVehFt\models\gta3img\Dffs\rbmp_lr_bl2.dff" with handler "gta3.std.stream"
Found file [0x000001040AC2CEDD] "Carros originais ImVehFt\models\gta3img\Dffs\rdtrain.DFF" with handler "gta3.std.stream"
Found file [0x0000010437F4D4AB] "Carros originais ImVehFt\models\gta3img\Dffs\rdtraint.dff" with handler "gta3.std.stream"
Found file [0x000001049D6DEB7B] "Carros originais ImVehFt\models\gta3img\Dffs\regina.DFF" with handler "gta3.std.stream"
Found file [0x000001040140FE15] "Carros originais ImVehFt\models\gta3img\Dffs\remingtn.DFF" with handler "gta3.std.stream"
Found file [0x000001045A1D31C3] "Carros originais ImVehFt\models\gta3img\Dffs\rhino.dff" with handler "gta3.std.stream"
Found file [0x00000104C33B9264] "Carros originais ImVehFt\models\gta3img\Dffs\rnchlure.dff" with handler "gta3.std.stream"
Found file [0x000001049042ECE1] "Carros originais ImVehFt\models\gta3img\Dffs\romero.dff" with handler "gta3.std.stream"
Found file [0x0000010489D2F32E] "Carros originais ImVehFt\models\gta3img\Dffs\rumpo.DFF" with handler "gta3.std.stream"
Found file [0x00000104D97934E8] "Carros originais ImVehFt\models\gta3img\Dffs\sabre.DFF" with handler "gta3.std.stream"
Found file [0x000001047B3C3046] "Carros originais ImVehFt\models\gta3img\Dffs\sadler.DFF" with handler "gta3.std.stream"
Found file [0x00000104869D4F11] "Carros originais ImVehFt\models\gta3img\Dffs\sadlshit.dff" with handler "gta3.std.stream"
Found file [0x00000104EC4A1827] "Carros originais ImVehFt\models\gta3img\Dffs\sanchez.dff" with handler "gta3.std.stream"
Found file [0x00000104D3A654A0] "Carros originais ImVehFt\models\gta3img\Dffs\sandking.dff" with handler "gta3.std.stream"
Found file [0x00000104081CD461] "Carros originais ImVehFt\models\gta3img\Dffs\savanna.DFF" with handler "gta3.std.stream"
Found file [0x00000104CED55318] "Carros originais ImVehFt\models\gta3img\Dffs\securica.DFF" with handler "gta3.std.stream"
Found file [0x000001040A75E77B] "Carros originais ImVehFt\models\gta3img\Dffs\sentinel.DFF" with handler "gta3.std.stream"
Found file [0x000001042FAABFC3] "Carros originais ImVehFt\models\gta3img\Dffs\slamvan.DFF" with handler "gta3.std.stream"
Found file [0x000001048F6EBA89] "Carros originais ImVehFt\models\gta3img\Dffs\solair.DFF" with handler "gta3.std.stream"
Found file [0x00000104CA14105C] "Carros originais ImVehFt\models\gta3img\Dffs\stafford.DFF" with handler "gta3.std.stream"
Found file [0x00000104ACCBE057] "Carros originais ImVehFt\models\gta3img\Dffs\stallion.DFF" with handler "gta3.std.stream"
Found file [0x00000104A595D365] "Carros originais ImVehFt\models\gta3img\Dffs\stratum.DFF" with handler "gta3.std.stream"
Found file [0x0000010465694F76] "Carros originais ImVehFt\models\gta3img\Dffs\stretch.DFF" with handler "gta3.std.stream"
Found file [0x00000104DCF1ABD2] "Carros originais ImVehFt\models\gta3img\Dffs\sultan.dff" with handler "gta3.std.stream"
Found file [0x0000010482AD7024] "Carros originais ImVehFt\models\gta3img\Dffs\sunrise.DFF" with handler "gta3.std.stream"
Found file [0x00000104F1ECFAB1] "Carros originais ImVehFt\models\gta3img\Dffs\supergt.dff" with handler "gta3.std.stream"
Found file [0x00000104C7061C01] "Carros originais ImVehFt\models\gta3img\Dffs\swatvan.dff" with handler "gta3.std.stream"
Found file [0x000001043AC6D704] "Carros originais ImVehFt\models\gta3img\Dffs\sweeper.dff" with handler "gta3.std.stream"
Found file [0x000001047D656D53] "Carros originais ImVehFt\models\gta3img\Dffs\tahoma.DFF" with handler "gta3.std.stream"
Found file [0x000001041974D916] "Carros originais ImVehFt\models\gta3img\Dffs\tampa.DFF" with handler "gta3.std.stream"
Found file [0x0000010456CB6E7B] "Carros originais ImVehFt\models\gta3img\Dffs\taxi.DFF" with handler "gta3.std.stream"
Found file [0x000001042E9F2BC3] "Carros originais ImVehFt\models\gta3img\Dffs\topfun.DFF" with handler "gta3.std.stream"
Found file [0x00000104AC8751DA] "Carros originais ImVehFt\models\gta3img\Dffs\tornado.DFF" with handler "gta3.std.stream"
Found file [0x00000104BD8E7194] "Carros originais ImVehFt\models\gta3img\Dffs\towtruck.DFF" with handler "gta3.std.stream"
Found file [0x00000104FD1934D0] "Carros originais ImVehFt\models\gta3img\Dffs\tractor.dff" with handler "gta3.std.stream"
Found file [0x00000104503D86A3] "Carros originais ImVehFt\models\gta3img\Dffs\trash.DFF" with handler "gta3.std.stream"
Found file [0x0000010462313371] "Carros originais ImVehFt\models\gta3img\Dffs\tug.dff" with handler "gta3.std.stream"
Found file [0x00000104131DA4E4] "Carros originais ImVehFt\models\gta3img\Dffs\tugstair.dff" with handler "gta3.std.stream"
Found file [0x0000010457B0AF14] "Carros originais ImVehFt\models\gta3img\Dffs\turismo.DFF" with handler "gta3.std.stream"
Found file [0x00000104FAB609FB] "Carros originais ImVehFt\models\gta3img\Dffs\uranus.DFF" with handler "gta3.std.stream"
Found file [0x00000104A3416775] "Carros originais ImVehFt\models\gta3img\Dffs\utility.dff" with handler "gta3.std.stream"
Found file [0x000001044B79BF40] "Carros originais ImVehFt\models\gta3img\Dffs\vincent.DFF" with handler "gta3.std.stream"
Found file [0x0000010412A166BC] "Carros originais ImVehFt\models\gta3img\Dffs\virgo.dff" with handler "gta3.std.stream"
Found file [0x00000104F77AAC5D] "Carros originais ImVehFt\models\gta3img\Dffs\voodoo.dff" with handler "gta3.std.stream"
Found file [0x00000104E4EB1E78] "Carros originais ImVehFt\models\gta3img\Dffs\walton.DFF" with handler "gta3.std.stream"
Found file [0x00000104459C827A] "Carros originais ImVehFt\models\gta3img\Dffs\washing.dff" with handler "gta3.std.stream"
Found file [0x000001047240F172] "Carros originais ImVehFt\models\gta3img\Dffs\wayfarer.DFF" with handler "gta3.std.stream"
Found file [0x000001042306ED6A] "Carros originais ImVehFt\models\gta3img\Dffs\willard.dff" with handler "gta3.std.stream"
Found file [0x00000104A7FDD20B] "Carros originais ImVehFt\models\gta3img\Dffs\windsor.DFF" with handler "gta3.std.stream"
Found file [0x0000010483623FCA] "Carros originais ImVehFt\models\gta3img\Dffs\yankee.dff" with handler "gta3.std.stream"
Found file [0x00000104DE8C9258] "Carros originais ImVehFt\models\gta3img\Dffs\yosemite.dff" with handler "gta3.std.stream"
Found file [0x00000104B7FA1CD1] "Carros originais ImVehFt\models\gta3img\Dffs\zr350.DFF" with handler "gta3.std.stream"
Found file [0x00000204EFB78553] "Carros originais ImVehFt\models\gta3img\Txds\admiral.txd" with handler "gta3.std.stream"
Found file [0x000002044368188D] "Carros originais ImVehFt\models\gta3img\Txds\alpha.txd" with handler "gta3.std.stream"
Found file [0x00000204D5EC2E37] "Carros originais ImVehFt\models\gta3img\Txds\ambulan.txd" with handler "gta3.std.stream"
Found file [0x000002040D98652F] "Carros originais ImVehFt\models\gta3img\Txds\artict1.txd" with handler "gta3.std.stream"
Found file [0x0000020467406218] "Carros originais ImVehFt\models\gta3img\Txds\artict2.txd" with handler "gta3.std.stream"
Found file [0x00000204CDFA471D] "Carros originais ImVehFt\models\gta3img\Txds\artict3.txd" with handler "gta3.std.stream"
Found file [0x00000204444D4D77] "Carros originais ImVehFt\models\gta3img\Txds\bagboxa.txd" with handler "gta3.std.stream"
Found file [0x000002049E468F40] "Carros originais ImVehFt\models\gta3img\Txds\bagboxb.txd" with handler "gta3.std.stream"
Found file [0x00000204A60693F7] "Carros originais ImVehFt\models\gta3img\Txds\baggage.txd" with handler "gta3.std.stream"
Found file [0x000002047B424D20] "Carros originais ImVehFt\models\gta3img\Txds\bandito.txd" with handler "gta3.std.stream"
Found file [0x000002041145FEA5] "Carros originais ImVehFt\models\gta3img\Txds\banshee.txd" with handler "gta3.std.stream"
Found file [0x000002047220551A] "Carros originais ImVehFt\models\gta3img\Txds\barracks.txd" with handler "gta3.std.stream"
Found file [0x00000204525B379E] "Carros originais ImVehFt\models\gta3img\Txds\benson.txd" with handler "gta3.std.stream"
Found file [0x00000204E333A699] "Carros originais ImVehFt\models\gta3img\Txds\bf400.txd" with handler "gta3.std.stream"
Found file [0x0000020467301F20] "Carros originais ImVehFt\models\gta3img\Txds\bfinject.txd" with handler "gta3.std.stream"
Found file [0x00000204665A515F] "Carros originais ImVehFt\models\gta3img\Txds\blade.txd" with handler "gta3.std.stream"
Found file [0x000002040C87DA0F] "Carros originais ImVehFt\models\gta3img\Txds\blistac.txd" with handler "gta3.std.stream"
Found file [0x00000204FD6261FA] "Carros originais ImVehFt\models\gta3img\Txds\bloodra.txd" with handler "gta3.std.stream"
Found file [0x00000204FCDCCE8D] "Carros originais ImVehFt\models\gta3img\Txds\bloodrb.txd" with handler "gta3.std.stream"
Found file [0x0000020492807BFC] "Carros originais ImVehFt\models\gta3img\Txds\bobcat.txd" with handler "gta3.std.stream"
Found file [0x00000204E18EFAAC] "Carros originais ImVehFt\models\gta3img\Txds\boxburg.txd" with handler "gta3.std.stream"
Found file [0x00000204E83B121E] "Carros originais ImVehFt\models\gta3img\Txds\boxville.txd" with handler "gta3.std.stream"
Found file [0x00000204C7C24AE0] "Carros originais ImVehFt\models\gta3img\Txds\bravura.txd" with handler "gta3.std.stream"
Found file [0x00000204E966E606] "Carros originais ImVehFt\models\gta3img\Txds\broadway.txd" with handler "gta3.std.stream"
Found file [0x00000204EA2BFE71] "Carros originais ImVehFt\models\gta3img\Txds\buccanee.txd" with handler "gta3.std.stream"
Found file [0x0000020461785AE2] "Carros originais ImVehFt\models\gta3img\Txds\buffalo.txd" with handler "gta3.std.stream"
Found file [0x00000204740B85BB] "Carros originais ImVehFt\models\gta3img\Txds\bullet.txd" with handler "gta3.std.stream"
Found file [0x0000020489FAF28A] "Carros originais ImVehFt\models\gta3img\Txds\burrito.txd" with handler "gta3.std.stream"
Found file [0x0000020491532D13] "Carros originais ImVehFt\models\gta3img\Txds\bus.txd" with handler "gta3.std.stream"
Found file [0x000002046DE05E11] "Carros originais ImVehFt\models\gta3img\Txds\cabbie.txd" with handler "gta3.std.stream"
Found file [0x00000204C50B81DC] "Carros originais ImVehFt\models\gta3img\Txds\caddy.txd" with handler "gta3.std.stream"
Found file [0x00000204B8B3EE13] "Carros originais ImVehFt\models\gta3img\Txds\cadrona.txd" with handler "gta3.std.stream"
Found file [0x00000204B073DC91] "Carros originais ImVehFt\models\gta3img\Txds\camper.txd" with handler "gta3.std.stream"
Found file [0x00000204261A39EB] "Carros originais ImVehFt\models\gta3img\Txds\cement.txd" with handler "gta3.std.stream"
Found file [0x00000204FC3327C7] "Carros originais ImVehFt\models\gta3img\Txds\cheetah.txd" with handler "gta3.std.stream"
Found file [0x0000020446A74C7C] "Carros originais ImVehFt\models\gta3img\Txds\clover.txd" with handler "gta3.std.stream"
Found file [0x0000020401FD19F3] "Carros originais ImVehFt\models\gta3img\Txds\club.txd" with handler "gta3.std.stream"
Found file [0x00000204E1EB1A57] "Carros originais ImVehFt\models\gta3img\Txds\coach.txd" with handler "gta3.std.stream"
Found file [0x00000204FC75CE1A] "Carros originais ImVehFt\models\gta3img\Txds\combine.txd" with handler "gta3.std.stream"
Found file [0x00000204162017C1] "Carros originais ImVehFt\models\gta3img\Txds\comet.txd" with handler "gta3.std.stream"
Found file [0x00000204DE8B0A08] "Carros originais ImVehFt\models\gta3img\Txds\copbike.txd" with handler "gta3.std.stream"
Found file [0x00000204D14FFD56] "Carros originais ImVehFt\models\gta3img\Txds\copcarla.txd" with handler "gta3.std.stream"
Found file [0x000002048B390FEC] "Carros originais ImVehFt\models\gta3img\Txds\copcarru.txd" with handler "gta3.std.stream"
Found file [0x0000020437DA766C] "Carros originais ImVehFt\models\gta3img\Txds\copcarsf.txd" with handler "gta3.std.stream"
Found file [0x0000020487B0913A] "Carros originais ImVehFt\models\gta3img\Txds\copcarvg.txd" with handler "gta3.std.stream"
Found file [0x000002042BD9E582] "Carros originais ImVehFt\models\gta3img\Txds\dft30.txd" with handler "gta3.std.stream"
Found file [0x000002047256FF8B] "Carros originais ImVehFt\models\gta3img\Txds\dozer.txd" with handler "gta3.std.stream"
Found file [0x00000204BABDB21C] "Carros originais ImVehFt\models\gta3img\Txds\dumper.txd" with handler "gta3.std.stream"
Found file [0x000002049BC7B017] "Carros originais ImVehFt\models\gta3img\Txds\duneride.txd" with handler "gta3.std.stream"
Found file [0x000002048904C46F] "Carros originais ImVehFt\models\gta3img\Txds\elegant.txd" with handler "gta3.std.stream"
Found file [0x000002040D073175] "Carros originais ImVehFt\models\gta3img\Txds\elegy.txd" with handler "gta3.std.stream"
Found file [0x0000020438A208CA] "Carros originais ImVehFt\models\gta3img\Txds\elegy1.txd" with handler "gta3.std.stream"
Found file [0x00000204381C759D] "Carros originais ImVehFt\models\gta3img\Txds\elegy2.txd" with handler "gta3.std.stream"
Found file [0x00000204D1629098] "Carros originais ImVehFt\models\gta3img\Txds\elegy3.txd" with handler "gta3.std.stream"
Found file [0x00000204CE77AF9B] "Carros originais ImVehFt\models\gta3img\Txds\elegy4.txd" with handler "gta3.std.stream"
Found file [0x00000204CA710576] "Carros originais ImVehFt\models\gta3img\Txds\elegy5.txd" with handler "gta3.std.stream"
Found file [0x0000020498DBC651] "Carros originais ImVehFt\models\gta3img\Txds\emperor.txd" with handler "gta3.std.stream"
Found file [0x0000020415807747] "Carros originais ImVehFt\models\gta3img\Txds\enforcer.txd" with handler "gta3.std.stream"
Found file [0x00000204274F4333] "Carros originais ImVehFt\models\gta3img\Txds\esperant.txd" with handler "gta3.std.stream"
Found file [0x0000020480D7DFC7] "Carros originais ImVehFt\models\gta3img\Txds\euros.txd" with handler "gta3.std.stream"
Found file [0x00000204C87C0FFA] "Carros originais ImVehFt\models\gta3img\Txds\faggio.txd" with handler "gta3.std.stream"
Found file [0x00000204C773763A] "Carros originais ImVehFt\models\gta3img\Txds\fbicar.txd" with handler "gta3.std.stream"
Found file [0x0000020486775BA2] "Carros originais ImVehFt\models\gta3img\Txds\fbiranch.txd" with handler "gta3.std.stream"
Found file [0x00000204D0729745] "Carros originais ImVehFt\models\gta3img\Txds\fbitruck.txd" with handler "gta3.std.stream"
Found file [0x000002045F6CCDC9] "Carros originais ImVehFt\models\gta3img\Txds\fcr900.txd" with handler "gta3.std.stream"
Found file [0x00000204A4F55F33] "Carros originais ImVehFt\models\gta3img\Txds\feltzer.txd" with handler "gta3.std.stream"
Found file [0x000002043869EE8E] "Carros originais ImVehFt\models\gta3img\Txds\firela.txd" with handler "gta3.std.stream"
Found file [0x0000020406E61A35] "Carros originais ImVehFt\models\gta3img\Txds\firetruk.txd" with handler "gta3.std.stream"
Found file [0x0000020453D06EC3] "Carros originais ImVehFt\models\gta3img\Txds\flash.txd" with handler "gta3.std.stream"
Found file [0x00000204EDDD7463] "Carros originais ImVehFt\models\gta3img\Txds\flatbed.txd" with handler "gta3.std.stream"
Found file [0x00000204D414D6B8] "Carros originais ImVehFt\models\gta3img\Txds\forklift.txd" with handler "gta3.std.stream"
Found file [0x000002049E098C56] "Carros originais ImVehFt\models\gta3img\Txds\fortune.txd" with handler "gta3.std.stream"
Found file [0x000002041B6609DE] "Carros originais ImVehFt\models\gta3img\Txds\freeway.txd" with handler "gta3.std.stream"
Found file [0x0000020475FCEC47] "Carros originais ImVehFt\models\gta3img\Txds\glendale.txd" with handler "gta3.std.stream"
Found file [0x0000020476B0BED5] "Carros originais ImVehFt\models\gta3img\Txds\glenshit.txd" with handler "gta3.std.stream"
Found file [0x00000204EED5FACD] "Carros originais ImVehFt\models\gta3img\Txds\greenwoo.txd" with handler "gta3.std.stream"
Found file [0x000002048D9C2AC9] "Carros originais ImVehFt\models\gta3img\Txds\hermes.txd" with handler "gta3.std.stream"
Found file [0x00000204F4B9A7AE] "Carros originais ImVehFt\models\gta3img\Txds\hotdog.txd" with handler "gta3.std.stream"
Found file [0x000002043928093B] "Carros originais ImVehFt\models\gta3img\Txds\hotknife.txd" with handler "gta3.std.stream"
Found file [0x00000204E96F5E78] "Carros originais ImVehFt\models\gta3img\Txds\hotrina.txd" with handler "gta3.std.stream"
Found file [0x000002048FC5CD8F] "Carros originais ImVehFt\models\gta3img\Txds\hotrinb.txd" with handler "gta3.std.stream"
Found file [0x00000204E27C3F56] "Carros originais ImVehFt\models\gta3img\Txds\hotring.txd" with handler "gta3.std.stream"
Found file [0x0000020460DFF026] "Carros originais ImVehFt\models\gta3img\Txds\huntley.txd" with handler "gta3.std.stream"
Found file [0x00000204E5901114] "Carros originais ImVehFt\models\gta3img\Txds\hustler.txd" with handler "gta3.std.stream"
Found file [0x00000204C476F1CD] "Carros originais ImVehFt\models\gta3img\Txds\infernus.txd" with handler "gta3.std.stream"
Found file [0x00000204B59500EE] "Carros originais ImVehFt\models\gta3img\Txds\intruder.txd" with handler "gta3.std.stream"
Found file [0x000002042A41AC4C] "Carros originais ImVehFt\models\gta3img\Txds\jester.txd" with handler "gta3.std.stream"
Found file [0x000002046A005185] "Carros originais ImVehFt\models\gta3img\Txds\journey.txd" with handler "gta3.std.stream"
Found file [0x000002048ED987CD] "Carros originais ImVehFt\models\gta3img\Txds\kart.txd" with handler "gta3.std.stream"
Found file [0x00000204EA6809E2] "Carros originais ImVehFt\models\gta3img\Txds\landstal.txd" with handler "gta3.std.stream"
Found file [0x00000204A6B013FC] "Carros originais ImVehFt\models\gta3img\Txds\linerun.txd" with handler "gta3.std.stream"
Found file [0x0000020425B9ADC7] "Carros originais ImVehFt\models\gta3img\Txds\majestic.txd" with handler "gta3.std.stream"
Found file [0x000002048557F15D] "Carros originais ImVehFt\models\gta3img\Txds\manana.txd" with handler "gta3.std.stream"
Found file [0x000002048DB46D96] "Carros originais ImVehFt\models\gta3img\Txds\merit.txd" with handler "gta3.std.stream"
Found file [0x0000020487FB8D09] "Carros originais ImVehFt\models\gta3img\Txds\mesa.txd" with handler "gta3.std.stream"
Found file [0x00000204148A7DDB] "Carros originais ImVehFt\models\gta3img\Txds\monster.txd" with handler "gta3.std.stream"
Found file [0x00000204C8F88F1C] "Carros originais ImVehFt\models\gta3img\Txds\monstera.txd" with handler "gta3.std.stream"
Found file [0x00000204A943CB83] "Carros originais ImVehFt\models\gta3img\Txds\monsterb.txd" with handler "gta3.std.stream"
Found file [0x00000204ED459535] "Carros originais ImVehFt\models\gta3img\Txds\moonbeam.txd" with handler "gta3.std.stream"
Found file [0x000002041EFED887] "Carros originais ImVehFt\models\gta3img\Txds\mower.txd" with handler "gta3.std.stream"
Found file [0x000002047760AEAF] "Carros originais ImVehFt\models\gta3img\Txds\mrwhoop.txd" with handler "gta3.std.stream"
Found file [0x00000204E9DF2898] "Carros originais ImVehFt\models\gta3img\Txds\mule.txd" with handler "gta3.std.stream"
Found file [0x00000204ACC5318A] "Carros originais ImVehFt\models\gta3img\Txds\nebula.txd" with handler "gta3.std.stream"
Found file [0x0000020422F563CD] "Carros originais ImVehFt\models\gta3img\Txds\newsvan.txd" with handler "gta3.std.stream"
Found file [0x000002049381AD47] "Carros originais ImVehFt\models\gta3img\Txds\nrg500.txd" with handler "gta3.std.stream"
Found file [0x0000020408D3276B] "Carros originais ImVehFt\models\gta3img\Txds\oceanic.txd" with handler "gta3.std.stream"
Found file [0x00000204F50D7F59] "Carros originais ImVehFt\models\gta3img\Txds\packer.txd" with handler "gta3.std.stream"
Found file [0x00000204A7E80660] "Carros originais ImVehFt\models\gta3img\Txds\patriot.txd" with handler "gta3.std.stream"
Found file [0x0000020415999D7C] "Carros originais ImVehFt\models\gta3img\Txds\pcj600.txd" with handler "gta3.std.stream"
Found file [0x000002048E9B7519] "Carros originais ImVehFt\models\gta3img\Txds\peren.txd" with handler "gta3.std.stream"
Found file [0x0000020482B48B0B] "Carros originais ImVehFt\models\gta3img\Txds\petro.txd" with handler "gta3.std.stream"
Found file [0x00000204D1B2434D] "Carros originais ImVehFt\models\gta3img\Txds\petrotr.txd" with handler "gta3.std.stream"
Found file [0x000002041D100DAC] "Carros originais ImVehFt\models\gta3img\Txds\phoenix.txd" with handler "gta3.std.stream"
Found file [0x00000204DA5531A9] "Carros originais ImVehFt\models\gta3img\Txds\picador.txd" with handler "gta3.std.stream"
Found file [0x00000204AD1D7933] "Carros originais ImVehFt\models\gta3img\Txds\pizzaboy.txd" with handler "gta3.std.stream"
Found file [0x00000204D9314A17] "Carros originais ImVehFt\models\gta3img\Txds\pony.txd" with handler "gta3.std.stream"
Found file [0x00000204F1FEB991] "Carros originais ImVehFt\models\gta3img\Txds\premier.txd" with handler "gta3.std.stream"
Found file [0x00000204AE7402E6] "Carros originais ImVehFt\models\gta3img\Txds\previon.txd" with handler "gta3.std.stream"
Found file [0x00000204213AE516] "Carros originais ImVehFt\models\gta3img\Txds\primo.txd" with handler "gta3.std.stream"
Found file [0x000002049CE64962] "Carros originais ImVehFt\models\gta3img\Txds\quad.txd" with handler "gta3.std.stream"
Found file [0x000002044BC915CE] "Carros originais ImVehFt\models\gta3img\Txds\rancher.txd" with handler "gta3.std.stream"
Found file [0x00000204F8EB54B1] "Carros originais ImVehFt\models\gta3img\Txds\rdtrain.txd" with handler "gta3.std.stream"
Found file [0x000002041A1D4867] "Carros originais ImVehFt\models\gta3img\Txds\rdtraint.txd" with handler "gta3.std.stream"
Found file [0x000002049F46DEB7] "Carros originais ImVehFt\models\gta3img\Txds\regina.txd" with handler "gta3.std.stream"
Found file [0x000002041F1A1E59] "Carros originais ImVehFt\models\gta3img\Txds\remingtn.txd" with handler "gta3.std.stream"
Found file [0x000002046BF4ABEF] "Carros originais ImVehFt\models\gta3img\Txds\rhino.txd" with handler "gta3.std.stream"
Found file [0x00000204B5146CEC] "Carros originais ImVehFt\models\gta3img\Txds\rnchlure.txd" with handler "gta3.std.stream"
Found file [0x00000204761BB44D] "Carros originais ImVehFt\models\gta3img\Txds\romero.txd" with handler "gta3.std.stream"
Found file [0x0000020477FB7906] "Carros originais ImVehFt\models\gta3img\Txds\rumpo.txd" with handler "gta3.std.stream"
Found file [0x00000204C3506F18] "Carros originais ImVehFt\models\gta3img\Txds\sabre.txd" with handler "gta3.std.stream"
Found file [0x0000020499636EAE] "Carros originais ImVehFt\models\gta3img\Txds\sadler.txd" with handler "gta3.std.stream"
Found file [0x000002048CC5FB3D] "Carros originais ImVehFt\models\gta3img\Txds\sadlshit.txd" with handler "gta3.std.stream"
Found file [0x00000204D671056B] "Carros originais ImVehFt\models\gta3img\Txds\sanchez.txd" with handler "gta3.std.stream"
Found file [0x00000204EDCD8D40] "Carros originais ImVehFt\models\gta3img\Txds\sandking.txd" with handler "gta3.std.stream"
Found file [0x00000204EDF59BCD] "Carros originais ImVehFt\models\gta3img\Txds\savanna.txd" with handler "gta3.std.stream"
Found file [0x00000204D8FC72C8] "Carros originais ImVehFt\models\gta3img\Txds\securica.txd" with handler "gta3.std.stream"
Found file [0x000002040C4EDAB7] "Carros originais ImVehFt\models\gta3img\Txds\sentinel.txd" with handler "gta3.std.stream"
Found file [0x00000204418239EF] "Carros originais ImVehFt\models\gta3img\Txds\slamvan.txd" with handler "gta3.std.stream"
Found file [0x0000020485974DC5] "Carros originais ImVehFt\models\gta3img\Txds\solair.txd" with handler "gta3.std.stream"
Found file [0x00000204AC3C8314] "Carros originais ImVehFt\models\gta3img\Txds\stafford.txd" with handler "gta3.std.stream"
Found file [0x00000204B6A4E01B] "Carros originais ImVehFt\models\gta3img\Txds\stallion.txd" with handler "gta3.std.stream"
Found file [0x00000204A3BCDF29] "Carros originais ImVehFt\models\gta3img\Txds\stratum.txd" with handler "gta3.std.stream"
Found file [0x0000020463423C1E] "Carros originais ImVehFt\models\gta3img\Txds\stretch.txd" with handler "gta3.std.stream"
Found file [0x00000204C2C8E032] "Carros originais ImVehFt\models\gta3img\Txds\sultan.txd" with handler "gta3.std.stream"
Found file [0x000002047484B7AC] "Carros originais ImVehFt\models\gta3img\Txds\sunrise.txd" with handler "gta3.std.stream"
Found file [0x00000204F81413DD] "Carros originais ImVehFt\models\gta3img\Txds\supergt.txd" with handler "gta3.std.stream"
Found file [0x00000204ACDEE46D] "Carros originais ImVehFt\models\gta3img\Txds\swatvan.txd" with handler "gta3.std.stream"
Found file [0x000002042C9FB18C] "Carros originais ImVehFt\models\gta3img\Txds\sweeper.txd" with handler "gta3.std.stream"
Found file [0x000002046F8DF9FF] "Carros originais ImVehFt\models\gta3img\Txds\tahoma.txd" with handler "gta3.std.stream"
Found file [0x00000204174DC6BE] "Carros originais ImVehFt\models\gta3img\Txds\tampa.txd" with handler "gta3.std.stream"
Found file [0x0000020458A461B7] "Carros originais ImVehFt\models\gta3img\Txds\taxi.txd" with handler "gta3.std.stream"
Found file [0x000002044076A5EF] "Carros originais ImVehFt\models\gta3img\Txds\topfun.txd" with handler "gta3.std.stream"
Found file [0x00000204A2AE510A] "Carros originais ImVehFt\models\gta3img\Txds\tornado.txd" with handler "gta3.std.stream"
Found file [0x00000204CFB730DC] "Carros originais ImVehFt\models\gta3img\Txds\towtruck.txd" with handler "gta3.std.stream"
Found file [0x00000204F6F21BB0] "Carros originais ImVehFt\models\gta3img\Txds\tractor.txd" with handler "gta3.std.stream"
Found file [0x00000204621500CF] "Carros originais ImVehFt\models\gta3img\Txds\trash.txd" with handler "gta3.std.stream"
Found file [0x0000020468584B9D] "Carros originais ImVehFt\models\gta3img\Txds\tug.txd" with handler "gta3.std.stream"
Found file [0x0000020404F67F6C] "Carros originais ImVehFt\models\gta3img\Txds\tugstair.txd" with handler "gta3.std.stream"
Found file [0x0000020469D96E5C] "Carros originais ImVehFt\models\gta3img\Txds\turismo.txd" with handler "gta3.std.stream"
Found file [0x00000204FC8EFD37] "Carros originais ImVehFt\models\gta3img\Txds\uranus.txd" with handler "gta3.std.stream"
Found file [0x00000204C11A86B9] "Carros originais ImVehFt\models\gta3img\Txds\utility.txd" with handler "gta3.std.stream"
Found file [0x0000020465A28AE0] "Carros originais ImVehFt\models\gta3img\Txds\vincent.txd" with handler "gta3.std.stream"
Found file [0x00000204F4C84774] "Carros originais ImVehFt\models\gta3img\Txds\virgo.txd" with handler "gta3.std.stream"
Found file [0x00000204E5A33231] "Carros originais ImVehFt\models\gta3img\Txds\voodoo.txd" with handler "gta3.std.stream"
Found file [0x00000204EF123D28] "Carros originais ImVehFt\models\gta3img\Txds\walton.txd" with handler "gta3.std.stream"
Found file [0x000002043BC381AA] "Carros originais ImVehFt\models\gta3img\Txds\washing.txd" with handler "gta3.std.stream"
Found file [0x000002045819B8D2] "Carros originais ImVehFt\models\gta3img\Txds\wayfarer.txd" with handler "gta3.std.stream"
Found file [0x0000020438DE6D5A] "Carros originais ImVehFt\models\gta3img\Txds\willard.txd" with handler "gta3.std.stream"
Found file [0x000002048A24B2C7] "Carros originais ImVehFt\models\gta3img\Txds\windsor.txd" with handler "gta3.std.stream"
Found file [0x00000204993B52BA] "Carros originais ImVehFt\models\gta3img\Txds\yankee.txd" with handler "gta3.std.stream"
Found file [0x00000204E8B54408] "Carros originais ImVehFt\models\gta3img\Txds\yosemite.txd" with handler "gta3.std.stream"
Found file [0x00000204BE2135FD] "Carros originais ImVehFt\models\gta3img\Txds\zr350.txd" with handler "gta3.std.stream"
No handler or callme for file "ImVehFt\grunge\vehiclegrunge256.png"
No handler or callme for file "ImVehFt\ImVehFt\effect\dirt_layer.fx"
No handler or callme for file "ImVehFt\ImVehFt\grunge\vehiclegrunge256.png"
No handler or callme for file "ImVehFt\ImVehFt\grunge\vehiclegrunge512.png"
No handler or callme for file "ImVehFt\ImVehFt\grunge\vehiclegrunge_iv.png"
No handler or callme for file "ImVehFt\ImVehFt\ImVehFt.ini"
No handler or callme for file "ImVehFt\ImVehFt\plates\plateback1.dds"
No handler or callme for file "ImVehFt\ImVehFt\plates\plateback1_l.dds"
No handler or callme for file "ImVehFt\ImVehFt\plates\plateback2.dds"
No handler or callme for file "ImVehFt\ImVehFt\plates\plateback2_l.dds"
No handler or callme for file "ImVehFt\ImVehFt\plates\plateback3.dds"
No handler or callme for file "ImVehFt\ImVehFt\plates\plateback3_l.dds"
No handler or callme for file "ImVehFt\ImVehFt\plates\platecharset.png"
No handler or callme for file "ImVehFt\ImVehFt\shadows\backfire.png"
No handler or callme for file "ImVehFt\ImVehFt\shadows\headlight_l.png"
No handler or callme for file "ImVehFt\ImVehFt\shadows\headlight_s.png"
No handler or callme for file "ImVehFt\ImVehFt\shadows\pointlight.png"
No handler or callme for file "ImVehFt\ImVehFt\shadows\taillight.png"
No handler or callme for file "ImVehFt\ImVehFt\tyres\tyrewall_dirt_1.png"
No handler or callme for file "ImVehFt\ImVehFt\tyres\tyrewall_dirt_10.png"
No handler or callme for file "ImVehFt\ImVehFt\tyres\tyrewall_dirt_11.png"
No handler or callme for file "ImVehFt\ImVehFt\tyres\tyrewall_dirt_12.png"
No handler or callme for file "ImVehFt\ImVehFt\tyres\tyrewall_dirt_13.png"
No handler or callme for file "ImVehFt\ImVehFt\tyres\tyrewall_dirt_14.png"
No handler or callme for file "ImVehFt\ImVehFt\tyres\tyrewall_dirt_15.png"
No handler or callme for file "ImVehFt\ImVehFt\tyres\tyrewall_dirt_16.png"
No handler or callme for file "ImVehFt\ImVehFt\tyres\tyrewall_dirt_2.png"
No handler or callme for file "ImVehFt\ImVehFt\tyres\tyrewall_dirt_3.png"
No handler or callme for file "ImVehFt\ImVehFt\tyres\tyrewall_dirt_4.png"
No handler or callme for file "ImVehFt\ImVehFt\tyres\tyrewall_dirt_5.png"
No handler or callme for file "ImVehFt\ImVehFt\tyres\tyrewall_dirt_6.png"
No handler or callme for file "ImVehFt\ImVehFt\tyres\tyrewall_dirt_7.png"
No handler or callme for file "ImVehFt\ImVehFt\tyres\tyrewall_dirt_8.png"
No handler or callme for file "ImVehFt\ImVehFt\tyres\tyrewall_dirt_9.png"
Found file [0x00000001CB363F09] "ImVehFt\ImVehFt.asi" with handler "gta3.std.asi"
No handler or callme for file "ImVehFt\ImVehFt.log"
Found file [0x00000001A3ABDCEC] "ImVehFt\ImVehFtFix.asi" with handler "gta3.std.asi"
No handler or callme for file "ImVehFt\ImVehFtFix.log"
No handler or callme for file "ImVehFt\plates\plateback1.dds"
No handler or callme for file "ImVehFt\plates\plateback1_l.dds"
No handler or callme for file "ImVehFt\plates\plateback2.dds"
No handler or callme for file "ImVehFt\plates\plateback2_l.dds"
No handler or callme for file "ImVehFt\plates\plateback3.dds"
No handler or callme for file "ImVehFt\plates\plateback3_l.dds"
No handler or callme for file "ImVehFt\plates\platecharset.png"
Found file [0x00000104A4B8AC54] "NeXtGen Remaster Weapons\Cutscenes  weapons - items\cs9mm.dff" with handler "gta3.std.stream"
Found file [0x00000204B6DFD79C] "NeXtGen Remaster Weapons\Cutscenes  weapons - items\cs9mm.txd" with handler "gta3.std.stream"
Found file [0x000001041B29326A] "NeXtGen Remaster Weapons\Cutscenes  weapons - items\csbat.dff" with handler "gta3.std.stream"
Found file [0x000002043100B25A] "NeXtGen Remaster Weapons\Cutscenes  weapons - items\csbat.txd" with handler "gta3.std.stream"
Found file [0x000001041E2B9A5E] "NeXtGen Remaster Weapons\Cutscenes  weapons - items\csbball.dff" with handler "gta3.std.stream"
Found file [0x000002042C030DB6] "NeXtGen Remaster Weapons\Cutscenes  weapons - items\csbball.txd" with handler "gta3.std.stream"
Found file [0x000001041A9442F3] "NeXtGen Remaster Weapons\Cutscenes  weapons - items\csbooka.dff" with handler "gta3.std.stream"
Found file [0x000002040CBCCE9F] "NeXtGen Remaster Weapons\Cutscenes  weapons - items\csbooka.txd" with handler "gta3.std.stream"
Found file [0x000001041CAD5EB8] "NeXtGen Remaster Weapons\Cutscenes  weapons - items\cscamera.dff" with handler "gta3.std.stream"
Found file [0x0000020426D47E68] "NeXtGen Remaster Weapons\Cutscenes  weapons - items\cscamera.txd" with handler "gta3.std.stream"
Found file [0x00000104B1A64D06] "NeXtGen Remaster Weapons\Cutscenes  weapons - items\cscolt45.dff" with handler "gta3.std.stream"
Found file [0x00000204CFCD8C6E] "NeXtGen Remaster Weapons\Cutscenes  weapons - items\cscolt45.txd" with handler "gta3.std.stream"
Found file [0x00000104A9FFBE67] "NeXtGen Remaster Weapons\Cutscenes  weapons - items\cscopmobile.dff" with handler "gta3.std.stream"
Found file [0x0000020494283DAB] "NeXtGen Remaster Weapons\Cutscenes  weapons - items\cscopmobile.txd" with handler "gta3.std.stream"
Found file [0x0000010454508BE7] "NeXtGen Remaster Weapons\Cutscenes  weapons - items\cscrowbar.dff" with handler "gta3.std.stream"
Found file [0x000002043E790B2B] "NeXtGen Remaster Weapons\Cutscenes  weapons - items\cscrowbar.txd" with handler "gta3.std.stream"
Found file [0x0000010466D772E2] "NeXtGen Remaster Weapons\Cutscenes  weapons - items\csdeserteagle.dff" with handler "gta3.std.stream"
Found file [0x000002046CFE8B02] "NeXtGen Remaster Weapons\Cutscenes  weapons - items\csdeserteagle.txd" with handler "gta3.std.stream"
Found file [0x00000104F82F5362] "NeXtGen Remaster Weapons\Cutscenes  weapons - items\csflame.dff" with handler "gta3.std.stream"
Found file [0x00000204FE566B82] "NeXtGen Remaster Weapons\Cutscenes  weapons - items\csflame.txd" with handler "gta3.std.stream"
Found file [0x00000104B6DDFA3F] "NeXtGen Remaster Weapons\Cutscenes  weapons - items\csgreengoo.dff" with handler "gta3.std.stream"
Found file [0x00000204D10532D3] "NeXtGen Remaster Weapons\Cutscenes  weapons - items\csgreengoo.txd" with handler "gta3.std.stream"
Found file [0x00000104899BE0DD] "NeXtGen Remaster Weapons\Cutscenes  weapons - items\csjetpack.dff" with handler "gta3.std.stream"
Found file [0x0000020477C466B1] "NeXtGen Remaster Weapons\Cutscenes  weapons - items\csjetpack.txd" with handler "gta3.std.stream"
Found file [0x00000104775A55EC] "NeXtGen Remaster Weapons\Cutscenes  weapons - items\csknife.dff" with handler "gta3.std.stream"
Found file [0x0000020479334924] "NeXtGen Remaster Weapons\Cutscenes  weapons - items\csknife.txd" with handler "gta3.std.stream"
Found file [0x00000104FCCFD447] "NeXtGen Remaster Weapons\Cutscenes  weapons - items\csm16.dff" with handler "gta3.std.stream"
Found file [0x00000204E6F6C08B] "NeXtGen Remaster Weapons\Cutscenes  weapons - items\csm16.txd" with handler "gta3.std.stream"
Found file [0x00000104EAAAFA60] "NeXtGen Remaster Weapons\Cutscenes  weapons - items\csmoneystck.dff" with handler "gta3.std.stream"
Found file [0x0000020404D23200] "NeXtGen Remaster Weapons\Cutscenes  weapons - items\csmoneystck.txd" with handler "gta3.std.stream"
Found file [0x000001049A38B4DA] "NeXtGen Remaster Weapons\Cutscenes  weapons - items\cssilenced.dff" with handler "gta3.std.stream"
Found file [0x00000204905FB40A] "NeXtGen Remaster Weapons\Cutscenes  weapons - items\cssilenced.txd" with handler "gta3.std.stream"
Found file [0x0000010422512258] "NeXtGen Remaster Weapons\Cutscenes  weapons - items\cssmg.dff" with handler "gta3.std.stream"
Found file [0x000002042C79D408] "NeXtGen Remaster Weapons\Cutscenes  weapons - items\cssmg.txd" with handler "gta3.std.stream"
Found file [0x0000010468D18884] "NeXtGen Remaster Weapons\Cutscenes  weapons - items\csspade.dff" with handler "gta3.std.stream"
Found file [0x000002045AAA630C] "NeXtGen Remaster Weapons\Cutscenes  weapons - items\csspade.txd" with handler "gta3.std.stream"
Found file [0x000001046773E11C] "NeXtGen Remaster Weapons\Cutscenes  weapons - items\csspray.dff" with handler "gta3.std.stream"
Found file [0x00000204499AC1D4] "NeXtGen Remaster Weapons\Cutscenes  weapons - items\csspray.txd" with handler "gta3.std.stream"
Found file [0x0000010465631826] "NeXtGen Remaster Weapons\Cutscenes  weapons - items\csthrowknife.dff" with handler "gta3.std.stream"
Found file [0x00000204838A568E] "NeXtGen Remaster Weapons\Cutscenes  weapons - items\csthrowknife.txd" with handler "gta3.std.stream"
No handler or callme for file "NeXtGen Remaster Weapons\Cutscenes  weapons - items\desktop.ini"
Found file [0xFFFFFFFFFFFFFFFF] "NeXtGen Remaster Weapons\diminuir prioridade.txt" with handler "<none>"
Found file [0x000001043895548E] "NeXtGen Remaster Weapons\Gameplay  pickups\adrenaline.dff" with handler "gta3.std.stream"
Found file [0x00000204E8484880] "NeXtGen Remaster Weapons\Gameplay  pickups\bballx.txd" with handler "gta3.std.stream"
Found file [0x0000010474898B07] "NeXtGen Remaster Weapons\Gameplay  pickups\bball_col.dff" with handler "gta3.std.stream"
Found file [0x000001049016E148] "NeXtGen Remaster Weapons\Gameplay  pickups\bball_ingame.dff" with handler "gta3.std.stream"
Found file [0x00000104192FD63F] "NeXtGen Remaster Weapons\Gameplay  pickups\bodyarmour.dff" with handler "gta3.std.stream"
Found file [0x0000020477619FB9] "NeXtGen Remaster Weapons\Gameplay  pickups\breifcase.txd" with handler "gta3.std.stream"
Found file [0x00000104D2500D8F] "NeXtGen Remaster Weapons\Gameplay  pickups\bribe.dff" with handler "gta3.std.stream"
Found file [0x00000104D4136535] "NeXtGen Remaster Weapons\Gameplay  pickups\briefcase.dff" with handler "gta3.std.stream"
Found file [0x000001047B9E3CA6] "NeXtGen Remaster Weapons\Gameplay  pickups\camerapickup.dff" with handler "gta3.std.stream"
Found file [0x00000104AF7B0BAC] "NeXtGen Remaster Weapons\Gameplay  pickups\cj_horse_shoe.dff" with handler "gta3.std.stream"
Found file [0x00000104935BA30A] "NeXtGen Remaster Weapons\Gameplay  pickups\cj_money_bag.dff" with handler "gta3.std.stream"
Found file [0x000002041CBF89AD] "NeXtGen Remaster Weapons\Gameplay  pickups\cj_money_bags.txd" with handler "gta3.std.stream"
Found file [0x00000104B00F373B] "NeXtGen Remaster Weapons\Gameplay  pickups\cj_oyster.dff" with handler "gta3.std.stream"
Found file [0x000001042B615F17] "NeXtGen Remaster Weapons\Gameplay  pickups\clothesp.dff" with handler "gta3.std.stream"
Found file [0x00000104A4A9C66D] "NeXtGen Remaster Weapons\Gameplay  pickups\cylinder.dff" with handler "gta3.std.stream"
No handler or callme for file "NeXtGen Remaster Weapons\Gameplay  pickups\desktop.ini"
Found file [0x00000204FCB1B5B9] "NeXtGen Remaster Weapons\Gameplay  pickups\diamond.txd" with handler "gta3.std.stream"
Found file [0x0000010452D4D57F] "NeXtGen Remaster Weapons\Gameplay  pickups\diamond_3.dff" with handler "gta3.std.stream"
Found file [0x000001048939EB96] "NeXtGen Remaster Weapons\Gameplay  pickups\dynamite.dff" with handler "gta3.std.stream"
Found file [0x000002048712D93E] "NeXtGen Remaster Weapons\Gameplay  pickups\dynamite.txd" with handler "gta3.std.stream"
Found file [0x00000204C2312B3E] "NeXtGen Remaster Weapons\Gameplay  pickups\dyn_keycard.txd" with handler "gta3.std.stream"
Found file [0x000002048E6C1474] "NeXtGen Remaster Weapons\Gameplay  pickups\gloopx.txd" with handler "gta3.std.stream"
Found file [0x0000010478D2AE4C] "NeXtGen Remaster Weapons\Gameplay  pickups\green_gloop.dff" with handler "gta3.std.stream"
Found file [0x000001045709F539] "NeXtGen Remaster Weapons\Gameplay  pickups\health.dff" with handler "gta3.std.stream"
Found file [0x00000204DBD212AC] "NeXtGen Remaster Weapons\Gameplay  pickups\horse_shoe_pick.txd" with handler "gta3.std.stream"
Found file [0x00000204A920D62B] "NeXtGen Remaster Weapons\Gameplay  pickups\icons.txd" with handler "gta3.std.stream"
Found file [0x00000204D542A89C] "NeXtGen Remaster Weapons\Gameplay  pickups\icons1.txd" with handler "gta3.std.stream"
Found file [0x00000204B58DE503] "NeXtGen Remaster Weapons\Gameplay  pickups\icons2.txd" with handler "gta3.std.stream"
Found file [0x00000204E9F60F5E] "NeXtGen Remaster Weapons\Gameplay  pickups\icons3.txd" with handler "gta3.std.stream"
Found file [0x000002049011E785] "NeXtGen Remaster Weapons\Gameplay  pickups\icons4.txd" with handler "gta3.std.stream"
Found file [0x0000020453C377C0] "NeXtGen Remaster Weapons\Gameplay  pickups\icons5.txd" with handler "gta3.std.stream"
Found file [0x00000204F9CA35F7] "NeXtGen Remaster Weapons\Gameplay  pickups\icons6.txd" with handler "gta3.std.stream"
Found file [0x000002042E5B01B2] "NeXtGen Remaster Weapons\Gameplay  pickups\icons7.txd" with handler "gta3.std.stream"
Found file [0x00000204B1065EF9] "NeXtGen Remaster Weapons\Gameplay  pickups\icons8.txd" with handler "gta3.std.stream"
Found file [0x00000204D7EA6B24] "NeXtGen Remaster Weapons\Gameplay  pickups\icons9.txd" with handler "gta3.std.stream"
Found file [0x0000010444DC9C43] "NeXtGen Remaster Weapons\Gameplay  pickups\info.dff" with handler "gta3.std.stream"
Found file [0x00000204B230BAE8] "NeXtGen Remaster Weapons\Gameplay  pickups\ingame.txd" with handler "gta3.std.stream"
Found file [0x00000104B31ECA0E] "NeXtGen Remaster Weapons\Gameplay  pickups\keycard.dff" with handler "gta3.std.stream"
Found file [0x0000020486D0B4A5] "NeXtGen Remaster Weapons\Gameplay  pickups\kmb_chute.txd" with handler "gta3.std.stream"
Found file [0x00000104CFF08D82] "NeXtGen Remaster Weapons\Gameplay  pickups\kmb_holdall.dff" with handler "gta3.std.stream"
Found file [0x00000204215176F1] "NeXtGen Remaster Weapons\Gameplay  pickups\kmb_notebook.txd" with handler "gta3.std.stream"
Found file [0x0000010413175636] "NeXtGen Remaster Weapons\Gameplay  pickups\kmb_packet.dff" with handler "gta3.std.stream"
Found file [0x0000020410EEB0DE] "NeXtGen Remaster Weapons\Gameplay  pickups\kmb_packet.txd" with handler "gta3.std.stream"
Found file [0x00000104B3EF4D4F] "NeXtGen Remaster Weapons\Gameplay  pickups\kmb_parachute.dff" with handler "gta3.std.stream"
Found file [0x0000010427012E11] "NeXtGen Remaster Weapons\Gameplay  pickups\kmb_rhymesbook.dff" with handler "gta3.std.stream"
Found file [0x00000204B2CBFDA1] "NeXtGen Remaster Weapons\Gameplay  pickups\parapakx.txd" with handler "gta3.std.stream"
Found file [0x000001046B5D4143] "NeXtGen Remaster Weapons\Gameplay  pickups\para_pack.dff" with handler "gta3.std.stream"
Found file [0x000001049FD1668C] "NeXtGen Remaster Weapons\Gameplay  pickups\pickupsave.dff" with handler "gta3.std.stream"
Found file [0x00000104E515CDFE] "NeXtGen Remaster Weapons\Gameplay  pickups\property_fsale.dff" with handler "gta3.std.stream"
Found file [0x0000010425501EC5] "NeXtGen Remaster Weapons\Gameplay  pickups\property_locked.dff" with handler "gta3.std.stream"
Found file [0x0000020424340E49] "NeXtGen Remaster Weapons\Gameplay  pickups\shell_pick.txd" with handler "gta3.std.stream"
No handler or callme for file "NeXtGen Remaster Weapons\Gameplay  pickups\Thumbs.db"
Found file [0x00000104ED114BF0] "NeXtGen Remaster Weapons\Gameplay  weapons - items\ak47.dff" with handler "gta3.std.stream"
Found file [0x00000204E6EA32D0] "NeXtGen Remaster Weapons\Gameplay  weapons - items\ak47.txd" with handler "gta3.std.stream"
Found file [0x0000010446986727] "NeXtGen Remaster Weapons\Gameplay  weapons - items\armour.dff" with handler "gta3.std.stream"
Found file [0x0000020430BF546B] "NeXtGen Remaster Weapons\Gameplay  weapons - items\armour.txd" with handler "gta3.std.stream"
Found file [0x000001042AAEB2C4] "NeXtGen Remaster Weapons\Gameplay  weapons - items\bat.dff" with handler "gta3.std.stream"
Found file [0x000002041C878D4C] "NeXtGen Remaster Weapons\Gameplay  weapons - items\bat.txd" with handler "gta3.std.stream"
Found file [0x00000104735C9097] "NeXtGen Remaster Weapons\Gameplay  weapons - items\bomb.dff" with handler "gta3.std.stream"
Found file [0x000002047D33FE5B] "NeXtGen Remaster Weapons\Gameplay  weapons - items\bomb.txd" with handler "gta3.std.stream"
Found file [0x0000010454363361] "NeXtGen Remaster Weapons\Gameplay  weapons - items\brassknuckle.dff" with handler "gta3.std.stream"
Found file [0x000002043A0EFACD] "NeXtGen Remaster Weapons\Gameplay  weapons - items\brassknuckle.txd" with handler "gta3.std.stream"
Found file [0x00000104E9B117B2] "NeXtGen Remaster Weapons\Gameplay  weapons - items\camera.dff" with handler "gta3.std.stream"
Found file [0x00000204CF89DF12] "NeXtGen Remaster Weapons\Gameplay  weapons - items\camera.txd" with handler "gta3.std.stream"
Found file [0x00000104852E24F1] "NeXtGen Remaster Weapons\Gameplay  weapons - items\cellphone.dff" with handler "gta3.std.stream"
Found file [0x000002048B553D1D] "NeXtGen Remaster Weapons\Gameplay  weapons - items\cellphone.txd" with handler "gta3.std.stream"
Found file [0x00000104BC7F8D1F] "NeXtGen Remaster Weapons\Gameplay  weapons - items\chnsaw.dff" with handler "gta3.std.stream"
Found file [0x00000204D6A6C5B3] "NeXtGen Remaster Weapons\Gameplay  weapons - items\chnsaw.txd" with handler "gta3.std.stream"
Found file [0x00000104E72C1A31] "NeXtGen Remaster Weapons\Gameplay  weapons - items\chromegun.dff" with handler "gta3.std.stream"
Found file [0x00000204ED53335D] "NeXtGen Remaster Weapons\Gameplay  weapons - items\chromegun.txd" with handler "gta3.std.stream"
Found file [0x00000104C162BAD0] "NeXtGen Remaster Weapons\Gameplay  weapons - items\colt45.dff" with handler "gta3.std.stream"
Found file [0x00000204BB3BA1B0] "NeXtGen Remaster Weapons\Gameplay  weapons - items\colt45.txd" with handler "gta3.std.stream"
Found file [0x00000104D1D4CAF9] "NeXtGen Remaster Weapons\Gameplay  weapons - items\cuntgun.dff" with handler "gta3.std.stream"
Found file [0x00000204E7AC4AB5] "NeXtGen Remaster Weapons\Gameplay  weapons - items\cuntgun.txd" with handler "gta3.std.stream"
Found file [0x0000010401CA910D] "NeXtGen Remaster Weapons\Gameplay  weapons - items\desert_eagle.dff" with handler "gta3.std.stream"
Found file [0x000002040FA20561] "NeXtGen Remaster Weapons\Gameplay  weapons - items\desert_eagle.txd" with handler "gta3.std.stream"
No handler or callme for file "NeXtGen Remaster Weapons\Gameplay  weapons - items\desktop.ini"
Found file [0x000001041E0BB659] "NeXtGen Remaster Weapons\Gameplay  weapons - items\fire_ex.dff" with handler "gta3.std.stream"
Found file [0x0000020433E4C915] "NeXtGen Remaster Weapons\Gameplay  weapons - items\fire_ex.txd" with handler "gta3.std.stream"
Found file [0x0000010425E8C404] "NeXtGen Remaster Weapons\Gameplay  weapons - items\flame.dff" with handler "gta3.std.stream"
Found file [0x0000020417C19E8C] "NeXtGen Remaster Weapons\Gameplay  weapons - items\flame.txd" with handler "gta3.std.stream"
Found file [0x000001045DCA0365] "NeXtGen Remaster Weapons\Gameplay  weapons - items\flare.dff" with handler "gta3.std.stream"
Found file [0x000002045BF10F29] "NeXtGen Remaster Weapons\Gameplay  weapons - items\flare.txd" with handler "gta3.std.stream"
Found file [0x0000010406A68633] "NeXtGen Remaster Weapons\Gameplay  weapons - items\flowera.dff" with handler "gta3.std.stream"
Found file [0x00000204F8CD7FDF] "NeXtGen Remaster Weapons\Gameplay  weapons - items\flowera.txd" with handler "gta3.std.stream"
Found file [0x00000104AECBC687] "NeXtGen Remaster Weapons\Gameplay  weapons - items\golfclub.dff" with handler "gta3.std.stream"
Found file [0x0000020498F446CB] "NeXtGen Remaster Weapons\Gameplay  weapons - items\golfclub.txd" with handler "gta3.std.stream"
Found file [0x0000010478C1FC5F] "NeXtGen Remaster Weapons\Gameplay  weapons - items\grenade.dff" with handler "gta3.std.stream"
Found file [0x0000020492EAC7F3] "NeXtGen Remaster Weapons\Gameplay  weapons - items\grenade.txd" with handler "gta3.std.stream"
Found file [0x00000104F4ABBEE1] "NeXtGen Remaster Weapons\Gameplay  weapons - items\gun_cane.dff" with handler "gta3.std.stream"
Found file [0x00000204DA84864D] "NeXtGen Remaster Weapons\Gameplay  weapons - items\gun_cane.txd" with handler "gta3.std.stream"
Found file [0x00000104AE1FB367] "NeXtGen Remaster Weapons\Gameplay  weapons - items\gun_dildo1.dff" with handler "gta3.std.stream"
Found file [0x00000204984832AB] "NeXtGen Remaster Weapons\Gameplay  weapons - items\gun_dildo1.txd" with handler "gta3.std.stream"
Found file [0x00000104E03FC5EC] "NeXtGen Remaster Weapons\Gameplay  weapons - items\gun_dildo2.dff" with handler "gta3.std.stream"
Found file [0x00000204E218B924] "NeXtGen Remaster Weapons\Gameplay  weapons - items\gun_dildo2.txd" with handler "gta3.std.stream"
Found file [0x000001045C42B0B4] "NeXtGen Remaster Weapons\Gameplay  weapons - items\gun_para.dff" with handler "gta3.std.stream"
Found file [0x000002046E69DCFC] "NeXtGen Remaster Weapons\Gameplay  weapons - items\gun_para.txd" with handler "gta3.std.stream"
Found file [0x00000104A4DF402B] "NeXtGen Remaster Weapons\Gameplay  weapons - items\gun_vibe1.dff" with handler "gta3.std.stream"
Found file [0x000002048707B3E7] "NeXtGen Remaster Weapons\Gameplay  weapons - items\gun_vibe1.txd" with handler "gta3.std.stream"
Found file [0x000001041F96E350] "NeXtGen Remaster Weapons\Gameplay  weapons - items\gun_vibe2.dff" with handler "gta3.std.stream"
Found file [0x00000204196FCA30] "NeXtGen Remaster Weapons\Gameplay  weapons - items\gun_vibe2.txd" with handler "gta3.std.stream"
Found file [0x00000104A85B4AA1] "NeXtGen Remaster Weapons\Gameplay  weapons - items\heatseek.dff" with handler "gta3.std.stream"
Found file [0x000002048E327F0D] "NeXtGen Remaster Weapons\Gameplay  weapons - items\heatseek.txd" with handler "gta3.std.stream"
Found file [0x00000104B2030D56] "NeXtGen Remaster Weapons\Gameplay  weapons - items\irgoggles.dff" with handler "gta3.std.stream"
Found file [0x00000204AFDBFAFE] "NeXtGen Remaster Weapons\Gameplay  weapons - items\irgoggles.txd" with handler "gta3.std.stream"
Found file [0x0000010478E35367] "NeXtGen Remaster Weapons\Gameplay  weapons - items\jetpack.dff" with handler "gta3.std.stream"
Found file [0x00000204630BD2AB] "NeXtGen Remaster Weapons\Gameplay  weapons - items\jetpack.txd" with handler "gta3.std.stream"
Found file [0x0000010409A75E59] "NeXtGen Remaster Weapons\Gameplay  weapons - items\katana.dff" with handler "gta3.std.stream"
Found file [0x000002041F807115] "NeXtGen Remaster Weapons\Gameplay  weapons - items\katana.txd" with handler "gta3.std.stream"
Found file [0x00000104EC116618] "NeXtGen Remaster Weapons\Gameplay  weapons - items\knifecur.dff" with handler "gta3.std.stream"
Found file [0x00000204F63885C8] "NeXtGen Remaster Weapons\Gameplay  weapons - items\knifecur.txd" with handler "gta3.std.stream"
Found file [0x000001043567FBB0] "NeXtGen Remaster Weapons\Gameplay  weapons - items\m4.dff" with handler "gta3.std.stream"
Found file [0x000002042F40E290] "NeXtGen Remaster Weapons\Gameplay  weapons - items\m4.txd" with handler "gta3.std.stream"
Found file [0x000001042A37D55A] "NeXtGen Remaster Weapons\Gameplay  weapons - items\micro_uzi.dff" with handler "gta3.std.stream"
Found file [0x00000204205ED48A] "NeXtGen Remaster Weapons\Gameplay  weapons - items\micro_uzi.txd" with handler "gta3.std.stream"
Found file [0x00000104E66D323C] "NeXtGen Remaster Weapons\Gameplay  weapons - items\minigun.dff" with handler "gta3.std.stream"
Found file [0x00000204C89412F4] "NeXtGen Remaster Weapons\Gameplay  weapons - items\minigun.txd" with handler "gta3.std.stream"
Found file [0x000001044CF53F01] "NeXtGen Remaster Weapons\Gameplay  weapons - items\missile.dff" with handler "gta3.std.stream"
Found file [0x0000020432CE076D] "NeXtGen Remaster Weapons\Gameplay  weapons - items\missile.txd" with handler "gta3.std.stream"
Found file [0x0000010466D3C17F] "NeXtGen Remaster Weapons\Gameplay  weapons - items\molotov.dff" with handler "gta3.std.stream"
Found file [0x0000020480FAF913] "NeXtGen Remaster Weapons\Gameplay  weapons - items\molotov.txd" with handler "gta3.std.stream"
Found file [0x000001047B8D56CA] "NeXtGen Remaster Weapons\Gameplay  weapons - items\mp5lng.dff" with handler "gta3.std.stream"
Found file [0x00000204916669BA] "NeXtGen Remaster Weapons\Gameplay  weapons - items\mp5lng.txd" with handler "gta3.std.stream"
Found file [0x00000104330D263B] "NeXtGen Remaster Weapons\Gameplay  weapons - items\nitestick.dff" with handler "gta3.std.stream"
Found file [0x0000020434E48777] "NeXtGen Remaster Weapons\Gameplay  weapons - items\nitestick.txd" with handler "gta3.std.stream"
Found file [0x000001046E4816A1] "NeXtGen Remaster Weapons\Gameplay  weapons - items\nvgoggles.dff" with handler "gta3.std.stream"
Found file [0x00000204541F4B0D] "NeXtGen Remaster Weapons\Gameplay  weapons - items\nvgoggles.txd" with handler "gta3.std.stream"
Found file [0x00000104622FA4B4] "NeXtGen Remaster Weapons\Gameplay  weapons - items\parachute.DFF" with handler "gta3.std.stream"
Found file [0x000002048EFD748C] "NeXtGen Remaster Weapons\Gameplay  weapons - items\paracx.txd" with handler "gta3.std.stream"
Found file [0x000001040A67E232] "NeXtGen Remaster Weapons\Gameplay  weapons - items\poolcue.dff" with handler "gta3.std.stream"
Found file [0x00000204F040A992] "NeXtGen Remaster Weapons\Gameplay  weapons - items\poolcue.txd" with handler "gta3.std.stream"
Found file [0x00000104DA77CB5A] "NeXtGen Remaster Weapons\Gameplay  weapons - items\rocketla.dff" with handler "gta3.std.stream"
Found file [0x00000204D09ECA8A] "NeXtGen Remaster Weapons\Gameplay  weapons - items\rocketla.txd" with handler "gta3.std.stream"
Found file [0x00000104A8964DEB] "NeXtGen Remaster Weapons\Gameplay  weapons - items\satchel.dff" with handler "gta3.std.stream"
Found file [0x000002048ABD2DA7] "NeXtGen Remaster Weapons\Gameplay  weapons - items\satchel.txd" with handler "gta3.std.stream"
Found file [0x00000104C91E2D7F] "NeXtGen Remaster Weapons\Gameplay  weapons - items\sawnoff.dff" with handler "gta3.std.stream"
Found file [0x00000204E3456513] "NeXtGen Remaster Weapons\Gameplay  weapons - items\sawnoff.txd" with handler "gta3.std.stream"
Found file [0x00000104E9835D30] "NeXtGen Remaster Weapons\Gameplay  weapons - items\shotgspa.dff" with handler "gta3.std.stream"
Found file [0x00000204E35C4410] "NeXtGen Remaster Weapons\Gameplay  weapons - items\shotgspa.txd" with handler "gta3.std.stream"
Found file [0x000001048964BEBE] "NeXtGen Remaster Weapons\Gameplay  weapons - items\shovel.dff" with handler "gta3.std.stream"
Found file [0x00000204973C3216] "NeXtGen Remaster Weapons\Gameplay  weapons - items\shovel.txd" with handler "gta3.std.stream"
Found file [0x0000010447988688] "NeXtGen Remaster Weapons\Gameplay  weapons - items\silenced.dff" with handler "gta3.std.stream"
Found file [0x00000204317154B8] "NeXtGen Remaster Weapons\Gameplay  weapons - items\silenced.txd" with handler "gta3.std.stream"
Found file [0x00000104283C5CE5] "NeXtGen Remaster Weapons\Gameplay  weapons - items\skateboard.dff" with handler "gta3.std.stream"
Found file [0x00000204266368A9] "NeXtGen Remaster Weapons\Gameplay  weapons - items\skateboard.txd" with handler "gta3.std.stream"
Found file [0x000001042390588E] "NeXtGen Remaster Weapons\Gameplay  weapons - items\sniper.dff" with handler "gta3.std.stream"
Found file [0x0000020411B74C66] "NeXtGen Remaster Weapons\Gameplay  weapons - items\sniper.txd" with handler "gta3.std.stream"
Found file [0x00000104A46DFD7C] "NeXtGen Remaster Weapons\Gameplay  weapons - items\spraycan.dff" with handler "gta3.std.stream"
Found file [0x0000020486967034] "NeXtGen Remaster Weapons\Gameplay  weapons - items\spraycan.txd" with handler "gta3.std.stream"
Found file [0x0000010491A15D1A] "NeXtGen Remaster Weapons\Gameplay  weapons - items\teargas.dff" with handler "gta3.std.stream"
Found file [0x0000020487C9F04A] "NeXtGen Remaster Weapons\Gameplay  weapons - items\teargas.txd" with handler "gta3.std.stream"
Found file [0x00000104F00FD9B6] "NeXtGen Remaster Weapons\Gameplay  weapons - items\tec9.dff" with handler "gta3.std.stream"
Found file [0x00000204EDE7345E] "NeXtGen Remaster Weapons\Gameplay  weapons - items\tec9.txd" with handler "gta3.std.stream"
No handler or callme for file "NeXtGen Remaster Weapons\Gameplay  weapons - items\Thumbs.db"

Scanning files at "modloader\prioridade 5\"...
Found file [0x0000000287647448] "Car Speed Dependant FOV\CLEO\SA.CarSpeedDependantFOV.cs" with handler "gta3.std.asi"
Found file [0x00000204CA5FF586] "CJ House Interior\carlslounge.txd" with handler "gta3.std.stream"
Found file [0x00000204AA640513] "CJ House Interior\carlspics.txd" with handler "gta3.std.stream"
Found file [0x000002047D609B56] "CJ House Interior\carls_kit1.txd" with handler "gta3.std.stream"
Found file [0x000002041A296109] "CJ House Interior\carls_kit2.txd" with handler "gta3.std.stream"
Found file [0x000002040D8ECA23] "CJ House Interior\cj_beds.txd" with handler "gta3.std.stream"
Found file [0x000002041A790990] "CJ House Interior\cj_bed_furn.txd" with handler "gta3.std.stream"
Found file [0x000002041F25200C] "CJ House Interior\cj_games.txd" with handler "gta3.std.stream"
Found file [0x000002049D2BED8B] "CJ House Interior\cj_lighting.txd" with handler "gta3.std.stream"
Found file [0x0000020478956814] "CJ House Interior\cj_seating.txd" with handler "gta3.std.stream"
Found file [0x00000204B366BCB3] "CJ House Interior\crlsbits.txd" with handler "gta3.std.stream"
Found file [0x00000204F56F562E] "CJ House Interior\gb_books01.txd" with handler "gta3.std.stream"
Found file [0x000002049A570EEF] "CJ House Interior\gb_cleancrock01.txd" with handler "gta3.std.stream"
Found file [0x000002044232AB56] "CJ House Interior\gb_dirtycrock01.txd" with handler "gta3.std.stream"
Found file [0x00000204F3342472] "CJ House Interior\gb_foodwrap01.txd" with handler "gta3.std.stream"
Found file [0x00000204FA1A0D79] "CJ House Interior\gb_magazines01.txd" with handler "gta3.std.stream"
Found file [0x00000204C28A6DC1] "CJ House Interior\picture_frame.txd" with handler "gta3.std.stream"
Found file [0x000002041BF2D5C6] "CJ House Interior\plants_galss.txd" with handler "gta3.std.stream"
Found file [0x0000020481772751] "CJ House Interior\plants_tabletop.txd" with handler "gta3.std.stream"
Found file [0x00000204F1ADFC05] "CJ House Interior\surf_boards.txd" with handler "gta3.std.stream"
Found file [0x00000001A4E492DC] "FxsFuncs\FxsFuncs.asi" with handler "gta3.std.asi"
No handler or callme for file "FxsFuncs\FxsFuncs.ini"
No handler or callme for file "FxsFuncs\FxsFuncs.log"
Found file [0x000000023C3550FF] "NextGen Effects\CLEO\Effects Mod - missions fx.cs" with handler "gta3.std.asi"
Found file [0x0000000F81332DF3] "NextGen Effects\data\object.dat" with handler "gta3.std.data"
Found file [0x000001048DD26A77] "NextGen Effects\Map\arch_1.dff" with handler "gta3.std.stream"
Found file [0x0000010437C3E53C] "NextGen Effects\Map\arch_2.dff" with handler "gta3.std.stream"
Found file [0x000001043244E605] "NextGen Effects\Map\arch_3.dff" with handler "gta3.std.stream"
Found file [0x00000104BBDF97AE] "NextGen Effects\Map\atrex_bl_1.dff" with handler "gta3.std.stream"
Found file [0x00000104EE0CF3F5] "NextGen Effects\Map\atrex_bl_2.dff" with handler "gta3.std.stream"
Found file [0x000001042E76C32C] "NextGen Effects\Map\atrex_bl_3.dff" with handler "gta3.std.stream"
Found file [0x00000104280E0BE7] "NextGen Effects\Map\atr_bl_1.dff" with handler "gta3.std.stream"
Found file [0x000001045A2E1E6C] "NextGen Effects\Map\atr_bl_2.dff" with handler "gta3.std.stream"
Found file [0x00000104174B7835] "NextGen Effects\Map\atr_bl_3.dff" with handler "gta3.std.stream"
Found file [0x00000104389B72C1] "NextGen Effects\Map\badlnds_1.dff" with handler "gta3.std.stream"
Found file [0x000001040920B9AA] "NextGen Effects\Map\badlnds_2.dff" with handler "gta3.std.stream"
Found file [0x00000104004791FD] "NextGen Effects\Map\bistr_1.dff" with handler "gta3.std.stream"
Found file [0x00000104F143CC16] "NextGen Effects\Map\bistr_2.dff" with handler "gta3.std.stream"
Found file [0x000001043433BB0F] "NextGen Effects\Map\bistr_3.dff" with handler "gta3.std.stream"
Found file [0x00000104B21AFC00] "NextGen Effects\Map\bistr_4.dff" with handler "gta3.std.stream"
Found file [0x00000104A18A68A9] "NextGen Effects\Map\bistr_5.dff" with handler "gta3.std.stream"
Found file [0x0000010499120FD2] "NextGen Effects\Map\bld1_bhls.dff" with handler "gta3.std.stream"
Found file [0x000001043FBE2833] "NextGen Effects\Map\bld2_bhls.dff" with handler "gta3.std.stream"
Found file [0x000001047776B0CE] "NextGen Effects\Map\bnk_1.dff" with handler "gta3.std.stream"
Found file [0x00000104A9A40C15] "NextGen Effects\Map\bnk_2.dff" with handler "gta3.std.stream"
Found file [0x0000010476B436CC] "NextGen Effects\Map\bnk_3.dff" with handler "gta3.std.stream"
Found file [0x0000010467DE0131] "NextGen Effects\Map\clbnk_1.dff" with handler "gta3.std.stream"
Found file [0x000001047863AD5A] "NextGen Effects\Map\clbnk_2.dff" with handler "gta3.std.stream"
Found file [0x0000010499515543] "NextGen Effects\Map\clbnk_3.dff" with handler "gta3.std.stream"
Found file [0x0000010496B9DE44] "NextGen Effects\Map\conc_bounce1.dff" with handler "gta3.std.stream"
Found file [0x00000104D940E968] "NextGen Effects\Map\conc_bounce1x.dff" with handler "gta3.std.stream"
Found file [0x000001044EB529DF] "NextGen Effects\Map\conc_bounce2.dff" with handler "gta3.std.stream"
Found file [0x00000104FF0FA12D] "NextGen Effects\Map\conc_bounce2x.dff" with handler "gta3.std.stream"
Found file [0x00000104F81B7632] "NextGen Effects\Map\dana_bh.dff" with handler "gta3.std.stream"
Found file [0x00000104C7A98CB0] "NextGen Effects\Map\dana_bh2.dff" with handler "gta3.std.stream"
Found file [0x00000104AF88FC59] "NextGen Effects\Map\dana_bh3.dff" with handler "gta3.std.stream"
Found file [0x00000104C03FDE9F] "NextGen Effects\Map\dana_cnc1.dff" with handler "gta3.std.stream"
Found file [0x0000010405CA2A04] "NextGen Effects\Map\dana_cnc2.dff" with handler "gta3.std.stream"
Found file [0x00000104C5605ACD] "NextGen Effects\Map\dana_cnc3.dff" with handler "gta3.std.stream"
Found file [0x000001040B90781C] "NextGen Effects\Map\dr_dc1x.dff" with handler "gta3.std.stream"
Found file [0x000001042EEF9AE6] "NextGen Effects\Map\d_short.dff" with handler "gta3.std.stream"
Found file [0x000001042291AF8C] "NextGen Effects\Map\d_short2.dff" with handler "gta3.std.stream"
Found file [0x000001046B1FC4B1] "NextGen Effects\Map\d_tall.dff" with handler "gta3.std.stream"
Found file [0x000001043CF211D9] "NextGen Effects\Map\d_tall2.dff" with handler "gta3.std.stream"
Found file [0x000001047A487E0C] "NextGen Effects\Map\d_tall_t.dff" with handler "gta3.std.stream"
Found file [0x00000104306BF27A] "NextGen Effects\Map\d_tall_t2.dff" with handler "gta3.std.stream"
Found file [0x00000304DC31EEAD] "NextGen Effects\Map\effects.col" with handler "gta3.std.stream"
Found file [0x0000000C6B70FE75] "NextGen Effects\Map\effects.ide" with handler "gta3.std.data"
Found file [0x0000000D5F70EB40] "NextGen Effects\Map\effects.IPL" with handler "gta3.std.data"
Found file [0x00000204C706ECCF] "NextGen Effects\Map\effects.txd" with handler "gta3.std.stream"
Found file [0x000001042CAC8E78] "NextGen Effects\Map\endfl_1.dff" with handler "gta3.std.stream"
Found file [0x00000104B2944E93] "NextGen Effects\Map\endfl_2.dff" with handler "gta3.std.stream"
Found file [0x000001048AB47AAA] "NextGen Effects\Map\endfl_3.dff" with handler "gta3.std.stream"
Found file [0x00000104FC941991] "NextGen Effects\Map\fog_1.dff" with handler "gta3.std.stream"
Found file [0x000001040D19C5BA] "NextGen Effects\Map\fog_2.dff" with handler "gta3.std.stream"
Found file [0x00000104BD283123] "NextGen Effects\Map\fog_3.dff" with handler "gta3.std.stream"
Found file [0x00000104C5D6D53C] "NextGen Effects\Map\fog_4.dff" with handler "gta3.std.stream"
Found file [0x00000104997410D2] "NextGen Effects\Map\grey_imp1.dff" with handler "gta3.std.stream"
Found file [0x00000104EADB2BC9] "NextGen Effects\Map\grey_imp2.dff" with handler "gta3.std.stream"
Found file [0xFFFFFFFFFFFFFFFF] "NextGen Effects\Map\gtadat.txt" with handler "<none>"
Found file [0x0000010494AA44D8] "NextGen Effects\Map\jz_cn_hls1.dff" with handler "gta3.std.stream"
Found file [0x000001048B714273] "NextGen Effects\Map\jz_cn_hls2.dff" with handler "gta3.std.stream"
Found file [0x00000104C98EE3D1] "NextGen Effects\Map\jz_wd_hls.dff" with handler "gta3.std.stream"
Found file [0x00000104EC935C79] "NextGen Effects\Map\jz_wd_hls2.dff" with handler "gta3.std.stream"
Found file [0x0000010404B3ECD0] "NextGen Effects\Map\jz_wd_hls3.dff" with handler "gta3.std.stream"
Found file [0x000001042442E397] "NextGen Effects\Map\losz_1.dff" with handler "gta3.std.stream"
Found file [0x000001045AD926DC] "NextGen Effects\Map\losz_2.dff" with handler "gta3.std.stream"
Found file [0x0000010452DFBEA5] "NextGen Effects\Map\losz_3.dff" with handler "gta3.std.stream"
Found file [0x00000104A21DAA5A] "NextGen Effects\Map\losz_4.dff" with handler "gta3.std.stream"
Found file [0x00000104C30B5243] "NextGen Effects\Map\losz_5.dff" with handler "gta3.std.stream"
Found file [0x0000010444B38E28] "NextGen Effects\Map\losz_6.dff" with handler "gta3.std.stream"
Found file [0x00000104C61D6AC1] "NextGen Effects\Map\manydrums.dff" with handler "gta3.std.stream"
Found file [0x00000104228E1812] "NextGen Effects\Map\mbys_1.dff" with handler "gta3.std.stream"
Found file [0x0000010473F53309] "NextGen Effects\Map\mbys_2.dff" with handler "gta3.std.stream"
Found file [0x00000104112C21E0] "NextGen Effects\Map\mbys_3.dff" with handler "gta3.std.stream"
Found file [0x0000010466704C0D] "NextGen Effects\Map\mdgmns_1.dff" with handler "gta3.std.stream"
Found file [0x0000010456CD23E6] "NextGen Effects\Map\mdgmns_2.dff" with handler "gta3.std.stream"
Found file [0x000001045ED3D4DF] "NextGen Effects\Map\mdgmns_3.dff" with handler "gta3.std.stream"
Found file [0x00000104CDACD89B] "NextGen Effects\Map\mdgrf_1.dff" with handler "gta3.std.stream"
Found file [0x000001040F564300] "NextGen Effects\Map\mdgrf_2.dff" with handler "gta3.std.stream"
Found file [0x00000104FEC5AFA9] "NextGen Effects\Map\mdgrf_3.dff" with handler "gta3.std.stream"
Found file [0x000001048403C0C7] "NextGen Effects\Map\mit_1.dff" with handler "gta3.std.stream"
Found file [0x00000104B623D34C] "NextGen Effects\Map\mit_2.dff" with handler "gta3.std.stream"
Found file [0x00000104E913A895] "NextGen Effects\Map\mit_3.dff" with handler "gta3.std.stream"
Found file [0x00000104D6B6490F] "NextGen Effects\Map\motgls.dff" with handler "gta3.std.stream"
Found file [0x00000104E853F230] "NextGen Effects\Map\mtl_1.dff" with handler "gta3.std.stream"
Found file [0x00000104E0F7878B] "NextGen Effects\Map\mtl_2.dff" with handler "gta3.std.stream"
Found file [0x00000104B917B3A2] "NextGen Effects\Map\mtl_3.dff" with handler "gta3.std.stream"
Found file [0x000001040F7EA9AF] "NextGen Effects\Map\mtl_rf.dff" with handler "gta3.std.stream"
Found file [0x00000104EEDB69A6] "NextGen Effects\Map\mtl_sd.dff" with handler "gta3.std.stream"
Found file [0x000001046E87D7D9] "NextGen Effects\Map\outr_1.dff" with handler "gta3.std.stream"
Found file [0x00000104576C29A2] "NextGen Effects\Map\outr_2.dff" with handler "gta3.std.stream"
Found file [0x00000104F3AEC372] "NextGen Effects\Map\pierwd.dff" with handler "gta3.std.stream"
Found file [0x00000104D81A29DF] "NextGen Effects\Map\plnalrm.dff" with handler "gta3.std.stream"
Found file [0x000001042F9B5E37] "NextGen Effects\Map\plnalrm2.dff" with handler "gta3.std.stream"
Found file [0x00000104234C1418] "NextGen Effects\Map\pln_clds.dff" with handler "gta3.std.stream"
Found file [0x00000104410D90F9] "NextGen Effects\Map\pool_refl.dff" with handler "gta3.std.stream"
Found file [0x00000104422028BC] "NextGen Effects\Map\p_blowp.dff" with handler "gta3.std.stream"
Found file [0x00000104556A6B5F] "NextGen Effects\Map\vaultfx.dff" with handler "gta3.std.stream"
Found file [0x00000104AFAE1625] "NextGen Effects\Map\waves0.dff" with handler "gta3.std.stream"
Found file [0x00000104DD282E7F] "NextGen Effects\Map\waves0x.dff" with handler "gta3.std.stream"
Found file [0x00000104C2323D57] "NextGen Effects\Map\waves0x2.dff" with handler "gta3.std.stream"
Found file [0x00000104B7A77E5C] "NextGen Effects\Map\waves1.dff" with handler "gta3.std.stream"
Found file [0x0000010481113B17] "NextGen Effects\Map\waves2.dff" with handler "gta3.std.stream"
Found file [0x00000104790A8A5E] "NextGen Effects\Map\waves3.dff" with handler "gta3.std.stream"
Found file [0x00000104EE6655B1] "NextGen Effects\Map\waves4.dff" with handler "gta3.std.stream"
Found file [0x00000104A181E5A8] "NextGen Effects\Map\waves5.dff" with handler "gta3.std.stream"
Found file [0x000001041FD9A9C3] "NextGen Effects\Map\waves6.dff" with handler "gta3.std.stream"
Found file [0x00000000CB298549] "NextGen Effects\models\effects.fxp" with handler "gta3.std.fx"
Found file [0x000000003EB48530] "NextGen Effects\models\effectsPC.txd" with handler "gta3.std.fx"
Found file [0x000000007D55484D] "NextGen Effects\models\particle.txd" with handler "gta3.std.fx"
Found file [0x000000014321C33A] "Widescreen Fix by ThirteenAG\GTASA.WidescreenFix.asi" with handler "gta3.std.asi"
No handler or callme for file "Widescreen Fix by ThirteenAG\GTASA.WidescreenFix.ini"

Scanning files at "modloader\prioridade 60\"...
Found file [0x00000002683CDDBA] "Fix\Bike Flip Fix\cleo\Flip Fix (nadalao).cs" with handler "gta3.std.asi"
Found file [0x00000002CD8FD0E7] "Fix\Food Eating Fix\cleo\Food Eating Fix (Junior_Djjr).cs" with handler "gta3.std.asi"
No handler or callme for file "Fix\Food Eating Fix\cleo\Food Eating Fix.ini"
Found file [0x00000304CFDACB74] "Fix\Food Eating Fix\food models\food eating fix.col" with handler "gta3.std.stream"
Found file [0x0000000CC70356EE] "Fix\Food Eating Fix\food models\food eating fix.IDE" with handler "gta3.std.data"
Found file [0xFFFFFFFFFFFFFFFF] "Fix\Food Eating Fix\food models\food eating fix.txt" with handler "<none>"
Found file [0x0000010420F5BD95] "Fix\Food Eating Fix\food models\friedchick.dff" with handler "gta3.std.stream"
Found file [0x000002043ECEDDD9] "Fix\Food Eating Fix\food models\friedchick.txd" with handler "gta3.std.stream"
Found file [0x000001040E015CE2] "Fix\Food Eating Fix\food models\hotdogfood.dff" with handler "gta3.std.stream"
Found file [0x0000020414287502] "Fix\Food Eating Fix\food models\hotdogfood.txd" with handler "gta3.std.stream"
Found file [0x000001044CB8718E] "Fix\Food Eating Fix\food models\rustysep.dff" with handler "gta3.std.stream"
Found file [0x000002043ADF6566] "Fix\Food Eating Fix\food models\rustysep.txd" with handler "gta3.std.stream"
No handler or callme for file "Mapas\8-Tracks Random\-.png"
Found file [0x000001043BA6B045] "Mapas\8-Tracks Random\8Tracks\8bar5.dff" with handler "gta3.std.stream"
Found file [0x00000204D69C474F] "Mapas\8-Tracks Random\8Tracks\8bars.txd" with handler "gta3.std.stream"
Found file [0x000001044D8F4D63] "Mapas\8-Tracks Random\8Tracks\8road2.dff" with handler "gta3.std.stream"
Found file [0x000001043CDF4771] "Mapas\8-Tracks Random\8Tracks\8screen.dff" with handler "gta3.std.stream"
Found file [0x0000010404490910] "Mapas\8-Tracks Random\8Tracks\8screen01.dff" with handler "gta3.std.stream"
Found file [0x000001043347F8C7] "Mapas\8-Tracks Random\8Tracks\8stad.dff" with handler "gta3.std.stream"
Found file [0x000002041D6EE50B] "Mapas\8-Tracks Random\8Tracks\8stad.txd" with handler "gta3.std.stream"
Found file [0x000001042B31D597] "Mapas\8-Tracks Random\8Tracks\8track1.dff" with handler "gta3.std.stream"
Found file [0x000001048C2F2FF8] "Mapas\8-Tracks Random\8Tracks\bridge.dff" with handler "gta3.std.stream"
Found file [0x0000020496564EA8] "Mapas\8-Tracks Random\8Tracks\bridge.txd" with handler "gta3.std.stream"
Found file [0x00000104561902A1] "Mapas\8-Tracks Random\8Tracks\cockbars.dff" with handler "gta3.std.stream"
Found file [0x000002046D735EC9] "Mapas\8-Tracks Random\8Tracks\crowds.txd" with handler "gta3.std.stream"
Found file [0x0000010428956FA9] "Mapas\8-Tracks Random\8Tracks\inner.dff" with handler "gta3.std.stream"
Found file [0x00000204EB87AD82] "Mapas\8-Tracks Random\8Tracks\innertrack.txd" with handler "gta3.std.stream"
Found file [0x00000204BDC08747] "Mapas\8-Tracks Random\8Tracks\innertrak.txd" with handler "gta3.std.stream"
Found file [0x00000204D18ECBC9] "Mapas\8-Tracks Random\8Tracks\road.txd" with handler "gta3.std.stream"
Found file [0x00000304B1F36975] "Mapas\8-Tracks Random\8Tracks\stadint_2.col" with handler "gta3.std.stream"
Found file [0x00000104F44D26D8] "Mapas\8-Tracks Random\8Tracks\stands.dff" with handler "gta3.std.stream"
No handler or callme for file "Mapas\8-Tracks Random\Download 8 Track for GTA San Andreas.url"
Found file [0xFFFFFFFFFFFFFFFF] "Mapas\8-Tracks Random\Readme_EG.txt" with handler "<none>"
Found file [0xFFFFFFFFFFFFFFFF] "Mapas\8-Tracks Random\Readme_ESP.txt" with handler "<none>"
No handler or callme for file "Mapas\8-Tracks Random\SS\enb 2022_09_03 19_59_40_59.jpg"
No handler or callme for file "Mapas\8-Tracks Random\SS\enb 2022_09_03 20_02_10_22.jpg"
No handler or callme for file "Mapas\8-Tracks Random\SS\enb 2022_09_03 20_02_43_14.jpg"
No handler or callme for file "Mapas\8-Tracks Random\SS\enb 2022_09_03 20_03_04_84.jpg"
No handler or callme for file "Mapas\8-Tracks Random\SS\enb 2022_09_03 20_03_29_32.jpg"
No handler or callme for file "Mapas\8-Tracks Random\SS\enb 2022_09_03 20_03_53_60.jpg"
No handler or callme for file "Mapas\8-Tracks Random\SS\enb 2022_09_03 20_04_56_24.jpg"
No handler or callme for file "Mapas\8-Tracks Random\SS\enb 2022_09_03 20_05_29_44.jpg"
No handler or callme for file "Mapas\8-Tracks Random\SS\enb 2022_09_03 20_06_54_53.jpg"
No handler or callme for file "Mapas\Dam Extended\8c_picture_528a4db4.jpg"
Found file [0x0000000DA2149F1A] "Mapas\Dam Extended\Dam with alot addons with waterfall\countryN.ipl" with handler "gta3.std.data"
Found file [0x00000204B0252C92] "Mapas\Dam Extended\desertdam.txd" with handler "gta3.std.stream"
Found file [0x00000204B7F212F7] "Mapas\Dam Extended\des_wdam.txd" with handler "gta3.std.stream"
No handler or callme for file "Mapas\Dam Extended\Download New dam in the desert for GTA San Andreas.url"
Found file [0xFFFFFFFFFFFFFFFF] "Mapas\Dam Extended\Read me first.txt" with handler "<none>"
Found file [0xFFFFFFFFFFFFFFFF] "Mapas\Dam Extended\READ ME.txt" with handler "<none>"
No handler or callme for file "Mapas\Dam Extended\Screenshots\Light Shadows Night.png"
No handler or callme for file "Mapas\Dam Extended\Screenshots\Screenshot Day (SAMP).png"
No handler or callme for file "Mapas\Dam Extended\Screenshots\Screenshot Night.png"
No handler or callme for file "Mapas\Dam Extended\Screenshots\Screenshot pathway night 1.png"
No handler or callme for file "Mapas\Dam Extended\Screenshots\Screenshot pathway night 2.png"
No handler or callme for file "Mapas\Dam Extended\Screenshots\Screenshot pathway night 3.png"
No handler or callme for file "Mapas\Dam Extended\Screenshots\Thumbs.db"
No handler or callme for file "Mapas\Dam Extended\Thumbs.db"
Found file [0x0000000960C14AF1] "Mapas\Generic Mod\data\gta.dat" with handler "gta3.std.data"
Found file [0x0000000D07112AEB] "Mapas\Generic Mod\data\maps\generic\generic_airtrain.ipl" with handler "gta3.std.data"
Found file [0x0000000DE0AEC8D8] "Mapas\Generic Mod\data\maps\generic\generic_LA.ipl" with handler "gta3.std.data"
Found file [0x0000000D0C5F9526] "Mapas\Generic Mod\data\maps\generic\generic_SF.ipl" with handler "gta3.std.data"
No handler or callme for file "Mapas\Generic Mod\Download Props Mod by Hisui for GTA San Andreas.url"
Found file [0x00000104F3D6F49A] "Mapas\Generic Mod\models\gta3.img\ap_jumbo_01.dff" with handler "gta3.std.stream"
Found file [0xFFFFFFFFFFFFFFFF] "Mapas\Generic Mod\readme.txt" with handler "<none>"
Found file [0xFFFFFFFFFFFFFFFF] "Mapas\Handling\handling ambulan.txt" with handler "<none>"
Found file [0xFFFFFFFFFFFFFFFF] "Mapas\Handling\handling bravura.txt" with handler "<none>"
Found file [0xFFFFFFFFFFFFFFFF] "Mapas\Handling\handling buffalo.txt" with handler "<none>"
Found file [0xFFFFFFFFFFFFFFFF] "Mapas\Handling\handling hpv1000.txt" with handler "<none>"
Found file [0xFFFFFFFFFFFFFFFF] "Mapas\Handling\handling landstal.txt" with handler "<none>"
Found file [0xFFFFFFFFFFFFFFFF] "Mapas\Handling\handling peren.txt" with handler "<none>"
Found file [0xFFFFFFFFFFFFFFFF] "Mapas\Handling\handling police_la.txt" with handler "<none>"
Found file [0xFFFFFFFFFFFFFFFF] "Mapas\Handling\handling tractor.txt" with handler "<none>"
No handler or callme for file "Mapas\San Andreas Bus Station\8c_picture_528a4db4.jpg"
Found file [0x0000020469F36BEA] "Mapas\San Andreas Bus Station\break_s_sf.txd" with handler "gta3.std.stream"
No handler or callme for file "Mapas\San Andreas Bus Station\Bus Station 1.JPG"
No handler or callme for file "Mapas\San Andreas Bus Station\Bus Station 2.JPG"
No handler or callme for file "Mapas\San Andreas Bus Station\Bus Station 3.JPG"
No handler or callme for file "Mapas\San Andreas Bus Station\Download San Andreas Bus Station for GTA San Andreas.url"
Found file [0xFFFFFFFFFFFFFFFF] "Mapas\San Andreas Bus Station\leeme.txt" with handler "<none>"
Found file [0x0000000CB904BD9C] "Mapas\San Andreas Bus Station\maps\generic\dynamic.IDE" with handler "gta3.std.data"
Found file [0x0000000CDC291022] "Mapas\San Andreas Bus Station\maps\generic\dynamic2.IDE" with handler "gta3.std.data"
Found file [0x0000000C013128D7] "Mapas\San Andreas Bus Station\maps\generic\multiobj.IDE" with handler "gta3.std.data"
Found file [0x0000000C5A44AA8C] "Mapas\San Andreas Bus Station\maps\generic\procobj.ide" with handler "gta3.std.data"
Found file [0x0000000CFD1547A4] "Mapas\San Andreas Bus Station\maps\interior\propext.IDE" with handler "gta3.std.data"
Found file [0x0000000CF85095E3] "Mapas\San Andreas Bus Station\maps\leveldes\levelxre.IDE" with handler "gta3.std.data"
Found file [0x0000000CE91F351B] "Mapas\San Andreas Bus Station\maps\vegas\vegasS.IDE" with handler "gta3.std.data"
Found file [0x0000000DFD1F5496] "Mapas\San Andreas Bus Station\maps\vegas\vegasS.IPL" with handler "gta3.std.data"
Found file [0xFFFFFFFFFFFFFFFF] "Mapas\San Andreas Bus Station\readme.txt" with handler "<none>"
No handler or callme for file "Mapas\San Andreas Bus Station\Thumbs.db"
Found file [0x0000020459AFFE96] "Mapas\San Andreas Bus Station\vgsbikeschool.txd" with handler "gta3.std.stream"
Found file [0x000002041F626441] "Mapas\Toyota Showroom\billbrd01_lan2.txd" with handler "gta3.std.stream"
Found file [0x00000002E5D7917D] "Mapas\Toyota Showroom\cleo\toyotaparkedvehicles.cs" with handler "gta3.std.asi"
Found file [0x000003049E82BBC5] "Mapas\Toyota Showroom\countrye_2.col" with handler "gta3.std.stream"
Found file [0x0000000CBCB222B7] "Mapas\Toyota Showroom\data\maps\country\countryE.IDE" with handler "gta3.std.data"
Found file [0x0000000DC8B235DA] "Mapas\Toyota Showroom\data\maps\country\countryE.IPL" with handler "gta3.std.data"
No handler or callme for file "Mapas\Toyota Showroom\Download Toyota - dealer center for GTA San Andreas.url"
No handler or callme for file "Mapas\Toyota Showroom\location.PNG"
Found file [0x00000104284FC0A5] "Mapas\Toyota Showroom\ls_toyota.dff" with handler "gta3.std.stream"
Found file [0x0000020426786069] "Mapas\Toyota Showroom\ls_toyota.txd" with handler "gta3.std.stream"
Found file [0x000001045DA4F57E] "Mapas\Toyota Showroom\toyotabase.dff" with handler "gta3.std.stream"
Found file [0x000002046B7DFBD6] "Mapas\Toyota Showroom\toyotabase.txd" with handler "gta3.std.stream"
Found file [0x000002040B12FC68] "Mapas\Toyota Showroom\vgnretail3.txd" with handler "gta3.std.stream"
Found file [0x00000001D0F1254B] "Peds Extender\PedsExtender.SA.asi" with handler "gta3.std.asi"
No handler or callme for file "Peds Extender\PedsExtender.SA.log"
Found file [0x000001049DD27A93] "Restored Unused Peds\blue2.dff" with handler "gta3.std.stream"
Found file [0x000002048FF9743F] "Restored Unused Peds\blue2.txd" with handler "gta3.std.stream"
Found file [0x0000010475F2A6AA] "Restored Unused Peds\blue3.dff" with handler "gta3.std.stream"
Found file [0x000002048BCBB99A] "Restored Unused Peds\blue3.txd" with handler "gta3.std.stream"
Found file [0xFFFFFFFFFFFFFFFF] "Restored Unused Peds\data\gta.dat.txt" with handler "<none>"
Found file [0x0000000CF4DFA2C2] "Restored Unused Peds\data\maps\Restored Unused Peds.ide" with handler "gta3.std.data"
Found file [0x00000023ED966072] "Restored Unused Peds\data\pedgrp.dat" with handler "gta3.std.data"
Found file [0x0000000C3B9AC65B] "Restored Unused Peds\data\peds.ide" with handler "gta3.std.data"
Found file [0x000001042DB98AB7] "Restored Unused Peds\fam4.dff" with handler "gta3.std.stream"
Found file [0x0000020437928B7B] "Restored Unused Peds\fam4.txd" with handler "gta3.std.stream"
Found file [0x00000104233870FE] "Restored Unused Peds\fam5.dff" with handler "gta3.std.stream"
Found file [0x0000020431117756] "Restored Unused Peds\fam5.txd" with handler "gta3.std.stream"
Found file [0x000001049761D698] "Restored Unused Peds\igho.dff" with handler "gta3.std.stream"
Found file [0x00000204A188F648] "Restored Unused Peds\igho.txd" with handler "gta3.std.stream"
Found file [0x00000104C331A94D] "Restored Unused Peds\IGpro1.dff" with handler "gta3.std.stream"
Found file [0x00000204D10AAFA1] "Restored Unused Peds\IGpro1.txd" with handler "gta3.std.stream"
Found file [0x00000104FF9728F3] "Restored Unused Peds\IMYST.dff" with handler "gta3.std.stream"
Found file [0x00000204F1BFB49F] "Restored Unused Peds\IMYST.txd" with handler "gta3.std.stream"
Found file [0x00000104EBFA3C10] "Restored Unused Peds\IRFYST.dff" with handler "gta3.std.stream"
Found file [0x00000204E5D190F0] "Restored Unused Peds\IRFYST.txd" with handler "gta3.std.stream"
Found file [0x00000104148AC275] "Restored Unused Peds\IRMYST.dff" with handler "gta3.std.stream"
Found file [0x000002043263E1B9] "Restored Unused Peds\IRMYST.txd" with handler "gta3.std.stream"
Found file [0x000001048C462C45] "Restored Unused Peds\poolgy2.dff" with handler "gta3.std.stream"
Found file [0x000002048A6ECB09] "Restored Unused Peds\poolgy2.txd" with handler "gta3.std.stream"
Found file [0x00000104943E4845] "Restored Unused Peds\WMYSKAT.dff" with handler "gta3.std.stream"
Found file [0x000002049266E709] "Restored Unused Peds\WMYSKAT.txd" with handler "gta3.std.stream"
Found file [0x00000104CF314DB5] "Restored Unused Peds\WMYTX1.dff" with handler "gta3.std.stream"
Found file [0x00000204ED08DAF9] "Restored Unused Peds\WMYTX1.txd" with handler "gta3.std.stream"
Found file [0x000001049D03F26E] "Restored Unused Peds\WMYTX2.dff" with handler "gta3.std.stream"
Found file [0x000002048B2AE546] "Restored Unused Peds\WMYTX2.txd" with handler "gta3.std.stream"
Found file [0x000001044621F1BC] "Veículos\Avioes\Angry bird plane\at400.dff" with handler "gta3.std.stream"
Found file [0x0000010445C86246] "Veículos\Avioes\Aviao Barata\rustler.dff" with handler "gta3.std.stream"
Found file [0x0000020463EFA0AE] "Veículos\Avioes\Aviao Barata\rustler.txd" with handler "gta3.std.stream"
No handler or callme for file "Veículos\Avioes\Aviao Barata\Thumbs.db"
Found file [0x000001043F8C9795] "Veículos\Avioes\Aviao Moto\hunter.dff" with handler "gta3.std.stream"
Found file [0x000002045D65B7D9] "Veículos\Avioes\Aviao Moto\hunter.txd" with handler "gta3.std.stream"
No handler or callme for file "Veículos\Avioes\Aviao Moto\Thumbs.db"
Found file [0x000001048B3FE8BF] "Veículos\Avioes\Aviao Papel\dodo.dff" with handler "gta3.std.stream"
Found file [0x00000204A5672153] "Veículos\Avioes\Aviao Papel\dodo.txd" with handler "gta3.std.stream"
No handler or callme for file "Veículos\Avioes\Aviao Papel\Thumbs.db"
Found file [0x00000104ECA4A021] "Veículos\Avioes\Shark Plane\beagle.dff" with handler "gta3.std.stream"
Found file [0x00000204D27BD48D] "Veículos\Avioes\Shark Plane\beagle.txd" with handler "gta3.std.stream"
Found file [0x00000104D0E95293] "Veículos\Avioes\Xbox Controller plane\shamal.dff" with handler "gta3.std.stream"
Found file [0x00000204C3104C3F] "Veículos\Avioes\Xbox Controller plane\shamal.txd" with handler "gta3.std.stream"
Found file [0x000001044F28C222] "Veículos\Barcos\Barco Ambulancia\coastg.dff" with handler "gta3.std.stream"
Found file [0x00000204554FDB42] "Veículos\Barcos\Barco Ambulancia\coastg.txd" with handler "gta3.std.stream"
No handler or callme for file "Veículos\Barcos\Barco Ambulancia\Thumbs.db"
Found file [0x00000104710ADFBE] "Veículos\Barcos\Barco Banheira\dinghy.dff" with handler "gta3.std.stream"
Found file [0x000002047EE25316] "Veículos\Barcos\Barco Banheira\dinghy.txd" with handler "gta3.std.stream"
No handler or callme for file "Veículos\Barcos\Barco Banheira\Thumbs.db"
Found file [0x000001045ACD6EF5] "Veículos\Barcos\Barco Golfinho\speeder.dff" with handler "gta3.std.stream"
Found file [0x0000020478A68E39] "Veículos\Barcos\Barco Golfinho\speeder.txd" with handler "gta3.std.stream"
No handler or callme for file "Veículos\Barcos\Barco Golfinho\Thumbs.db"
Found file [0x0000010468544D6F] "Veículos\Barcos\Barco Navio Fantasma\marquis.dff" with handler "gta3.std.stream"
Found file [0x00000204622BA143] "Veículos\Barcos\Barco Navio Fantasma\marquis.txd" with handler "gta3.std.stream"
No handler or callme for file "Veículos\Barcos\Barco Navio Fantasma\Thumbs.db"
Found file [0x00000104710ADFBE] "Veículos\Barcos\Jaguars_raft\dinghy.dff" with handler "gta3.std.stream"
Found file [0x000002047EE25316] "Veículos\Barcos\Jaguars_raft\dinghy.txd" with handler "gta3.std.stream"
No handler or callme for file "Veículos\Barcos\Jaguars_raft\Thumbs.db"
Found file [0x00000104D4133AFB] "Veículos\Carros\Ambulance\ambulan.dff" with handler "gta3.std.stream"
Found file [0x00000204D5EC2E37] "Veículos\Carros\Ambulance\ambulan.txd" with handler "gta3.std.stream"
Found file [0x000001045C47422A] "Veículos\Carros\Barracks\barracks.dff" with handler "gta3.std.stream"
Found file [0x000002047220551A] "Veículos\Carros\Barracks\barracks.txd" with handler "gta3.std.stream"
Found file [0x00000104743357B3] "Veículos\Carros\Blade com Teto\blade.dff" with handler "gta3.std.stream"
Found file [0x00000204665A515F] "Veículos\Carros\Blade com Teto\blade.txd" with handler "gta3.std.stream"
Found file [0x00000104611B1480] "Veículos\Carros\Bola\bandito.dff" with handler "gta3.std.stream"
Found file [0x000002047B424D20] "Veículos\Carros\Bola\bandito.txd" with handler "gta3.std.stream"
No handler or callme for file "Veículos\Carros\Bola\Thumbs.db"
Found file [0x00000104EFB7B324] "Veículos\Carros\Boxville\boxburg.dff" with handler "gta3.std.stream"
Found file [0x00000204E18EFAAC] "Veículos\Carros\Boxville\boxburg.txd" with handler "gta3.std.stream"
No handler or callme for file "Veículos\Carros\Boxville\Thumbs.db"
Found file [0x0000010493D3F35A] "Veículos\Carros\Burrito Game\burrito.dff" with handler "gta3.std.stream"
Found file [0x0000020489FAF28A] "Veículos\Carros\Burrito Game\burrito.txd" with handler "gta3.std.stream"
No handler or callme for file "Veículos\Carros\Burrito Game\Thumbs.db"
Found file [0x000001047FB7D83D] "Veículos\Carros\Cabbie\cabbie.dff" with handler "gta3.std.stream"
Found file [0x000002046DE05E11] "Veículos\Carros\Cabbie\cabbie.txd" with handler "gta3.std.stream"
No handler or callme for file "Veículos\Carros\Cabbie\Thumbs.db"
Found file [0x00000104B2E2C294] "Veículos\Carros\Caddy\caddy.dff" with handler "gta3.std.stream"
Found file [0x00000204C50B81DC] "Veículos\Carros\Caddy\caddy.txd" with handler "gta3.std.stream"
Found file [0x000001043AC6D704] "Veículos\Carros\Cadeira de Rodas\sweeper.dff" with handler "gta3.std.stream"
Found file [0x000002042C9FB18C] "Veículos\Carros\Cadeira de Rodas\sweeper.txd" with handler "gta3.std.stream"
Found file [0x000001049E8CB67F] "Veículos\Carros\Cadrona\cadrona.dff" with handler "gta3.std.stream"
Found file [0x00000204B8B3EE13] "Veículos\Carros\Cadrona\cadrona.txd" with handler "gta3.std.stream"
No handler or callme for file "Veículos\Carros\Cadrona\Thumbs.db"
Found file [0x000001043CD665CB] "Veículos\Carros\Carrinho Bate Bate\mower.dff" with handler "gta3.std.stream"
Found file [0x000002041EFED887] "Veículos\Carros\Carrinho Bate Bate\mower.txd" with handler "gta3.std.stream"
No handler or callme for file "Veículos\Carros\Carrinho Bate Bate\Thumbs.db"
Found file [0x00000104162A947E] "Veículos\Carros\Carrinho Mercado\farmtr1.dff" with handler "gta3.std.stream"
Found file [0x0000020424039AD6] "Veículos\Carros\Carrinho Mercado\farmtr1.txd" with handler "gta3.std.stream"
No handler or callme for file "Veículos\Carros\Carrinho Mercado\Thumbs.db"
Found file [0x0000010489D2F32E] "Veículos\Carros\Carro Sorvete 2\rumpo.dff" with handler "gta3.std.stream"
Found file [0x0000020477FB7906] "Veículos\Carros\Carro Sorvete 2\rumpo.txd" with handler "gta3.std.stream"
No handler or callme for file "Veículos\Carros\Carro Sorvete 2\Thumbs.db"
Found file [0x0000010434802034] "Veículos\Carros\Clover\clover.dff" with handler "gta3.std.stream"
Found file [0x0000020446A74C7C] "Veículos\Carros\Clover\clover.txd" with handler "gta3.std.stream"
No handler or callme for file "Veículos\Carros\Clover\Thumbs.db"
Found file [0x000001040847116D] "Veículos\Carros\Comet Plus+\comet.dff" with handler "gta3.std.stream"
Found file [0x00000204162017C1] "Veículos\Carros\Comet Plus+\comet.txd" with handler "gta3.std.stream"
Found file [0xFFFFFFFFFFFFFFFF] "Veículos\Carros\Comet Plus+\lineas comet.txt" with handler "<none>"
No handler or callme for file "Veículos\Carros\Comet Plus+\Thumbs.db"
Found file [0x00000104D97934E8] "Veículos\Carros\Fiat 147\sabre.dff" with handler "gta3.std.stream"
Found file [0x00000204C3506F18] "Veículos\Carros\Fiat 147\sabre.txd" with handler "gta3.std.stream"
Found file [0x000001041D8EAF36] "Veículos\Carros\Freeway Plus\freeway.dff" with handler "gta3.std.stream"
Found file [0x000002041B6609DE] "Veículos\Carros\Freeway Plus\freeway.txd" with handler "gta3.std.stream"
Found file [0xFFFFFFFFFFFFFFFF] "Veículos\Carros\Freeway Plus\Lines.txt" with handler "<none>"
Found file [0x000001048F751E05] "Veículos\Carros\hermes\hermes.dff" with handler "gta3.std.stream"
Found file [0x000002048D9C2AC9] "Veículos\Carros\hermes\hermes.txd" with handler "gta3.std.stream"
No handler or callme for file "Veículos\Carros\hermes\Thumbs.db"
Found file [0x00000104D6926946] "Veículos\Carros\Hotdog\hotdog.dff" with handler "gta3.std.stream"
Found file [0x00000204F4B9A7AE] "Veículos\Carros\Hotdog\hotdog.txd" with handler "gta3.std.stream"
Found file [0x000000013D4C3499] "Veículos\Carros\Hotknife\cleo\cleo_text\hotknife.fxt" with handler "gta3.std.text"
Found file [0x00000002A79EF75B] "Veículos\Carros\Hotknife\cleo\hotknife.cs" with handler "gta3.std.asi"
Found file [0x000001042F509C77] "Veículos\Carros\Hotknife\hotknife.dff" with handler "gta3.std.stream"
Found file [0x000002043928093B] "Veículos\Carros\Hotknife\hotknife.txd" with handler "gta3.std.stream"
Found file [0xFFFFFFFFFFFFFFFF] "Veículos\Carros\Hotknife\hotknife.txt" with handler "<none>"
No handler or callme for file "Veículos\Carros\Hotknife\ImVehFt\colors\HTRD.ivfc"
Found file [0x000002049E398D2C] "Veículos\Carros\Hotknife\paintjob\hotknife1.txd" with handler "gta3.std.stream"
Found file [0x00000204F1DE6F53] "Veículos\Carros\Hotknife\paintjob\hotknife2.txd" with handler "gta3.std.stream"
Found file [0x00000204EDD7C42E] "Veículos\Carros\Hotknife\paintjob\hotknife3.txd" with handler "gta3.std.stream"
Found file [0x000002045B833555] "Veículos\Carros\Hotknife\paintjob\hotknife4.txd" with handler "gta3.std.stream"
Found file [0x0000020457A52CD0] "Veículos\Carros\Hotknife\paintjob\hotknife5.txd" with handler "gta3.std.stream"
No handler or callme for file "Veículos\Carros\Hotknife\paintjob\Thumbs.db"
No handler or callme for file "Veículos\Carros\Hotknife\Thumbs.db"
Found file [0x0000010472B76A4E] "Veículos\Carros\Huntley\huntley.dff" with handler "gta3.std.stream"
Found file [0x0000020460DFF026] "Veículos\Carros\Huntley\huntley.txd" with handler "gta3.std.stream"
No handler or callme for file "Veículos\Carros\Huntley\Thumbs.db"
Found file [0x0000010403679E5C] "Veículos\Carros\HUSTLER\hustler.dff" with handler "gta3.std.stream"
Found file [0x00000204E5901114] "Veículos\Carros\HUSTLER\hustler.txd" with handler "gta3.std.stream"
No handler or callme for file "Veículos\Carros\HUSTLER\Thumbs.db"
Found file [0x00000104FAB609FB] "Veículos\Carros\Invisible Car\uranus.dff" with handler "gta3.std.stream"
Found file [0x000001045611F6D4] "Veículos\Carros\Kibom Bike\bike.dff" with handler "gta3.std.stream"
Found file [0x000002046839221C] "Veículos\Carros\Kibom Bike\bike.txd" with handler "gta3.std.stream"
Found file [0xFFFFFFFFFFFFFFFF] "Veículos\Carros\Mesa Plus+\Lines.txt" with handler "<none>"
Found file [0x0000010489D2EE45] "Veículos\Carros\Mesa Plus+\mesa.dff" with handler "gta3.std.stream"
Found file [0x0000020487FB8D09] "Veículos\Carros\Mesa Plus+\mesa.txd" with handler "gta3.std.stream"
No handler or callme for file "Veículos\Carros\Mesa Plus+\Thumbs.db"
Found file [0x0000010459F91AEF] "Veículos\Carros\Minicooper Mr Bean\flash.dff" with handler "gta3.std.stream"
Found file [0x0000020453D06EC3] "Veículos\Carros\Minicooper Mr Bean\flash.txd" with handler "gta3.std.stream"
No handler or callme for file "Veículos\Carros\Minicooper Mr Bean\Thumbs.db"
Found file [0x000001046145C105] "Veículos\Carros\Moto Fam2\fcr900.dff" with handler "gta3.std.stream"
Found file [0x000002045F6CCDC9] "Veículos\Carros\Moto Fam2\fcr900.txd" with handler "gta3.std.stream"
No handler or callme for file "Veículos\Carros\Moto Fam2\Thumbs.db"
Found file [0x000001046587A183] "Veículos\Carros\Mr Whoopee\mrwhoop.dff" with handler "gta3.std.stream"
Found file [0x000002047760AEAF] "Veículos\Carros\Mr Whoopee\mrwhoop.txd" with handler "gta3.std.stream"
No handler or callme for file "Veículos\Carros\Mr Whoopee\Thumbs.db"
No handler or callme for file "Veículos\Carros\Nemesis strike vortex 2\Thumbs.db"
Found file [0x000001046DD85DFF] "Veículos\Carros\Nemesis strike vortex 2\vortex.dff" with handler "gta3.std.stream"
Found file [0x0000020487FF9593] "Veículos\Carros\Nemesis strike vortex 2\vortex.txd" with handler "gta3.std.stream"
Found file [0x00000104B15ACC8B] "Veículos\Carros\NRG 500 Remastered by Ezekiel\nrg500.dff" with handler "gta3.std.stream"
Found file [0x000002049381AD47] "Veículos\Carros\NRG 500 Remastered by Ezekiel\nrg500.txd" with handler "gta3.std.stream"
No handler or callme for file "Veículos\Carros\NRG 500 Remastered by Ezekiel\Thumbs.db"
Found file [0x00000104871D2D63] "Veículos\Carros\Ovo\rccam.dff" with handler "gta3.std.stream"
Found file [0x0000020498F6398F] "Veículos\Carros\Ovo\rccam.txd" with handler "gta3.std.stream"
No handler or callme for file "Veículos\Carros\Ovo\Thumbs.db"
Found file [0x00000104A900C061] "Veículos\Carros\Papelao Kart\kart.dff" with handler "gta3.std.stream"
Found file [0x000002048ED987CD] "Veículos\Carros\Papelao Kart\kart.txd" with handler "gta3.std.stream"
Found file [0xFFFFFFFFFFFFFFFF] "Veículos\Carros\PCJ600 Remastered HD\data.txt" with handler "<none>"
Found file [0x0000010403727134] "Veículos\Carros\PCJ600 Remastered HD\pcj600.dff" with handler "gta3.std.stream"
Found file [0x0000020415999D7C] "Veículos\Carros\PCJ600 Remastered HD\pcj600.txd" with handler "gta3.std.stream"
Found file [0x00000204E727A2DC] "Veículos\Carros\PCJ600 Remastered HD\pcj600_1.txd" with handler "gta3.std.stream"
Found file [0x00000204C7714C43] "Veículos\Carros\PCJ600 Remastered HD\pcj600_2.txd" with handler "gta3.std.stream"
Found file [0x00000204FBDB089E] "Veículos\Carros\PCJ600 Remastered HD\pcj600_3.txd" with handler "gta3.std.stream"
Found file [0x00000204A4714AC5] "Veículos\Carros\PCJ600 Remastered HD\pcj600_4.txd" with handler "gta3.std.stream"
Found file [0x0000020465A6DE00] "Veículos\Carros\PCJ600 Remastered HD\pcj600_5.txd" with handler "gta3.std.stream"
No handler or callme for file "Veículos\Carros\PCJ600 Remastered HD\Thumbs.db"
Found file [0x0000010471D77E4A] "Veículos\Carros\Police LV Tuner\copcarvg.dff" with handler "gta3.std.stream"
Found file [0x0000020487B0913A] "Veículos\Carros\Police LV Tuner\copcarvg.txd" with handler "gta3.std.stream"
No handler or callme for file "Veículos\Carros\Police LV Tuner\Thumbs.db"
Found file [0x0000010496BF3042] "Veículos\Carros\Quad\quad.dff" with handler "gta3.std.stream"
Found file [0x000002049CE64962] "Veículos\Carros\Quad\quad.txd" with handler "gta3.std.stream"
No handler or callme for file "Veículos\Carros\Quad\Thumbs.db"
Found file [0x000001042DA04466] "Veículos\Carros\Rancher\rancher.dff" with handler "gta3.std.stream"
Found file [0x000002044BC915CE] "Veículos\Carros\Rancher\rancher.txd" with handler "gta3.std.stream"
No handler or callme for file "Veículos\Carros\Rancher\Thumbs.db"
Found file [0x000001047C3A1110] "Veículos\Carros\RC Bandit\rcbandit.dff" with handler "gta3.std.stream"
Found file [0x00000204761165F0] "Veículos\Carros\RC Bandit\rcbandit.txd" with handler "gta3.std.stream"
No handler or callme for file "Veículos\Carros\RC Bandit\Thumbs.db"
Found file [0x000001049D6DEB7B] "Veículos\Carros\Regina CopCarLV\regina.dff" with handler "gta3.std.stream"
Found file [0x000002049F46DEB7] "Veículos\Carros\Regina CopCarLV\regina.txd" with handler "gta3.std.stream"
Found file [0x00000104D3A654A0] "Veículos\Carros\Sandking\sandking.dff" with handler "gta3.std.stream"
Found file [0x00000204EDCD8D40] "Veículos\Carros\Sandking\sandking.txd" with handler "gta3.std.stream"
No handler or callme for file "Veículos\Carros\Sandking\Thumbs.db"
Found file [0x0000010462313371] "Veículos\Carros\Sofá\tug.dff" with handler "gta3.std.stream"
Found file [0x0000020468584B9D] "Veículos\Carros\Sofá\tug.txd" with handler "gta3.std.stream"
Found file [0x000001048F6EBA89] "Veículos\Carros\Solair\solair.dff" with handler "gta3.std.stream"
Found file [0x0000020485974DC5] "Veículos\Carros\Solair\solair.txd" with handler "gta3.std.stream"
Found file [0x00000104E7D44E5F] "Veículos\Carros\Spongebob Burger\club.dff" with handler "gta3.std.stream"
Found file [0x0000020401FD19F3] "Veículos\Carros\Spongebob Burger\club.txd" with handler "gta3.std.stream"
No handler or callme for file "Veículos\Carros\Spongebob Burger\Thumbs.db"
Found file [0x00000104ACCBE057] "Veículos\Carros\stallion\stallion.dff" with handler "gta3.std.stream"
Found file [0x00000204B6A4E01B] "Veículos\Carros\stallion\stallion.txd" with handler "gta3.std.stream"
Found file [0x00000104DCF1ABD2] "Veículos\Carros\Sultan Hatch\sultan.dff" with handler "gta3.std.stream"
Found file [0x00000204C2C8E032] "Veículos\Carros\Sultan Hatch\sultan.txd" with handler "gta3.std.stream"
No handler or callme for file "Veículos\Carros\Thumbs.db"
Found file [0x000001042E9F2BC3] "Veículos\Carros\Topfun\topfun.dff" with handler "gta3.std.stream"
Found file [0x000002044076A5EF] "Veículos\Carros\Topfun\topfun.txd" with handler "gta3.std.stream"
No handler or callme for file "Veículos\Carros\Tram\Thumbs.db"
Found file [0x000001041020E11F] "Veículos\Carros\Tram\tram.dff" with handler "gta3.std.stream"
Found file [0x000002042A4819B3] "Veículos\Carros\Tram\tram.txd" with handler "gta3.std.stream"
Found file [0xFFFFFFFFFFFFFFFF] "Veículos\Carros\Wayfarer Plus+\Lines.txt" with handler "<none>"
No handler or callme for file "Veículos\Carros\Wayfarer Plus+\Thumbs.db"
Found file [0x000001047240F172] "Veículos\Carros\Wayfarer Plus+\wayfarer.dff" with handler "gta3.std.stream"
Found file [0x000002045819B8D2] "Veículos\Carros\Wayfarer Plus+\wayfarer.txd" with handler "gta3.std.stream"
Found file [0x00000104B7FA1CD1] "Veículos\Carros\ZR 350\zr350.dff" with handler "gta3.std.stream"
Found file [0x00000204BE2135FD] "Veículos\Carros\ZR 350\zr350.txd" with handler "gta3.std.stream"
Found file [0x00000104F3A4C659] "Veículos\Trem\Walter's Brown Streak\streak.dff" with handler "gta3.std.stream"
Found file [0x00000204097DD915] "Veículos\Trem\Walter's Brown Streak\streak.txd" with handler "gta3.std.stream"
Found file [0x000001045F880398] "Veículos\Trem\Walter's Brown Streak\streakc.dff" with handler "gta3.std.stream"
Found file [0x0000020469AF2348] "Veículos\Trem\Walter's Brown Streak\streakc.txd" with handler "gta3.std.stream"
Found file [0x000001049391C460] "Veículos\Trem\Walter's Freight\Freibox\freibox.dff" with handler "gta3.std.stream"
Found file [0x00000204ADB8FC00] "Veículos\Trem\Walter's Freight\Freibox\freibox.txd" with handler "gta3.std.stream"
Found file [0xFFFFFFFFFFFFFFFF] "Veículos\Trem\Walter's Freight\Freibox\line.txt" with handler "<none>"
Found file [0x00000104C4CFDD70] "Veículos\Trem\Walter's Freight\Freiflat\freiflat.dff" with handler "gta3.std.stream"
Found file [0x00000204BEA8C450] "Veículos\Trem\Walter's Freight\Freiflat\freiflat.txd" with handler "gta3.std.stream"
Found file [0x00000104194151B0] "Veículos\Trem\Walter's Freight\Freight\freight.dff" with handler "gta3.std.stream"
Found file [0x00000204131A3890] "Veículos\Trem\Walter's Freight\Freight\freight.txd" with handler "gta3.std.stream"
Found file [0x00000104EA622576] "Veículos\VEH BR\boxville.dff" with handler "gta3.std.stream"
Found file [0x00000204E83B121E] "Veículos\VEH BR\boxville.txd" with handler "gta3.std.stream"
Found file [0x00000104FC050A9D] "Veículos\VEH BR\buccanee.dff" with handler "gta3.std.stream"
Found file [0x00000204EA2BFE71] "Veículos\VEH BR\buccanee.txd" with handler "gta3.std.stream"
Found file [0x00000104E012261B] "Veículos\VEH BR\coach.dff" with handler "gta3.std.stream"
Found file [0x00000204E1EB1A57] "Veículos\VEH BR\coach.txd" with handler "gta3.std.stream"
Found file [0x0000010488301347] "Veículos\VEH BR\dozer.dff" with handler "gta3.std.stream"
Found file [0x000002047256FF8B] "Veículos\VEH BR\dozer.txd" with handler "gta3.std.stream"
Found file [0x00000104F72E1DB9] "Veículos\VEH BR\elegy.dff" with handler "gta3.std.stream"
Found file [0x000002040D073175] "Veículos\VEH BR\elegy.txd" with handler "gta3.std.stream"
Found file [0x000001040D280A9F] "Veículos\VEH BR\esperant.dff" with handler "gta3.std.stream"
Found file [0x00000204274F4333] "Veículos\VEH BR\esperant.txd" with handler "gta3.std.stream"
Found file [0x00000204AD11CC9A] "Veículos\VEH BR\fbitruck1.txd" with handler "gta3.std.stream"
Found file [0x000001041A42B026] "Veículos\VEH BR\firela.dff" with handler "gta3.std.stream"
Found file [0x000002043869EE8E] "Veículos\VEH BR\firela.txd" with handler "gta3.std.stream"
Found file [0x00000104F10E9A79] "Veículos\VEH BR\firetruk.dff" with handler "gta3.std.stream"
Found file [0x0000020406E61A35] "Veículos\VEH BR\firetruk.txd" with handler "gta3.std.stream"
Found file [0x00000104EA3C0888] "Veículos\VEH BR\forklift.dff" with handler "gta3.std.stream"
Found file [0x00000204D414D6B8] "Veículos\VEH BR\forklift.txd" with handler "gta3.std.stream"
Found file [0x000001048F751E05] "Veículos\VEH BR\hermes.dff" with handler "gta3.std.stream"
Found file [0x000002048D9C2AC9] "Veículos\VEH BR\hermes.txd" with handler "gta3.std.stream"
Found file [0x00000104D6926946] "Veículos\VEH BR\hotdog.dff" with handler "gta3.std.stream"
Found file [0x00000204F4B9A7AE] "Veículos\VEH BR\hotdog.txd" with handler "gta3.std.stream"
Found file [0x00000104976DC186] "Veículos\VEH BR\intruder.dff" with handler "gta3.std.stream"
Found file [0x00000204B59500EE] "Veículos\VEH BR\intruder.txd" with handler "gta3.std.stream"
Found file [0x00000104D76E1579] "Veículos\VEH BR\moonbeam.dff" with handler "gta3.std.stream"
Found file [0x00000204ED459535] "Veículos\VEH BR\moonbeam.txd" with handler "gta3.std.stream"
Found file [0xFFFFFFFFFFFFFFFF] "Veículos\VEH BR\moonbean.txt" with handler "<none>"
Found file [0x000001046587A183] "Veículos\VEH BR\mrwhoop.dff" with handler "gta3.std.stream"
Found file [0x000002047760AEAF] "Veículos\VEH BR\mrwhoop.txd" with handler "gta3.std.stream"
Found file [0x0000010403727134] "Veículos\VEH BR\pcj600.dff" with handler "gta3.std.stream"
Found file [0x0000020415999D7C] "Veículos\VEH BR\pcj600.txd" with handler "gta3.std.stream"
Found file [0x00000104988D9EC7] "Veículos\VEH BR\petro.dff" with handler "gta3.std.stream"
Found file [0x0000020482B48B0B] "Veículos\VEH BR\petro.txd" with handler "gta3.std.stream"
Found file [0x00000104EBD97BE1] "Veículos\VEH BR\petrotr.dff" with handler "gta3.std.stream"
Found file [0x00000204D1B2434D] "Veículos\VEH BR\petrotr.txd" with handler "gta3.std.stream"
Found file [0x00000104C04D0F0E] "Veículos\VEH BR\previon.dff" with handler "gta3.std.stream"
Found file [0x00000204AE7402E6] "Veículos\VEH BR\previon.txd" with handler "gta3.std.stream"
Found file [0x000001040DF3FD09] "Veículos\VEH BR\raindanc.dff" with handler "gta3.std.stream"
Found file [0x00000204041C9045] "Veículos\VEH BR\raindanc.txd" with handler "gta3.std.stream"
Found file [0x000001047B3C3046] "Veículos\VEH BR\sadler.dff" with handler "gta3.std.stream"
Found file [0x0000020499636EAE] "Veículos\VEH BR\sadler.txd" with handler "gta3.std.stream"
Found file [0x00000104CED55318] "Veículos\VEH BR\securica.dff" with handler "gta3.std.stream"
Found file [0x00000204D8FC72C8] "Veículos\VEH BR\securica.txd" with handler "gta3.std.stream"
No handler or callme for file "Veículos\VEH BR\Thumbs.db"
Found file [0x00000104A3416775] "Veículos\VEH BR\utility.dff" with handler "gta3.std.stream"
Found file [0x00000204C11A86B9] "Veículos\VEH BR\utility.txd" with handler "gta3.std.stream"
Found file [0x00000104E4EB1E78] "Veículos\VEH BR\walton.dff" with handler "gta3.std.stream"
Found file [0x00000204EF123D28] "Veículos\VEH BR\walton.txd" with handler "gta3.std.stream"
Found file [0x0000010483623FCA] "Veículos\VEH BR\yankee.dff" with handler "gta3.std.stream"
Found file [0x00000204993B52BA] "Veículos\VEH BR\yankee.txd" with handler "gta3.std.stream"

Scanning files at "modloader\prioridade 80\"...
Found file [0x000000029E586892] "Body Stats Fix\CLEO\Body Stat Fix In Interiors (Cleoude).cs" with handler "gta3.std.asi"
Found file [0x00000204D8391494] "Breakable Vending Machines\(HD textures)\Breakable Vending Machines\CJ_VEND_MANHUNT.txd" with handler "gta3.std.stream"
Found file [0x00000304D70709A1] "Breakable Vending Machines\Breakable Vending Machines.col" with handler "gta3.std.stream"
Found file [0x0000000C7A708F2B] "Breakable Vending Machines\Breakable Vending Machines.ide" with handler "gta3.std.data"
Found file [0x0000010463D69248] "Breakable Vending Machines\CJ_EXT_SPRUNK.dff" with handler "gta3.std.stream"
Found file [0x000001044F66855B] "Breakable Vending Machines\CJ_EXT_SPRUNK_DAM.dff" with handler "gta3.std.stream"
Found file [0x000001040507F0CD] "Breakable Vending Machines\CJ_SPRUNK1.DFF" with handler "gta3.std.stream"
Found file [0x0000010423EF7222] "Breakable Vending Machines\CJ_SPRUNK1_DAM.dff" with handler "gta3.std.stream"
Found file [0x00000204D8391494] "Breakable Vending Machines\CJ_VEND_MANHUNT.txd" with handler "gta3.std.stream"
Found file [0x000002041D6532B9] "Breakable Vending Machines\CJ_VEND_MANH_EXT.txd" with handler "gta3.std.stream"
Found file [0x00000002D39ABF08] "Breakable Vending Machines\CLEO\Breakable Vending Machines (Junior_Djjr).cs" with handler "gta3.std.asi"
Found file [0xFFFFFFFFFFFFFFFF] "Breakable Vending Machines\Loader.txt" with handler "<none>"
Found file [0x00000002B89A5518] "CJ grita em quedas com o carro\cleo\caraireact.cs" with handler "gta3.std.asi"
Found file [0x00000002E5F6F296] "Crazy Train\cleo\crazytrain.cs" with handler "gta3.std.asi"
Found file [0x000000025C79CA0D] "Enterable Hidden Interiors\CLEO\EHI Enex Tweaks (Junior_Djjr).cs" with handler "gta3.std.asi"
No handler or callme for file "Enterable Hidden Interiors\CLEO\EHI Enex Tweaks (Junior_Djjr).sc"
Found file [0x00000002AD973EA9] "Enterable Hidden Interiors\CLEO\EHI.cs" with handler "gta3.std.asi"
Found file [0xFFFFFFFFFFFFFFFF] "Enterable Hidden Interiors\data\gta dat.txt" with handler "<none>"
Found file [0x0000000D872FCC2C] "Enterable Hidden Interiors\data\maps\EHI\EHI.ipl" with handler "gta3.std.data"
Found file [0x0000000CD4AF6CE1] "Enterable Hidden Interiors\map files replace\leveldes\levelmap.ide" with handler "gta3.std.data"
Found file [0x0000020438560B4C] "Enterable Hidden Interiors\models\gta3.img\a51_detailstuff.txd" with handler "gta3.std.stream"
Found file [0x00000104E1FA5DF0] "Enterable Hidden Interiors\models\gta3.img\CJ_CUSTOM_BAR.dff" with handler "gta3.std.stream"
Found file [0x000003040F930C42] "Enterable Hidden Interiors\models\gta3.img\countn2_5.col" with handler "gta3.std.stream"
Found file [0x0000030421EF1B11] "Enterable Hidden Interiors\models\gta3.img\countrye_13.col" with handler "gta3.std.stream"
Found file [0x0000010427038580] "Enterable Hidden Interiors\models\gta3.img\des_a51infenc.dff" with handler "gta3.std.stream"
Found file [0x000002045EB008F2] "Enterable Hidden Interiors\models\gta3.img\lan2office.txd" with handler "gta3.std.stream"
Found file [0x00000304C62F7474] "Enterable Hidden Interiors\models\gta3.img\lan2_1.col" with handler "gta3.std.stream"
Found file [0x00000304328C9ACF] "Enterable Hidden Interiors\models\gta3.img\laxref.col" with handler "gta3.std.stream"
Found file [0x00000304864B4D05] "Enterable Hidden Interiors\models\gta3.img\levelmap_1.col" with handler "gta3.std.stream"
Found file [0x00000304D52BD8AC] "Enterable Hidden Interiors\models\gta3.img\sfse_12.col" with handler "gta3.std.stream"
Found file [0x000001046E34040B] "Enterable Hidden Interiors\models\gta3.img\skyscrapn203_gls.dff" with handler "gta3.std.stream"
Found file [0x0000010458E70072] "Enterable Hidden Interiors\models\gta3.img\sw_gas01.dff" with handler "gta3.std.stream"
Found file [0x00000204082DFBFD] "Enterable Hidden Interiors\models\gta3.img\vgnvrock.txd" with handler "gta3.std.stream"
Found file [0x0000010495D7E7AD] "Enterable Hidden Interiors\models\gta_int.img\ab_mafsuiteDoor.dff" with handler "gta3.std.stream"
Found file [0x00000304F37EB5E2] "Enterable Hidden Interiors\models\gta_int.img\gen_int3_1.col" with handler "gta3.std.stream"
Found file [0x0000030469C2D481] "Enterable Hidden Interiors\models\gta_int.img\gen_int4_1.col" with handler "gta3.std.stream"
Found file [0x0000030421CE2904] "Enterable Hidden Interiors\models\gta_int.img\gen_int5_1.col" with handler "gta3.std.stream"
Found file [0x0000030461EC90DF] "Enterable Hidden Interiors\models\gta_int.img\gen_int5_2.col" with handler "gta3.std.stream"
Found file [0x00000304D096F074] "Enterable Hidden Interiors\models\gta_int.img\gen_intb_2.col" with handler "gta3.std.stream"
Found file [0x000003049C5E637F] "Enterable Hidden Interiors\models\gta_int.img\int_cont_1.col" with handler "gta3.std.stream"
Found file [0x00000304A816B26D] "Enterable Hidden Interiors\models\gta_int.img\int_la_2.col" with handler "gta3.std.stream"
Found file [0x000003048B3D2A0F] "Enterable Hidden Interiors\models\gta_int.img\int_la_4.col" with handler "gta3.std.stream"
Found file [0x00000304D77C7693] "Enterable Hidden Interiors\models\gta_int.img\int_veg_1.col" with handler "gta3.std.stream"
Found file [0x0000030496721F15] "Enterable Hidden Interiors\models\gta_int.img\props.col" with handler "gta3.std.stream"
Found file [0x00000304F69727B5] "Enterable Hidden Interiors\models\gta_int.img\props2.col" with handler "gta3.std.stream"
Found file [0x00000001BE2CF4F6] "Enterable Hidden Interiors\SimpleLimitAdjuster_Enex.asi" with handler "gta3.std.asi"
Found file [0x00000001C35AD1D3] "GPS Camera\CameraGPS.asi" with handler "gta3.std.asi"
No handler or callme for file "GPS Camera\CameraGPS.ini"
No handler or callme for file "GPS Camera\CameraGPS.log"
Found file [0x0000000265891937] "Improved Jetpack Control\CLEO\Improved Jetpack Control (Junior_Djjr).cs" with handler "gta3.std.asi"
No handler or callme for file "Improved Jetpack Control\CLEO\Improved Jetpack Control.ini"
Found file [0x000000022632731F] "Mod Insetos\cleo\Insects (Junior_Djjr).cs" with handler "gta3.std.asi"
Found file [0x00000104ADD488A6] "New Algorithm for Trains\bltlm.dff" with handler "gta3.std.stream"
Found file [0x000000020A28AF27] "New Algorithm for Trains\CLEO\algorithm5.cs" with handler "gta3.std.asi"
Found file [0x0000000257D396AA] "New Algorithm for Trains\CLEO\undersized_lights.cs" with handler "gta3.std.asi"
Found file [0x000003046615147B] "New Algorithm for Trains\colltl.col" with handler "gta3.std.stream"
Found file [0x000001046113C011] "New Algorithm for Trains\grtlm.dff" with handler "gta3.std.stream"
Found file [0xFFFFFFFFFFFFFFFF] "New Algorithm for Trains\Loader.txt" with handler "<none>"
Found file [0x00000104F87762CE] "New Algorithm for Trains\rdtlm.dff" with handler "gta3.std.stream"
Found file [0x0000000CB9BC0692] "New Algorithm for Trains\tllgs.IDE" with handler "gta3.std.data"
Found file [0x0000020447C00CEB] "New Algorithm for Trains\tltxsm.txd" with handler "gta3.std.stream"
Found file [0x00000104D23B28B7] "New Algorithm for Trains\whtlm.dff" with handler "gta3.std.stream"
Found file [0x0000010466019755] "New Algorithm for Trains\yltlm.dff" with handler "gta3.std.stream"
Found file [0x0000000296ECF384] "Ped Fire Fix\CLEO\Ped Fire Fix (Junior_Djjr).cs" with handler "gta3.std.asi"
Found file [0x00000002B7C478A7] "Random Car Talk\cleo\Random Car Talk (Junior_Djjr).cs" with handler "gta3.std.asi"
No handler or callme for file "Random Car Talk\cleo\Random Car Talk.ini"
No handler or callme for file "Real Traffic Fix\RealTrafficFix.ini"
No handler or callme for file "Real Traffic Fix\RealTrafficFix.log"
Found file [0x000000017053323E] "Real Traffic Fix\RealTrafficFix.SA.asi" with handler "gta3.std.asi"
Found file [0x000000025A0AE11F] "Show Date\Cleo\show_date.cs" with handler "gta3.std.asi"
Found file [0x0000000205394A44] "Throw Rotate Fix\CLEO\Throw Rotate Fix (Junior_Djjr).cs" with handler "gta3.std.asi"
Found file [0x0000000272BFE192] "Tutorial Free Roam\CLEO\Tutorial Free Roam.cs" with handler "gta3.std.asi"
Found file [0x00000002DFE81564] "Unpause Zone Name\CLEO\Unpause Zone Name (Junior_Djjr).cs" with handler "gta3.std.asi"
Found file [0x00000001C6E9C7B2] "VehFuncs\gsx.asi" with handler "gta3.std.asi"
No handler or callme for file "VehFuncs\gsx.log"
Found file [0x0000000133AE51D4] "VehFuncs\VehFuncs.asi" with handler "gta3.std.asi"
No handler or callme for file "VehFuncs\VehFuncs.ini"
No handler or callme for file "VehFuncs\VehFuncs.log"
Found file [0x00000002CD573B51] "Weather Forecast\cleo\Weather Forecast (Junior_Djjr).cs" with handler "gta3.std.asi"
No handler or callme for file "Weather Forecast\cleo\Weather Forecast.ini"
Found file [0x000000002147DD0E] "Weather Forecast\models\txd\weafore.txd" with handler "gta3.std.sprites"
Found file [0xFFFFFFFFFFFFFFFF] "Weather Forecast\tutorial.txt" with handler "<none>"

Scanning files at "modloader\prioridade 90\"...
Found file [0x00000002367BA9F1] "Attach Vehicle\CLEO\Attach Vehicle (Junior_Djjr).cs" with handler "gta3.std.asi"
No handler or callme for file "Attach Vehicle\CLEO\Attach Vehicle.ini"
Found file [0x00000001193A0ECE] "Attach Vehicle\CLEO\cleo_text\Attach Vehicle.fxt" with handler "gta3.std.text"
Found file [0xFFFFFFFFFFFFFFFF] "Attach Vehicle\TECLA 2.txt" with handler "<none>"
Found file [0x00000001AF1D1CBE] "Collectibles on Radar\CollectiblesOnRadar.SA.asi" with handler "gta3.std.asi"
Found file [0xFFFFFFFFFFFFFFFF] "Collectibles on Radar\desativa com F12.txt" with handler "<none>"
Found file [0x000000022897ED9D] "Horn Call Homies\cleo\Horn Call Homies.cs" with handler "gta3.std.asi"
Found file [0xFFFFFFFFFFFFFFFF] "Horn Call Homies\cleo\Horn Call Homies.txt" with handler "<none>"
Found file [0x0000000265891937] "Improved Jetpack Control\CLEO\Improved Jetpack Control (Junior_Djjr).cs" with handler "gta3.std.asi"
No handler or callme for file "Improved Jetpack Control\CLEO\Improved Jetpack Control.ini"
Found file [0x000000025284DE4D] "Manual DriveBy Remake\cleo\SA.ManualDrivebyRemake.cs" with handler "gta3.std.asi"
No handler or callme for file "Manual DriveBy Remake\cleo\SA.ManualDrivebyRemake.ini"
Found file [0x000006047D12335A] "Manual DriveBy Remake\drivebys.ifp" with handler "gta3.std.stream"
Found file [0x00000002C362E809] "Parked Car Maker\cleo\Car maker parked ( Um Geek ).cs" with handler "gta3.std.asi"
Found file [0xFFFFFFFFFFFFFFFF] "Parked Car Maker\Leiame.txt" with handler "<none>"
Found file [0x000000023E02E58E] "Parking Save Garages\CLEO\grgx_park.cs" with handler "gta3.std.asi"
Found file [0xFFFFFFFFFFFFFFFF] "Parking Save Garages\data\Loader.txt" with handler "<none>"
Found file [0x00000304941C8FF4] "Parking Save Garages\data\maps\grgx_park\grgx_carpark.col" with handler "gta3.std.stream"
Found file [0x0000000C823D0918] "Parking Save Garages\data\maps\grgx_park\grgx_park.ide" with handler "gta3.std.data"
Found file [0x0000000D8E3D1C0D] "Parking Save Garages\data\maps\grgx_park\grgx_park.IPL" with handler "gta3.std.data"
Found file [0x00000001058EE524] "Parking Save Garages\grgx.asi" with handler "gta3.std.asi"
No handler or callme for file "Parking Save Garages\grgx.log"
Found file [0x000001049B15DEBE] "Parking Save Garages\gta3img\grgx_carpark.dff" with handler "gta3.std.stream"
Found file [0x00000204A8ED5216] "Parking Save Garages\gta3img\grgx_carpark.txd" with handler "gta3.std.stream"
Found file [0xFFFFFFFFFFFFFFFF] "Parking Save Garages\Leiame.txt" with handler "<none>"
Found file [0x000000024265E220] "Recruit Any Ped\cleo\Recruit Any Ped.cs" with handler "gta3.std.asi"
No handler or callme for file "Recruit Any Ped\cleo\Recruit Any Ped.ini"
Found file [0x00000002F9AC328B] "Recruit More Members\cleo\Recruit More Members.cs" with handler "gta3.std.asi"
Found file [0xFFFFFFFFFFFFFFFF] "SF Tags\Loader.txt" with handler "<none>"
Found file [0x0000000DFA0043F2] "SF Tags\SF_Tags.ipl" with handler "gta3.std.data"
Found file [0x0000010484A79B04] "Vending Machines Remastered\cj_candyvendor.dff" with handler "gta3.std.stream"
Found file [0x000002042219E001] "Vending Machines Remastered\cj_commercial.txd" with handler "gta3.std.stream"
Found file [0x00000104AAB51056] "Vending Machines Remastered\cj_ext_candy.dff" with handler "gta3.std.stream"
Found file [0x0000010463D69248] "Vending Machines Remastered\cj_ext_sprunk.dff" with handler "gta3.std.stream"
Found file [0x0000020431C7BD71] "Vending Machines Remastered\cj_ext_vend OLD.txd" with handler "gta3.std.stream"
Found file [0x000002042CC86DF2] "Vending Machines Remastered\cj_ext_vend.txd" with handler "gta3.std.stream"
Found file [0x00000204C62F62F0] "Vending Machines Remastered\cj_ext_vend2.txd" with handler "gta3.std.stream"
Found file [0x00000104696E03EE] "Vending Machines Remastered\cj_juice_can.dff" with handler "gta3.std.stream"
Found file [0x000001040507F0CD] "Vending Machines Remastered\cj_sprunk1.dff" with handler "gta3.std.stream"
Found file [0x00000204C3E76FE2] "Vending Machines Remastered\juice OLD.txd" with handler "gta3.std.stream"
Found file [0x0000020408EDDEB1] "Vending Machines Remastered\juice.txd" with handler "gta3.std.stream"
Found file [0x00000304F69727B5] "Vending Machines Remastered\props2.col" with handler "gta3.std.stream"
Found file [0x000002044E91F5CA] "Vending Machines Remastered\vend.txd" with handler "gta3.std.stream"
Found file [0x00000104B821B699] "Vending Machines Remastered\vendmach.dff" with handler "gta3.std.stream"
Found file [0x00000104A549EA43] "Vending Machines Remastered\vendmachfd.dff" with handler "gta3.std.stream"

Scanning files at "modloader\soundize\"...
No handler or callme for file "base\common.bank"
No handler or callme for file "base\common.strings.bank"
Found file [0xFFFFFFFFFFFFFFFF] "base\GUIDs.txt" with handler "<none>"
No handler or callme for file "plugins\fmod_distance_filter.dll"
No handler or callme for file "plugins\fmod_gain.dll"
No handler or callme for file "Server\fmod.dll"
No handler or callme for file "Server\fmodstudio.dll"
No handler or callme for file "Server\SoundizeServer.exe"
Found file [0x0000000164334EF6] "Soundize (Junior_Djjr).asi" with handler "gta3.std.asi"
No handler or callme for file "Soundize.ini"
No handler or callme for file "Soundize.log"
Found file [0x000002040C98F7E2] "Soundize.txd" with handler "gta3.std.stream"
No handler or callme for file "SoundizeServer.log"

Scanning files at "modloader\urbanize\"...
Found file [0x000006041BF8CEBD] "gta3img\djjr_urbanize.ifp" with handler "gta3.std.stream"
Found file [0xFFFFFFFFFFFFFFFF] "Map\Loader.txt" with handler "<none>"
Found file [0x0000000D29008D87] "Map\Urbanize - AirConds.ipl" with handler "gta3.std.data"
Found file [0x0000000D5CBE8104] "Map\Urbanize - Benches.ipl" with handler "gta3.std.data"
Found file [0x0000000DB8B6D0BE] "Map\Urbanize - Bins.ipl" with handler "gta3.std.data"
Found file [0x0000000DC2A94D19] "Map\Urbanize - Boxes.ipl" with handler "gta3.std.data"
Found file [0x0000000DAC7E03CA] "Map\Urbanize - Chairs.ipl" with handler "gta3.std.data"
Found file [0x0000000D86074BE6] "Map\Urbanize - Fences.ipl" with handler "gta3.std.data"
Found file [0x0000000D9CF6BC9B] "Map\Urbanize - Garbage.ipl" with handler "gta3.std.data"
Found file [0x0000000D08A97903] "Map\Urbanize - Lights.ipl" with handler "gta3.std.data"
Found file [0x0000000DA9228A6E] "Map\Urbanize - Mails.ipl" with handler "gta3.std.data"
Found file [0x0000000DE524C5E3] "Map\Urbanize - Roofs.ipl" with handler "gta3.std.data"
Found file [0x0000000D439BEF20] "Map\Urbanize - Street Side.ipl" with handler "gta3.std.data"
Found file [0x0000000D5E5561DC] "Map\Urbanize - Vases.ipl" with handler "gta3.std.data"
Found file [0x0000000DF2C99A17] "Map\Urbanize.ipl" with handler "gta3.std.data"
Found file [0x0000000181D679B1] "Urbanize (Junior_Djjr).asi" with handler "gta3.std.asi"
No handler or callme for file "Urbanize (lastest version) - MixMods.url"
No handler or callme for file "Urbanize (lastest version) - Patreon.url"
No handler or callme for file "Urbanize.log"
Updating gta3.std.data state...
Done updating gta3.std.data state.
Removing imported model file at index 20000
Removing imported model file at index 20001
Removing imported model file at index 20002
Removing imported model file at index 20003
Removing imported model file at index 20000
Removing imported model file at index 20001
Removing imported model file at index 384
Removing imported model file at index 385
Removing imported model file at index 386
Removing imported model file at index 387
Removing imported model file at index 388
Removing imported model file at index 385
Removing imported model file at index 386
Removing imported model file at index 300
Removing imported model file at index 301
Removing imported model file at index 302
Removing imported model file at index 303
Loading default decision maker "m_empty.ped"



Game version: GTA SA 1.0 US
Unhandled exception at 0x42480000 in gta_sa.exe: 0xC0000005: Access violation reading location 0x42480000.
    Register dump:
        EAX: 0x00863C40  EBX: 0x1935C8C8  ECX: 0x193F2EF8  EDX: 0x00000496  
        EDI: 0x1935C970  ESI: 0x193F2EF8  EBP: 0x00B9A014  EIP: 0x42480000  
        ESP: 0x0177FA7C  EFL: 0x00210202  CS: 0x00000023   SS: 0x0000002B   
        GS: 0x0000002B   FS: 0x00000053   ES: 0x0000002B   DS: 0x0000002B   
        
    Stack dump:
        0x0177FA7C:  00564073 00000000 00B7D0B8 74AD8250 00000000 00000000
        0x0177FA94:  0053C9C1 00000001 00000001 00748E70 00000001 01A0D880
        0x0177FAAC:  0177FB54 FFFFFFFF 000A5000 42821C85 03BA04F8 00000008
        0x0177FAC4:  00000100 00000008 000001FA 44700000 44070000 00000000
        0x0177FADC:  00000000 00000780 00000438 00000000 00002710 00000000
        0x0177FAF4:  00000012 00000000 00000000 02E8E2AC 000003C0 0000021C
        0x0177FB0C:  0000002C 00000000 00000001 FFFFFFFF FFFFFFFF FFFFFFFF
        0x0177FB24:  FFFFFFFF 00000000 00000000 00000780 00000438 5008E0D4
        0x0177FB3C:  00400000 00000000 01A0D880 00000001 04217F24 04217F20
        0x0177FB54:  0177FB94 5008C7A8 0177FBB4 0177FBB8 0177FBBC 0177FBC0
        base: 0x01580000   top: 0x0177FA7C   bottom: 0x01780000
        
    Backtrace (may be wrong):
        =>0x42480000 in unknown (+0x42480000) (0x0177FA78) 
          0x00564073 in gta_sa.exe (+0x164073) (0x0177FA90) 
          0x0053C9C1 in gta_sa.exe (+0x13c9c1) 
        
    


Shutting down Mod Loader...
Shutting down filesystem watcher...
Shutting down menu...
Unloading plugin "gta3.std.fx"
Unloading plugin "gta3.std.asi"
Unloading plugin "gta3.std.bank"
Unloading plugin "gta3.std.data"
Unloading plugin "gta3.std.movies"
Unloading plugin "gta3.std.scm"
Unloading plugin "gta3.std.text"
Unloading plugin "gta3.std.tracks"
Unloading plugin "gta3.std.sprites"
Unloading plugin "gta3.std.stream"
Mod Loader has been shutdown.
